{"type":"FeatureCollection","name":"northern-kyushu-elevation-3m-connected-land-candidates","metadata":{"label":"現在は陸地にある弥生期の推定水域","method":"現在DEMの標高3m以下かつ現在の海域と連続するセルから、現在海域を除いて抽出した参考試算","warning":"堆積、隆起・沈降、河道変化、干拓・埋立を補正した古海岸線復元ではありません","source":"国土地理院 標高タイル DEM10B","sourceUrl":"https://maps.gsi.go.jp/development/ichiran.html","zoom":10,"thresholdMeters":3,"generatedAt":"2026-09-10T06:16:10.214Z"},"features":[{"type":"Feature","properties":{"scenario":"reference","thresholdMeters":3},"geometry":{"type":"MultiPolygon","coordinates":[[[[130.72769165039062,34.01510358992116],[130.7373046875,34.01510358992116],[130.7373046875,34.016241889667015],[130.72769165039062,34.016241889667015],[130.72769165039062,34.01510358992116]]],[[[130.99960327148438,34.01510358992116],[131.00372314453125,34.01510358992116],[131.00372314453125,34.016241889667015],[130.99960327148438,34.016241889667015],[130.99960327148438,34.01510358992116]]],[[[131.00509643554688,34.01510358992116],[131.01882934570312,34.01510358992116],[131.01882934570312,34.016241889667015],[131.00509643554688,34.016241889667015],[131.00509643554688,34.01510358992116]]],[[[131.11083984375,34.01510358992116],[131.11358642578125,34.01510358992116],[131.11358642578125,34.016241889667015],[131.11083984375,34.016241889667015],[131.11083984375,34.01510358992116]]],[[[130.7318115234375,34.013965274912636],[130.73867797851562,34.013965274912636],[130.73867797851562,34.01510358992116],[130.7318115234375,34.01510358992116],[130.7318115234375,34.013965274912636]]],[[[130.99960327148438,34.013965274912636],[131.0174560546875,34.013965274912636],[131.0174560546875,34.01510358992116],[130.99960327148438,34.01510358992116],[130.99960327148438,34.013965274912636]]],[[[131.11221313476562,34.013965274912636],[131.11495971679688,34.013965274912636],[131.11495971679688,34.01510358992116],[131.11221313476562,34.01510358992116],[131.11221313476562,34.013965274912636]]],[[[130.72219848632812,34.01282694464167],[130.72357177734375,34.01282694464167],[130.72357177734375,34.013965274912636],[130.72219848632812,34.013965274912636],[130.72219848632812,34.01282694464167]]],[[[131.0009765625,34.01282694464167],[131.00509643554688,34.01282694464167],[131.00509643554688,34.013965274912636],[131.0009765625,34.013965274912636],[131.0009765625,34.01282694464167]]],[[[131.00784301757812,34.01282694464167],[131.01608276367188,34.01282694464167],[131.01608276367188,34.013965274912636],[131.00784301757812,34.013965274912636],[131.00784301757812,34.01282694464167]]],[[[131.00784301757812,34.01168859910852],[131.01470947265625,34.01168859910852],[131.01470947265625,34.01282694464167],[131.00784301757812,34.01282694464167],[131.00784301757812,34.01168859910852]]],[[[131.11495971679688,34.01168859910852],[131.1163330078125,34.01168859910852],[131.1163330078125,34.01282694464167],[131.11495971679688,34.01282694464167],[131.11495971679688,34.01168859910852]]],[[[130.72357177734375,34.01055023831341],[130.72494506835938,34.01055023831341],[130.72494506835938,34.01168859910852],[130.72357177734375,34.01168859910852],[130.72357177734375,34.01055023831341]]],[[[130.91583251953125,34.01055023831341],[130.91720581054688,34.01055023831341],[130.91720581054688,34.016241889667015],[130.91583251953125,34.016241889667015],[130.91583251953125,34.01055023831341]]],[[[130.99960327148438,34.01055023831341],[131.00372314453125,34.01055023831341],[131.00372314453125,34.01282694464167],[130.99960327148438,34.01282694464167],[130.99960327148438,34.01055023831341]]],[[[131.00784301757812,34.01055023831341],[131.01058959960938,34.01055023831341],[131.01058959960938,34.01168859910852],[131.00784301757812,34.01168859910852],[131.00784301757812,34.01055023831341]]],[[[131.011962890625,34.01055023831341],[131.01470947265625,34.01055023831341],[131.01470947265625,34.01168859910852],[131.011962890625,34.01168859910852],[131.011962890625,34.01055023831341]]],[[[130.73455810546875,34.0094118622566],[130.7373046875,34.0094118622566],[130.7373046875,34.013965274912636],[130.73455810546875,34.013965274912636],[130.73455810546875,34.0094118622566]]],[[[130.80596923828125,34.0094118622566],[130.80734252929688,34.0094118622566],[130.80734252929688,34.01055023831341],[130.80596923828125,34.01055023831341],[130.80596923828125,34.0094118622566]]],[[[130.81146240234375,34.0094118622566],[130.81283569335938,34.0094118622566],[130.81283569335938,34.01055023831341],[130.81146240234375,34.01055023831341],[130.81146240234375,34.0094118622566]]],[[[130.91583251953125,34.0094118622566],[130.9185791015625,34.0094118622566],[130.9185791015625,34.01055023831341],[130.91583251953125,34.01055023831341],[130.91583251953125,34.0094118622566]]],[[[130.72769165039062,34.008273470938335],[130.73043823242188,34.008273470938335],[130.73043823242188,34.0094118622566],[130.72769165039062,34.0094118622566],[130.72769165039062,34.008273470938335]]],[[[130.73318481445312,34.008273470938335],[130.73593139648438,34.008273470938335],[130.73593139648438,34.0094118622566],[130.73318481445312,34.0094118622566],[130.73318481445312,34.008273470938335]]],[[[130.99822998046875,34.008273470938335],[131.00234985351562,34.008273470938335],[131.00234985351562,34.01055023831341],[130.99822998046875,34.01055023831341],[130.99822998046875,34.008273470938335]]],[[[130.81146240234375,34.00713506435885],[130.814208984375,34.00713506435885],[130.814208984375,34.008273470938335],[130.81146240234375,34.008273470938335],[130.81146240234375,34.00713506435885]]],[[[130.99960327148438,34.00713506435885],[131.00234985351562,34.00713506435885],[131.00234985351562,34.008273470938335],[130.99960327148438,34.008273470938335],[130.99960327148438,34.00713506435885]]],[[[130.72769165039062,34.005996642518404],[130.73593139648438,34.005996642518404],[130.73593139648438,34.008273470938335],[130.72769165039062,34.008273470938335],[130.72769165039062,34.005996642518404]]],[[[130.91445922851562,34.005996642518404],[130.91995239257812,34.005996642518404],[130.91995239257812,34.0094118622566],[130.91445922851562,34.0094118622566],[130.91445922851562,34.005996642518404]]],[[[131.0009765625,34.005996642518404],[131.00234985351562,34.005996642518404],[131.00234985351562,34.00713506435885],[131.0009765625,34.00713506435885],[131.0009765625,34.005996642518404]]],[[[131.11770629882812,34.005996642518404],[131.11907958984375,34.005996642518404],[131.11907958984375,34.00713506435885],[131.11770629882812,34.00713506435885],[131.11770629882812,34.005996642518404]]],[[[130.70846557617188,34.00485820541724],[130.7098388671875,34.00485820541724],[130.7098388671875,34.005996642518404],[130.70846557617188,34.005996642518404],[130.70846557617188,34.00485820541724]]],[[[130.73318481445312,34.00485820541724],[130.73455810546875,34.00485820541724],[130.73455810546875,34.005996642518404],[130.73318481445312,34.005996642518404],[130.73318481445312,34.00485820541724]]],[[[130.9130859375,34.00485820541724],[130.9185791015625,34.00485820541724],[130.9185791015625,34.005996642518404],[130.9130859375,34.005996642518404],[130.9130859375,34.00485820541724]]],[[[130.9954833984375,34.00485820541724],[130.99822998046875,34.00485820541724],[130.99822998046875,34.005996642518404],[130.9954833984375,34.005996642518404],[130.9954833984375,34.00485820541724]]],[[[130.99960327148438,34.00485820541724],[131.00372314453125,34.00485820541724],[131.00372314453125,34.005996642518404],[130.99960327148438,34.005996642518404],[130.99960327148438,34.00485820541724]]],[[[130.71395874023438,34.0037197530556],[130.71533203125,34.0037197530556],[130.71533203125,34.00485820541724],[130.71395874023438,34.00485820541724],[130.71395874023438,34.0037197530556]]],[[[130.9130859375,34.0037197530556],[130.91445922851562,34.0037197530556],[130.91445922851562,34.00485820541724],[130.9130859375,34.00485820541724],[130.9130859375,34.0037197530556]]],[[[130.99411010742188,34.0037197530556],[131.00509643554688,34.0037197530556],[131.00509643554688,34.00485820541724],[130.99411010742188,34.00485820541724],[130.99411010742188,34.0037197530556]]],[[[131.02157592773438,34.0037197530556],[131.02432250976562,34.0037197530556],[131.02432250976562,34.00485820541724],[131.02157592773438,34.00485820541724],[131.02157592773438,34.0037197530556]]],[[[130.81008911132812,34.00258128543371],[130.81146240234375,34.00258128543371],[130.81146240234375,34.0037197530556],[130.81008911132812,34.0037197530556],[130.81008911132812,34.00258128543371]]],[[[130.91033935546875,34.00258128543371],[130.9130859375,34.00258128543371],[130.9130859375,34.0037197530556],[130.91033935546875,34.0037197530556],[130.91033935546875,34.00258128543371]]],[[[130.99411010742188,34.00258128543371],[131.0064697265625,34.00258128543371],[131.0064697265625,34.0037197530556],[130.99411010742188,34.0037197530556],[130.99411010742188,34.00258128543371]]],[[[131.02157592773438,34.00258128543371],[131.02294921875,34.00258128543371],[131.02294921875,34.0037197530556],[131.02157592773438,34.0037197530556],[131.02157592773438,34.00258128543371]]],[[[130.71258544921875,34.00144280255185],[130.71395874023438,34.00144280255185],[130.71395874023438,34.00258128543371],[130.71258544921875,34.00258128543371],[130.71258544921875,34.00144280255185]]],[[[130.814208984375,34.00144280255185],[130.81558227539062,34.00144280255185],[130.81558227539062,34.0037197530556],[130.814208984375,34.0037197530556],[130.814208984375,34.00144280255185]]],[[[130.90896606445312,34.00144280255185],[130.91033935546875,34.00144280255185],[130.91033935546875,34.00258128543371],[130.90896606445312,34.00258128543371],[130.90896606445312,34.00144280255185]]],[[[131.02020263671875,34.00144280255185],[131.02294921875,34.00144280255185],[131.02294921875,34.00258128543371],[131.02020263671875,34.00258128543371],[131.02020263671875,34.00144280255185]]],[[[130.99273681640625,34.00030430441023],[131.0064697265625,34.00030430441023],[131.0064697265625,34.00258128543371],[130.99273681640625,34.00258128543371],[130.99273681640625,34.00030430441023]]],[[[131.01882934570312,34.00030430441023],[131.02157592773438,34.00030430441023],[131.02157592773438,34.00144280255185],[131.01882934570312,34.00144280255185],[131.01882934570312,34.00030430441023]]],[[[131.12457275390625,34.00030430441023],[131.12594604492188,34.00030430441023],[131.12594604492188,34.00144280255185],[131.12457275390625,34.00144280255185],[131.12457275390625,34.00030430441023]]],[[[130.81558227539062,33.999165791009126],[130.81695556640625,33.999165791009126],[130.81695556640625,34.00144280255185],[130.81558227539062,34.00144280255185],[130.81558227539062,33.999165791009126]]],[[[130.99136352539062,33.999165791009126],[131.00509643554688,33.999165791009126],[131.00509643554688,34.00030430441023],[130.99136352539062,34.00030430441023],[130.99136352539062,33.999165791009126]]],[[[131.12594604492188,33.999165791009126],[131.1273193359375,33.999165791009126],[131.1273193359375,34.00030430441023],[131.12594604492188,34.00030430441023],[131.12594604492188,33.999165791009126]]],[[[130.99136352539062,33.998027262348764],[130.99960327148438,33.998027262348764],[130.99960327148438,33.999165791009126],[130.99136352539062,33.999165791009126],[130.99136352539062,33.998027262348764]]],[[[131.00234985351562,33.998027262348764],[131.00372314453125,33.998027262348764],[131.00372314453125,33.999165791009126],[131.00234985351562,33.999165791009126],[131.00234985351562,33.998027262348764]]],[[[131.1273193359375,33.998027262348764],[131.12869262695312,33.998027262348764],[131.12869262695312,33.999165791009126],[131.1273193359375,33.999165791009126],[131.1273193359375,33.998027262348764]]],[[[130.81695556640625,33.99688871842939],[130.81832885742188,33.99688871842939],[130.81832885742188,33.998027262348764],[130.81695556640625,33.998027262348764],[130.81695556640625,33.99688871842939]]],[[[131.01882934570312,33.99688871842939],[131.02020263671875,33.99688871842939],[131.02020263671875,34.00030430441023],[131.01882934570312,34.00030430441023],[131.01882934570312,33.99688871842939]]],[[[130.81832885742188,33.99575015925126],[130.8197021484375,33.99575015925126],[130.8197021484375,33.99688871842939],[130.81832885742188,33.99688871842939],[130.81832885742188,33.99575015925126]]],[[[130.989990234375,33.99575015925126],[130.99822998046875,33.99575015925126],[130.99822998046875,33.998027262348764],[130.989990234375,33.998027262348764],[130.989990234375,33.99575015925126]]],[[[130.99136352539062,33.994611584814606],[130.99822998046875,33.994611584814606],[130.99822998046875,33.99575015925126],[130.99136352539062,33.99575015925126],[130.99136352539062,33.994611584814606]]],[[[131.0284423828125,33.994611584814606],[131.02981567382812,33.994611584814606],[131.02981567382812,33.99575015925126],[131.0284423828125,33.99575015925126],[131.0284423828125,33.994611584814606]]],[[[131.13143920898438,33.994611584814606],[131.1328125,33.994611584814606],[131.1328125,33.99688871842939],[131.13143920898438,33.99688871842939],[131.13143920898438,33.994611584814606]]],[[[130.81283569335938,33.99347299511968],[130.814208984375,33.99347299511968],[130.814208984375,33.99575015925126],[130.81283569335938,33.99575015925126],[130.81283569335938,33.99347299511968]]],[[[130.8197021484375,33.99347299511968],[130.82107543945312,33.99347299511968],[130.82107543945312,33.99575015925126],[130.8197021484375,33.99575015925126],[130.8197021484375,33.99347299511968]]],[[[130.89385986328125,33.99347299511968],[130.89523315429688,33.99347299511968],[130.89523315429688,33.994611584814606],[130.89385986328125,33.994611584814606],[130.89385986328125,33.99347299511968]]],[[[130.99273681640625,33.99347299511968],[130.99685668945312,33.99347299511968],[130.99685668945312,33.994611584814606],[130.99273681640625,33.994611584814606],[130.99273681640625,33.99347299511968]]],[[[131.00921630859375,33.99347299511968],[131.01058959960938,33.99347299511968],[131.01058959960938,33.99575015925126],[131.00921630859375,33.99575015925126],[131.00921630859375,33.99347299511968]]],[[[130.89248657226562,33.992334390166725],[130.8966064453125,33.992334390166725],[130.8966064453125,33.99347299511968],[130.89248657226562,33.99347299511968],[130.89248657226562,33.992334390166725]]],[[[130.9075927734375,33.992334390166725],[130.91033935546875,33.992334390166725],[130.91033935546875,33.99575015925126],[130.9075927734375,33.99575015925126],[130.9075927734375,33.992334390166725]]],[[[131.00784301757812,33.992334390166725],[131.00921630859375,33.992334390166725],[131.00921630859375,33.99347299511968],[131.00784301757812,33.99347299511968],[131.00784301757812,33.992334390166725]]],[[[130.83206176757812,33.99119576995599],[130.83343505859375,33.99119576995599],[130.83343505859375,33.992334390166725],[130.83206176757812,33.992334390166725],[130.83206176757812,33.99119576995599]]],[[[130.89111328125,33.99119576995599],[130.89385986328125,33.99119576995599],[130.89385986328125,33.992334390166725],[130.89111328125,33.992334390166725],[130.89111328125,33.99119576995599]]],[[[130.89523315429688,33.99119576995599],[130.89797973632812,33.99119576995599],[130.89797973632812,33.992334390166725],[130.89523315429688,33.992334390166725],[130.89523315429688,33.99119576995599]]],[[[130.90896606445312,33.99119576995599],[130.91033935546875,33.99119576995599],[130.91033935546875,33.992334390166725],[130.90896606445312,33.992334390166725],[130.90896606445312,33.99119576995599]]],[[[130.9954833984375,33.99119576995599],[130.99685668945312,33.99119576995599],[130.99685668945312,33.99347299511968],[130.9954833984375,33.99347299511968],[130.9954833984375,33.99119576995599]]],[[[130.82107543945312,33.99005713448772],[130.82244873046875,33.99005713448772],[130.82244873046875,33.99347299511968],[130.82107543945312,33.99347299511968],[130.82107543945312,33.99005713448772]]],[[[130.88973999023438,33.99005713448772],[130.89248657226562,33.99005713448772],[130.89248657226562,33.99119576995599],[130.88973999023438,33.99119576995599],[130.88973999023438,33.99005713448772]]],[[[130.8966064453125,33.99005713448772],[130.90621948242188,33.99005713448772],[130.90621948242188,33.99119576995599],[130.8966064453125,33.99119576995599],[130.8966064453125,33.99005713448772]]],[[[130.81558227539062,33.988918483762156],[130.81695556640625,33.988918483762156],[130.81695556640625,33.99005713448772],[130.81558227539062,33.99005713448772],[130.81558227539062,33.988918483762156]]],[[[130.83206176757812,33.988918483762156],[130.83480834960938,33.988918483762156],[130.83480834960938,33.99119576995599],[130.83206176757812,33.99119576995599],[130.83206176757812,33.988918483762156]]],[[[130.88973999023438,33.988918483762156],[130.89111328125,33.988918483762156],[130.89111328125,33.99005713448772],[130.88973999023438,33.99005713448772],[130.88973999023438,33.988918483762156]]],[[[130.90347290039062,33.988918483762156],[130.90621948242188,33.988918483762156],[130.90621948242188,33.99005713448772],[130.90347290039062,33.99005713448772],[130.90347290039062,33.988918483762156]]],[[[130.81832885742188,33.98777981777954],[130.8197021484375,33.98777981777954],[130.8197021484375,33.988918483762156],[130.81832885742188,33.988918483762156],[130.81832885742188,33.98777981777954]]],[[[130.8966064453125,33.98777981777954],[130.89935302734375,33.98777981777954],[130.89935302734375,33.99005713448772],[130.8966064453125,33.99005713448772],[130.8966064453125,33.98777981777954]]],[[[130.81832885742188,33.98664113654013],[130.82107543945312,33.98664113654013],[130.82107543945312,33.98777981777954],[130.81832885742188,33.98777981777954],[130.81832885742188,33.98664113654013]]],[[[130.82244873046875,33.98664113654013],[130.82382202148438,33.98664113654013],[130.82382202148438,33.98777981777954],[130.82244873046875,33.98777981777954],[130.82244873046875,33.98664113654013]]],[[[130.88836669921875,33.98664113654013],[130.89111328125,33.98664113654013],[130.89111328125,33.988918483762156],[130.88836669921875,33.988918483762156],[130.88836669921875,33.98664113654013]]],[[[130.90896606445312,33.98664113654013],[130.91033935546875,33.98664113654013],[130.91033935546875,33.98777981777954],[130.90896606445312,33.98777981777954],[130.90896606445312,33.98664113654013]]],[[[130.99136352539062,33.98664113654013],[130.99411010742188,33.98664113654013],[130.99411010742188,33.98777981777954],[130.99136352539062,33.98777981777954],[130.99136352539062,33.98664113654013]]],[[[130.8197021484375,33.985502440044165],[130.82382202148438,33.985502440044165],[130.82382202148438,33.98664113654013],[130.8197021484375,33.98664113654013],[130.8197021484375,33.985502440044165]]],[[[130.989990234375,33.985502440044165],[130.99273681640625,33.985502440044165],[130.99273681640625,33.98664113654013],[130.989990234375,33.98664113654013],[130.989990234375,33.985502440044165]]],[[[130.79086303710938,33.98436372829188],[130.792236328125,33.98436372829188],[130.792236328125,33.985502440044165],[130.79086303710938,33.985502440044165],[130.79086303710938,33.98436372829188]]],[[[130.8197021484375,33.98436372829188],[130.82244873046875,33.98436372829188],[130.82244873046875,33.985502440044165],[130.8197021484375,33.985502440044165],[130.8197021484375,33.98436372829188]]],[[[130.98724365234375,33.98436372829188],[130.99136352539062,33.98436372829188],[130.99136352539062,33.985502440044165],[130.98724365234375,33.985502440044165],[130.98724365234375,33.98436372829188]]],[[[130.78811645507812,33.983225001283536],[130.792236328125,33.983225001283536],[130.792236328125,33.98436372829188],[130.78811645507812,33.98436372829188],[130.78811645507812,33.983225001283536]]],[[[130.88836669921875,33.983225001283536],[130.88973999023438,33.983225001283536],[130.88973999023438,33.98664113654013],[130.88836669921875,33.98664113654013],[130.88836669921875,33.983225001283536]]],[[[130.9130859375,33.982086259019376],[130.91445922851562,33.982086259019376],[130.91445922851562,33.983225001283536],[130.9130859375,33.983225001283536],[130.9130859375,33.982086259019376]]],[[[130.98312377929688,33.982086259019376],[130.98587036132812,33.982086259019376],[130.98587036132812,33.983225001283536],[130.98312377929688,33.983225001283536],[130.98312377929688,33.982086259019376]]],[[[130.8636474609375,33.98094750149963],[130.86639404296875,33.98094750149963],[130.86639404296875,33.982086259019376],[130.8636474609375,33.982086259019376],[130.8636474609375,33.98094750149963]]],[[[130.98175048828125,33.98094750149963],[130.98312377929688,33.98094750149963],[130.98312377929688,33.982086259019376],[130.98175048828125,33.982086259019376],[130.98175048828125,33.98094750149963]]],[[[130.98037719726562,33.97980872872456],[130.98175048828125,33.97980872872456],[130.98175048828125,33.98094750149963],[130.98037719726562,33.98094750149963],[130.98037719726562,33.97980872872456]]],[[[130.86776733398438,33.97866994069441],[130.869140625,33.97866994069441],[130.869140625,33.97980872872456],[130.86776733398438,33.97980872872456],[130.86776733398438,33.97866994069441]]],[[[130.91583251953125,33.97866994069441],[130.91720581054688,33.97866994069441],[130.91720581054688,33.98094750149963],[130.91583251953125,33.98094750149963],[130.91583251953125,33.97866994069441]]],[[[130.85952758789062,33.977531137409414],[130.86090087890625,33.977531137409414],[130.86090087890625,33.97866994069441],[130.85952758789062,33.97866994069441],[130.85952758789062,33.977531137409414]]],[[[130.91583251953125,33.977531137409414],[130.9185791015625,33.977531137409414],[130.9185791015625,33.97866994069441],[130.91583251953125,33.97866994069441],[130.91583251953125,33.977531137409414]]],[[[130.97900390625,33.977531137409414],[130.98037719726562,33.977531137409414],[130.98037719726562,33.97866994069441],[130.97900390625,33.97866994069441],[130.97900390625,33.977531137409414]]],[[[130.86776733398438,33.976392318869834],[130.869140625,33.976392318869834],[130.869140625,33.977531137409414],[130.86776733398438,33.977531137409414],[130.86776733398438,33.976392318869834]]],[[[130.91583251953125,33.976392318869834],[130.91720581054688,33.976392318869834],[130.91720581054688,33.977531137409414],[130.91583251953125,33.977531137409414],[130.91583251953125,33.976392318869834]]],[[[130.97763061523438,33.976392318869834],[130.97900390625,33.976392318869834],[130.97900390625,33.977531137409414],[130.97763061523438,33.977531137409414],[130.97763061523438,33.976392318869834]]],[[[130.86639404296875,33.9752534850759],[130.869140625,33.9752534850759],[130.869140625,33.976392318869834],[130.86639404296875,33.976392318869834],[130.86639404296875,33.9752534850759]]],[[[130.97488403320312,33.9752534850759],[130.97763061523438,33.9752534850759],[130.97763061523438,33.976392318869834],[130.97488403320312,33.976392318869834],[130.97488403320312,33.9752534850759]]],[[[130.86639404296875,33.97411463602787],[130.86776733398438,33.97411463602787],[130.86776733398438,33.9752534850759],[130.86639404296875,33.9752534850759],[130.86639404296875,33.97411463602787]]],[[[130.91445922851562,33.97411463602787],[130.91583251953125,33.97411463602787],[130.91583251953125,33.9752534850759],[130.91445922851562,33.9752534850759],[130.91445922851562,33.97411463602787]]],[[[130.9735107421875,33.97411463602787],[130.97488403320312,33.97411463602787],[130.97488403320312,33.9752534850759],[130.9735107421875,33.9752534850759],[130.9735107421875,33.97411463602787]]],[[[130.9130859375,33.97183689217049],[130.91445922851562,33.97183689217049],[130.91445922851562,33.97297577172598],[130.9130859375,33.97297577172598],[130.9130859375,33.97183689217049]]],[[[130.968017578125,33.97183689217049],[130.97076416015625,33.97183689217049],[130.97076416015625,33.97297577172598],[130.968017578125,33.97297577172598],[130.968017578125,33.97183689217049]]],[[[130.85128784179688,33.97069799736162],[130.85403442382812,33.97069799736162],[130.85403442382812,33.97183689217049],[130.85128784179688,33.97183689217049],[130.85128784179688,33.97069799736162]]],[[[130.968017578125,33.97069799736162],[130.96939086914062,33.97069799736162],[130.96939086914062,33.97183689217049],[130.968017578125,33.97183689217049],[130.968017578125,33.97069799736162]]],[[[130.85403442382812,33.96955908729964],[130.85678100585938,33.96955908729964],[130.85678100585938,33.97069799736162],[130.85403442382812,33.97069799736162],[130.85403442382812,33.96955908729964]]],[[[130.85952758789062,33.96955908729964],[130.86090087890625,33.96955908729964],[130.86090087890625,33.97069799736162],[130.85952758789062,33.97069799736162],[130.85952758789062,33.96955908729964]]],[[[130.86639404296875,33.96955908729964],[130.86776733398438,33.96955908729964],[130.86776733398438,33.97069799736162],[130.86639404296875,33.97069799736162],[130.86639404296875,33.96955908729964]]],[[[130.96664428710938,33.96955908729964],[130.968017578125,33.96955908729964],[130.968017578125,33.97069799736162],[130.96664428710938,33.97069799736162],[130.96664428710938,33.96955908729964]]],[[[131.0009765625,33.96955908729964],[131.00372314453125,33.96955908729964],[131.00372314453125,33.97069799736162],[131.0009765625,33.97069799736162],[131.0009765625,33.96955908729964]]],[[[130.84716796875,33.96842016198478],[130.84991455078125,33.96842016198478],[130.84991455078125,33.97069799736162],[130.84716796875,33.97069799736162],[130.84716796875,33.96842016198478]]],[[[130.85403442382812,33.96842016198478],[130.85540771484375,33.96842016198478],[130.85540771484375,33.96955908729964],[130.85403442382812,33.96955908729964],[130.85403442382812,33.96842016198478]]],[[[130.91171264648438,33.96842016198478],[130.9130859375,33.96842016198478],[130.9130859375,33.97069799736162],[130.91171264648438,33.97069799736162],[130.91171264648438,33.96842016198478]]],[[[130.96389770507812,33.96842016198478],[130.96527099609375,33.96842016198478],[130.96527099609375,33.96955908729964],[130.96389770507812,33.96955908729964],[130.96389770507812,33.96842016198478]]],[[[130.99960327148438,33.96842016198478],[131.00784301757812,33.96842016198478],[131.00784301757812,33.96955908729964],[130.99960327148438,33.96955908729964],[130.99960327148438,33.96842016198478]]],[[[130.84442138671875,33.9672812214173],[130.84854125976562,33.9672812214173],[130.84854125976562,33.96842016198478],[130.84442138671875,33.96842016198478],[130.84442138671875,33.9672812214173]]],[[[130.85678100585938,33.9672812214173],[130.858154296875,33.9672812214173],[130.858154296875,33.96842016198478],[130.85678100585938,33.96842016198478],[130.85678100585938,33.9672812214173]]],[[[130.86090087890625,33.9672812214173],[130.86227416992188,33.9672812214173],[130.86227416992188,33.96842016198478],[130.86090087890625,33.96842016198478],[130.86090087890625,33.9672812214173]]],[[[130.99822998046875,33.9672812214173],[131.00921630859375,33.9672812214173],[131.00921630859375,33.96842016198478],[130.99822998046875,33.96842016198478],[130.99822998046875,33.9672812214173]]],[[[130.99685668945312,33.96614226559744],[131.00921630859375,33.96614226559744],[131.00921630859375,33.9672812214173],[130.99685668945312,33.9672812214173],[130.99685668945312,33.96614226559744]]],[[[130.85128784179688,33.96500329452544],[130.8526611328125,33.96500329452544],[130.8526611328125,33.9672812214173],[130.85128784179688,33.9672812214173],[130.85128784179688,33.96500329452544]]],[[[130.85678100585938,33.96500329452544],[130.858154296875,33.96500329452544],[130.858154296875,33.96614226559744],[130.85678100585938,33.96614226559744],[130.85678100585938,33.96500329452544]]],[[[130.85952758789062,33.96500329452544],[130.86227416992188,33.96500329452544],[130.86227416992188,33.9672812214173],[130.85952758789062,33.9672812214173],[130.85952758789062,33.96500329452544]]],[[[130.95703125,33.96500329452544],[130.95840454101562,33.96500329452544],[130.95840454101562,33.96614226559744],[130.95703125,33.96614226559744],[130.95703125,33.96500329452544]]],[[[130.9954833984375,33.96500329452544],[131.00784301757812,33.96500329452544],[131.00784301757812,33.96614226559744],[130.9954833984375,33.96614226559744],[130.9954833984375,33.96500329452544]]],[[[131.00921630859375,33.96500329452544],[131.01333618164062,33.96500329452544],[131.01333618164062,33.96614226559744],[131.00921630859375,33.96614226559744],[131.00921630859375,33.96500329452544]]],[[[130.85403442382812,33.96386430820155],[130.85540771484375,33.96386430820155],[130.85540771484375,33.96614226559744],[130.85403442382812,33.96614226559744],[130.85403442382812,33.96386430820155]]],[[[130.91171264648438,33.96386430820155],[130.9130859375,33.96386430820155],[130.9130859375,33.96614226559744],[130.91171264648438,33.96614226559744],[130.91171264648438,33.96386430820155]]],[[[130.99411010742188,33.96386430820155],[130.99685668945312,33.96386430820155],[130.99685668945312,33.96500329452544],[130.99411010742188,33.96500329452544],[130.99411010742188,33.96386430820155]]],[[[130.99822998046875,33.96386430820155],[131.00234985351562,33.96386430820155],[131.00234985351562,33.96500329452544],[130.99822998046875,33.96500329452544],[130.99822998046875,33.96386430820155]]],[[[131.00509643554688,33.96386430820155],[131.0064697265625,33.96386430820155],[131.0064697265625,33.96500329452544],[131.00509643554688,33.96500329452544],[131.00509643554688,33.96386430820155]]],[[[131.00784301757812,33.96386430820155],[131.01608276367188,33.96386430820155],[131.01608276367188,33.96500329452544],[131.00784301757812,33.96500329452544],[131.00784301757812,33.96386430820155]]],[[[130.85403442382812,33.96272530662602],[130.85678100585938,33.96272530662602],[130.85678100585938,33.96386430820155],[130.85403442382812,33.96386430820155],[130.85403442382812,33.96272530662602]]],[[[130.95565795898438,33.96272530662602],[130.95703125,33.96272530662602],[130.95703125,33.96386430820155],[130.95565795898438,33.96386430820155],[130.95565795898438,33.96272530662602]]],[[[130.99273681640625,33.96272530662602],[130.9954833984375,33.96272530662602],[130.9954833984375,33.96386430820155],[130.99273681640625,33.96386430820155],[130.99273681640625,33.96272530662602]]],[[[130.99960327148438,33.96272530662602],[131.00509643554688,33.96272530662602],[131.00509643554688,33.96386430820155],[130.99960327148438,33.96386430820155],[130.99960327148438,33.96272530662602]]],[[[131.0064697265625,33.96272530662602],[131.01058959960938,33.96272530662602],[131.01058959960938,33.96386430820155],[131.0064697265625,33.96386430820155],[131.0064697265625,33.96272530662602]]],[[[131.01333618164062,33.96272530662602],[131.02020263671875,33.96272530662602],[131.02020263671875,33.96386430820155],[131.01333618164062,33.96386430820155],[131.01333618164062,33.96272530662602]]],[[[130.95428466796875,33.96158628979909],[130.95565795898438,33.96158628979909],[130.95565795898438,33.96272530662602],[130.95428466796875,33.96272530662602],[130.95428466796875,33.96158628979909]]],[[[130.96115112304688,33.96158628979909],[130.9625244140625,33.96158628979909],[130.9625244140625,33.96272530662602],[130.96115112304688,33.96272530662602],[130.96115112304688,33.96158628979909]]],[[[130.98861694335938,33.96158628979909],[130.9954833984375,33.96158628979909],[130.9954833984375,33.96272530662602],[130.98861694335938,33.96272530662602],[130.98861694335938,33.96158628979909]]],[[[130.99960327148438,33.96158628979909],[131.00234985351562,33.96158628979909],[131.00234985351562,33.96272530662602],[130.99960327148438,33.96272530662602],[130.99960327148438,33.96158628979909]]],[[[131.00509643554688,33.96158628979909],[131.00921630859375,33.96158628979909],[131.00921630859375,33.96272530662602],[131.00509643554688,33.96272530662602],[131.00509643554688,33.96158628979909]]],[[[131.01608276367188,33.96158628979909],[131.02020263671875,33.96158628979909],[131.02020263671875,33.96272530662602],[131.01608276367188,33.96272530662602],[131.01608276367188,33.96158628979909]]],[[[130.91033935546875,33.96044725772101],[130.91171264648438,33.96044725772101],[130.91171264648438,33.96272530662602],[130.91033935546875,33.96272530662602],[130.91033935546875,33.96044725772101]]],[[[130.95291137695312,33.96044725772101],[130.95428466796875,33.96044725772101],[130.95428466796875,33.96158628979909],[130.95291137695312,33.96158628979909],[130.95291137695312,33.96044725772101]]],[[[130.96527099609375,33.96044725772101],[130.96664428710938,33.96044725772101],[130.96664428710938,33.96158628979909],[130.96527099609375,33.96158628979909],[130.96527099609375,33.96044725772101]]],[[[130.97213745117188,33.96044725772101],[130.9735107421875,33.96044725772101],[130.9735107421875,33.96158628979909],[130.97213745117188,33.96158628979909],[130.97213745117188,33.96044725772101]]],[[[130.98312377929688,33.96044725772101],[130.99273681640625,33.96044725772101],[130.99273681640625,33.96158628979909],[130.98312377929688,33.96158628979909],[130.98312377929688,33.96044725772101]]],[[[131.0174560546875,33.96044725772101],[131.02020263671875,33.96044725772101],[131.02020263671875,33.96158628979909],[131.0174560546875,33.96158628979909],[131.0174560546875,33.96044725772101]]],[[[130.95016479492188,33.95930821039202],[130.95291137695312,33.95930821039202],[130.95291137695312,33.96044725772101],[130.95016479492188,33.96044725772101],[130.95016479492188,33.95930821039202]]],[[[130.97213745117188,33.95930821039202],[130.98312377929688,33.95930821039202],[130.98312377929688,33.96044725772101],[130.97213745117188,33.96044725772101],[130.97213745117188,33.95930821039202]]],[[[130.98724365234375,33.95930821039202],[130.99136352539062,33.95930821039202],[130.99136352539062,33.96044725772101],[130.98724365234375,33.96044725772101],[130.98724365234375,33.95930821039202]]],[[[131.01470947265625,33.95930821039202],[131.02157592773438,33.95930821039202],[131.02157592773438,33.96044725772101],[131.01470947265625,33.96044725772101],[131.01470947265625,33.95930821039202]]],[[[130.9075927734375,33.958169147812356],[130.90896606445312,33.958169147812356],[130.90896606445312,33.95930821039202],[130.9075927734375,33.95930821039202],[130.9075927734375,33.958169147812356]]],[[[130.94879150390625,33.958169147812356],[130.9515380859375,33.958169147812356],[130.9515380859375,33.95930821039202],[130.94879150390625,33.95930821039202],[130.94879150390625,33.958169147812356]]],[[[130.9735107421875,33.958169147812356],[130.97763061523438,33.958169147812356],[130.97763061523438,33.95930821039202],[130.9735107421875,33.95930821039202],[130.9735107421875,33.958169147812356]]],[[[130.9844970703125,33.958169147812356],[130.99136352539062,33.958169147812356],[130.99136352539062,33.95930821039202],[130.9844970703125,33.95930821039202],[130.9844970703125,33.958169147812356]]],[[[131.02020263671875,33.958169147812356],[131.02157592773438,33.958169147812356],[131.02157592773438,33.95930821039202],[131.02020263671875,33.95930821039202],[131.02020263671875,33.958169147812356]]],[[[130.94741821289062,33.9570300699823],[130.95016479492188,33.9570300699823],[130.95016479492188,33.958169147812356],[130.94741821289062,33.958169147812356],[130.94741821289062,33.9570300699823]]],[[[130.97488403320312,33.9570300699823],[130.97763061523438,33.9570300699823],[130.97763061523438,33.958169147812356],[130.97488403320312,33.958169147812356],[130.97488403320312,33.9570300699823]]],[[[130.98587036132812,33.9570300699823],[130.989990234375,33.9570300699823],[130.989990234375,33.958169147812356],[130.98587036132812,33.958169147812356],[130.98587036132812,33.9570300699823]]],[[[131.01333618164062,33.9570300699823],[131.01608276367188,33.9570300699823],[131.01608276367188,33.95930821039202],[131.01333618164062,33.95930821039202],[131.01333618164062,33.9570300699823]]],[[[130.76889038085938,33.95589097690207],[130.770263671875,33.95589097690207],[130.770263671875,33.9570300699823],[130.76889038085938,33.9570300699823],[130.76889038085938,33.95589097690207]]],[[[130.90621948242188,33.95589097690207],[130.9075927734375,33.95589097690207],[130.9075927734375,33.9570300699823],[130.90621948242188,33.9570300699823],[130.90621948242188,33.95589097690207]]],[[[130.94192504882812,33.95589097690207],[130.94879150390625,33.95589097690207],[130.94879150390625,33.9570300699823],[130.94192504882812,33.9570300699823],[130.94192504882812,33.95589097690207]]],[[[130.96115112304688,33.95589097690207],[130.96389770507812,33.95589097690207],[130.96389770507812,33.9570300699823],[130.96115112304688,33.9570300699823],[130.96115112304688,33.95589097690207]]],[[[131.02294921875,33.95589097690207],[131.02432250976562,33.95589097690207],[131.02432250976562,33.9570300699823],[131.02294921875,33.9570300699823],[131.02294921875,33.95589097690207]]],[[[130.7647705078125,33.95475186857191],[130.770263671875,33.95475186857191],[130.770263671875,33.95589097690207],[130.7647705078125,33.95589097690207],[130.7647705078125,33.95475186857191]]],[[[130.87600708007812,33.95475186857191],[130.87875366210938,33.95475186857191],[130.87875366210938,33.95589097690207],[130.87600708007812,33.95589097690207],[130.87600708007812,33.95475186857191]]],[[[130.9405517578125,33.95475186857191],[130.94329833984375,33.95475186857191],[130.94329833984375,33.95589097690207],[130.9405517578125,33.95589097690207],[130.9405517578125,33.95475186857191]]],[[[130.94467163085938,33.95475186857191],[130.946044921875,33.95475186857191],[130.946044921875,33.95589097690207],[130.94467163085938,33.95589097690207],[130.94467163085938,33.95475186857191]]],[[[130.76202392578125,33.95361274499208],[130.76614379882812,33.95361274499208],[130.76614379882812,33.95475186857191],[130.76202392578125,33.95475186857191],[130.76202392578125,33.95361274499208]]],[[[130.77438354492188,33.95361274499208],[130.77850341796875,33.95361274499208],[130.77850341796875,33.95475186857191],[130.77438354492188,33.95475186857191],[130.77438354492188,33.95361274499208]]],[[[130.9405517578125,33.95361274499208],[130.94467163085938,33.95361274499208],[130.94467163085938,33.95475186857191],[130.9405517578125,33.95475186857191],[130.9405517578125,33.95361274499208]]],[[[131.02157592773438,33.95361274499208],[131.02294921875,33.95361274499208],[131.02294921875,33.95475186857191],[131.02157592773438,33.95475186857191],[131.02157592773438,33.95361274499208]]],[[[130.75927734375,33.952473606162826],[130.76339721679688,33.952473606162826],[130.76339721679688,33.95361274499208],[130.75927734375,33.95361274499208],[130.75927734375,33.952473606162826]]],[[[130.77713012695312,33.952473606162826],[130.77987670898438,33.952473606162826],[130.77987670898438,33.95361274499208],[130.77713012695312,33.95361274499208],[130.77713012695312,33.952473606162826]]],[[[130.8746337890625,33.952473606162826],[130.87738037109375,33.952473606162826],[130.87738037109375,33.95475186857191],[130.8746337890625,33.95475186857191],[130.8746337890625,33.952473606162826]]],[[[130.87875366210938,33.952473606162826],[130.880126953125,33.952473606162826],[130.880126953125,33.95361274499208],[130.87875366210938,33.95361274499208],[130.87875366210938,33.952473606162826]]],[[[130.88150024414062,33.952473606162826],[130.88424682617188,33.952473606162826],[130.88424682617188,33.95361274499208],[130.88150024414062,33.95361274499208],[130.88150024414062,33.952473606162826]]],[[[130.90621948242188,33.952473606162826],[130.90896606445312,33.952473606162826],[130.90896606445312,33.95361274499208],[130.90621948242188,33.95361274499208],[130.90621948242188,33.952473606162826]]],[[[130.91445922851562,33.952473606162826],[130.92132568359375,33.952473606162826],[130.92132568359375,33.95361274499208],[130.91445922851562,33.95361274499208],[130.91445922851562,33.952473606162826]]],[[[130.9405517578125,33.952473606162826],[130.94329833984375,33.952473606162826],[130.94329833984375,33.95361274499208],[130.9405517578125,33.95361274499208],[130.9405517578125,33.952473606162826]]],[[[130.96115112304688,33.952473606162826],[130.96527099609375,33.952473606162826],[130.96527099609375,33.95475186857191],[130.96115112304688,33.95475186857191],[130.96115112304688,33.952473606162826]]],[[[130.87875366210938,33.951334452084375],[130.8856201171875,33.951334452084375],[130.8856201171875,33.952473606162826],[130.87875366210938,33.952473606162826],[130.87875366210938,33.951334452084375]]],[[[130.902099609375,33.951334452084375],[130.90347290039062,33.951334452084375],[130.90347290039062,33.952473606162826],[130.902099609375,33.952473606162826],[130.902099609375,33.951334452084375]]],[[[130.91583251953125,33.951334452084375],[130.91720581054688,33.951334452084375],[130.91720581054688,33.952473606162826],[130.91583251953125,33.952473606162826],[130.91583251953125,33.951334452084375]]],[[[130.9185791015625,33.951334452084375],[130.92132568359375,33.951334452084375],[130.92132568359375,33.952473606162826],[130.9185791015625,33.952473606162826],[130.9185791015625,33.951334452084375]]],[[[130.93231201171875,33.951334452084375],[130.93505859375,33.951334452084375],[130.93505859375,33.952473606162826],[130.93231201171875,33.952473606162826],[130.93231201171875,33.951334452084375]]],[[[130.93917846679688,33.951334452084375],[130.94192504882812,33.951334452084375],[130.94192504882812,33.952473606162826],[130.93917846679688,33.952473606162826],[130.93917846679688,33.951334452084375]]],[[[130.96115112304688,33.951334452084375],[130.96664428710938,33.951334452084375],[130.96664428710938,33.952473606162826],[130.96115112304688,33.952473606162826],[130.96115112304688,33.951334452084375]]],[[[131.01882934570312,33.951334452084375],[131.02020263671875,33.951334452084375],[131.02020263671875,33.95361274499208],[131.01882934570312,33.95361274499208],[131.01882934570312,33.951334452084375]]],[[[130.87188720703125,33.950195282756994],[130.87600708007812,33.950195282756994],[130.87600708007812,33.952473606162826],[130.87188720703125,33.952473606162826],[130.87188720703125,33.950195282756994]]],[[[130.87738037109375,33.950195282756994],[130.880126953125,33.950195282756994],[130.880126953125,33.951334452084375],[130.87738037109375,33.951334452084375],[130.87738037109375,33.950195282756994]]],[[[130.88150024414062,33.950195282756994],[130.88287353515625,33.950195282756994],[130.88287353515625,33.951334452084375],[130.88150024414062,33.951334452084375],[130.88150024414062,33.950195282756994]]],[[[130.88424682617188,33.950195282756994],[130.88836669921875,33.950195282756994],[130.88836669921875,33.951334452084375],[130.88424682617188,33.951334452084375],[130.88424682617188,33.950195282756994]]],[[[130.90072631835938,33.950195282756994],[130.902099609375,33.950195282756994],[130.902099609375,33.951334452084375],[130.90072631835938,33.951334452084375],[130.90072631835938,33.950195282756994]]],[[[130.9075927734375,33.950195282756994],[130.90896606445312,33.950195282756994],[130.90896606445312,33.951334452084375],[130.9075927734375,33.951334452084375],[130.9075927734375,33.950195282756994]]],[[[130.91583251953125,33.950195282756994],[130.9185791015625,33.950195282756994],[130.9185791015625,33.951334452084375],[130.91583251953125,33.951334452084375],[130.91583251953125,33.950195282756994]]],[[[130.91995239257812,33.950195282756994],[130.92269897460938,33.950195282756994],[130.92269897460938,33.951334452084375],[130.91995239257812,33.951334452084375],[130.91995239257812,33.950195282756994]]],[[[130.92819213867188,33.950195282756994],[130.9405517578125,33.950195282756994],[130.9405517578125,33.951334452084375],[130.92819213867188,33.951334452084375],[130.92819213867188,33.950195282756994]]],[[[130.96115112304688,33.950195282756994],[130.96527099609375,33.950195282756994],[130.96527099609375,33.951334452084375],[130.96115112304688,33.951334452084375],[130.96115112304688,33.950195282756994]]],[[[131.0174560546875,33.950195282756994],[131.01882934570312,33.950195282756994],[131.01882934570312,33.951334452084375],[131.0174560546875,33.951334452084375],[131.0174560546875,33.950195282756994]]],[[[130.75927734375,33.94905609818093],[130.76065063476562,33.94905609818093],[130.76065063476562,33.952473606162826],[130.75927734375,33.952473606162826],[130.75927734375,33.94905609818093]]],[[[130.80734252929688,33.94905609818093],[130.81008911132812,33.94905609818093],[130.81008911132812,33.950195282756994],[130.80734252929688,33.950195282756994],[130.80734252929688,33.94905609818093]]],[[[130.82794189453125,33.94905609818093],[130.83343505859375,33.94905609818093],[130.83343505859375,33.950195282756994],[130.82794189453125,33.950195282756994],[130.82794189453125,33.94905609818093]]],[[[130.87188720703125,33.94905609818093],[130.87326049804688,33.94905609818093],[130.87326049804688,33.950195282756994],[130.87188720703125,33.950195282756994],[130.87188720703125,33.94905609818093]]],[[[130.87600708007812,33.94905609818093],[130.88287353515625,33.94905609818093],[130.88287353515625,33.950195282756994],[130.87600708007812,33.950195282756994],[130.87600708007812,33.94905609818093]]],[[[130.88699340820312,33.94905609818093],[130.88836669921875,33.94905609818093],[130.88836669921875,33.950195282756994],[130.88699340820312,33.950195282756994],[130.88699340820312,33.94905609818093]]],[[[130.9185791015625,33.94905609818093],[130.92269897460938,33.94905609818093],[130.92269897460938,33.950195282756994],[130.9185791015625,33.950195282756994],[130.9185791015625,33.94905609818093]]],[[[130.92544555664062,33.94905609818093],[130.93917846679688,33.94905609818093],[130.93917846679688,33.950195282756994],[130.92544555664062,33.950195282756994],[130.92544555664062,33.94905609818093]]],[[[130.96115112304688,33.94905609818093],[130.96389770507812,33.94905609818093],[130.96389770507812,33.950195282756994],[130.96115112304688,33.950195282756994],[130.96115112304688,33.94905609818093]]],[[[131.0174560546875,33.94905609818093],[131.02020263671875,33.94905609818093],[131.02020263671875,33.950195282756994],[131.0174560546875,33.950195282756994],[131.0174560546875,33.94905609818093]]],[[[130.80459594726562,33.947916898356404],[130.81008911132812,33.947916898356404],[130.81008911132812,33.94905609818093],[130.80459594726562,33.94905609818093],[130.80459594726562,33.947916898356404]]],[[[130.8251953125,33.947916898356404],[130.83480834960938,33.947916898356404],[130.83480834960938,33.94905609818093],[130.8251953125,33.94905609818093],[130.8251953125,33.947916898356404]]],[[[130.87188720703125,33.947916898356404],[130.8746337890625,33.947916898356404],[130.8746337890625,33.94905609818093],[130.87188720703125,33.94905609818093],[130.87188720703125,33.947916898356404]]],[[[130.87600708007812,33.947916898356404],[130.88150024414062,33.947916898356404],[130.88150024414062,33.94905609818093],[130.87600708007812,33.94905609818093],[130.87600708007812,33.947916898356404]]],[[[130.88699340820312,33.947916898356404],[130.88973999023438,33.947916898356404],[130.88973999023438,33.94905609818093],[130.88699340820312,33.94905609818093],[130.88699340820312,33.947916898356404]]],[[[130.91583251953125,33.947916898356404],[130.91720581054688,33.947916898356404],[130.91720581054688,33.94905609818093],[130.91583251953125,33.94905609818093],[130.91583251953125,33.947916898356404]]],[[[130.9185791015625,33.947916898356404],[130.93231201171875,33.947916898356404],[130.93231201171875,33.94905609818093],[130.9185791015625,33.94905609818093],[130.9185791015625,33.947916898356404]]],[[[130.93368530273438,33.947916898356404],[130.93780517578125,33.947916898356404],[130.93780517578125,33.94905609818093],[130.93368530273438,33.94905609818093],[130.93368530273438,33.947916898356404]]],[[[130.7647705078125,33.94677768328369],[130.770263671875,33.94677768328369],[130.770263671875,33.947916898356404],[130.7647705078125,33.947916898356404],[130.7647705078125,33.94677768328369]]],[[[130.80184936523438,33.94677768328369],[130.81283569335938,33.94677768328369],[130.81283569335938,33.947916898356404],[130.80184936523438,33.947916898356404],[130.80184936523438,33.94677768328369]]],[[[130.82244873046875,33.94677768328369],[130.836181640625,33.94677768328369],[130.836181640625,33.947916898356404],[130.82244873046875,33.947916898356404],[130.82244873046875,33.94677768328369]]],[[[130.87600708007812,33.94677768328369],[130.87738037109375,33.94677768328369],[130.87738037109375,33.947916898356404],[130.87600708007812,33.947916898356404],[130.87600708007812,33.94677768328369]]],[[[130.88973999023438,33.94677768328369],[130.89248657226562,33.94677768328369],[130.89248657226562,33.947916898356404],[130.88973999023438,33.947916898356404],[130.88973999023438,33.94677768328369]]],[[[130.91583251953125,33.94677768328369],[130.93231201171875,33.94677768328369],[130.93231201171875,33.947916898356404],[130.91583251953125,33.947916898356404],[130.91583251953125,33.94677768328369]]],[[[130.93368530273438,33.94677768328369],[130.93505859375,33.94677768328369],[130.93505859375,33.947916898356404],[130.93368530273438,33.947916898356404],[130.93368530273438,33.94677768328369]]],[[[130.96115112304688,33.94677768328369],[130.96527099609375,33.94677768328369],[130.96527099609375,33.94905609818093],[130.96115112304688,33.94905609818093],[130.96115112304688,33.94677768328369]]],[[[130.7537841796875,33.94563845296302],[130.770263671875,33.94563845296302],[130.770263671875,33.94677768328369],[130.7537841796875,33.94677768328369],[130.7537841796875,33.94563845296302]]],[[[130.8197021484375,33.94563845296302],[130.83892822265625,33.94563845296302],[130.83892822265625,33.94677768328369],[130.8197021484375,33.94677768328369],[130.8197021484375,33.94563845296302]]],[[[130.87326049804688,33.94563845296302],[130.8746337890625,33.94563845296302],[130.8746337890625,33.94677768328369],[130.87326049804688,33.94677768328369],[130.87326049804688,33.94563845296302]]],[[[130.89111328125,33.94563845296302],[130.89385986328125,33.94563845296302],[130.89385986328125,33.94677768328369],[130.89111328125,33.94677768328369],[130.89111328125,33.94563845296302]]],[[[130.89797973632812,33.94563845296302],[130.90072631835938,33.94563845296302],[130.90072631835938,33.94677768328369],[130.89797973632812,33.94677768328369],[130.89797973632812,33.94563845296302]]],[[[130.9130859375,33.94563845296302],[130.92544555664062,33.94563845296302],[130.92544555664062,33.94677768328369],[130.9130859375,33.94677768328369],[130.9130859375,33.94563845296302]]],[[[130.95977783203125,33.94563845296302],[130.96527099609375,33.94563845296302],[130.96527099609375,33.94677768328369],[130.95977783203125,33.94677768328369],[130.95977783203125,33.94563845296302]]],[[[130.77713012695312,33.944499207394635],[130.814208984375,33.944499207394635],[130.814208984375,33.94677768328369],[130.77713012695312,33.94677768328369],[130.77713012695312,33.944499207394635]]],[[[130.81695556640625,33.944499207394635],[130.84030151367188,33.944499207394635],[130.84030151367188,33.94563845296302],[130.81695556640625,33.94563845296302],[130.81695556640625,33.944499207394635]]],[[[130.89111328125,33.944499207394635],[130.90072631835938,33.944499207394635],[130.90072631835938,33.94563845296302],[130.89111328125,33.94563845296302],[130.89111328125,33.944499207394635]]],[[[130.9130859375,33.944499207394635],[130.92819213867188,33.944499207394635],[130.92819213867188,33.94563845296302],[130.9130859375,33.94563845296302],[130.9130859375,33.944499207394635]]],[[[130.95428466796875,33.944499207394635],[130.96115112304688,33.944499207394635],[130.96115112304688,33.94563845296302],[130.95428466796875,33.94563845296302],[130.95428466796875,33.944499207394635]]],[[[130.77713012695312,33.94335994657881],[130.8416748046875,33.94335994657881],[130.8416748046875,33.944499207394635],[130.77713012695312,33.944499207394635],[130.77713012695312,33.94335994657881]]],[[[130.89385986328125,33.94335994657881],[130.8966064453125,33.94335994657881],[130.8966064453125,33.944499207394635],[130.89385986328125,33.944499207394635],[130.89385986328125,33.94335994657881]]],[[[130.91171264648438,33.94335994657881],[130.91720581054688,33.94335994657881],[130.91720581054688,33.944499207394635],[130.91171264648438,33.944499207394635],[130.91171264648438,33.94335994657881]]],[[[130.91995239257812,33.94335994657881],[130.92819213867188,33.94335994657881],[130.92819213867188,33.944499207394635],[130.91995239257812,33.944499207394635],[130.91995239257812,33.94335994657881]]],[[[130.95291137695312,33.94335994657881],[130.95977783203125,33.94335994657881],[130.95977783203125,33.944499207394635],[130.95291137695312,33.944499207394635],[130.95291137695312,33.94335994657881]]],[[[130.75241088867188,33.94222067051575],[130.770263671875,33.94222067051575],[130.770263671875,33.94563845296302],[130.75241088867188,33.94563845296302],[130.75241088867188,33.94222067051575]]],[[[130.77713012695312,33.94222067051575],[130.84304809570312,33.94222067051575],[130.84304809570312,33.94335994657881],[130.77713012695312,33.94335994657881],[130.77713012695312,33.94222067051575]]],[[[130.91171264648438,33.94222067051575],[130.91995239257812,33.94222067051575],[130.91995239257812,33.94335994657881],[130.91171264648438,33.94335994657881],[130.91171264648438,33.94222067051575]]],[[[130.92132568359375,33.94222067051575],[130.92544555664062,33.94222067051575],[130.92544555664062,33.94335994657881],[130.92132568359375,33.94335994657881],[130.92132568359375,33.94222067051575]]],[[[130.95291137695312,33.94222067051575],[130.95703125,33.94222067051575],[130.95703125,33.94335994657881],[130.95291137695312,33.94335994657881],[130.95291137695312,33.94222067051575]]],[[[131.02157592773438,33.94222067051575],[131.02294921875,33.94222067051575],[131.02294921875,33.947916898356404],[131.02157592773438,33.947916898356404],[131.02157592773438,33.94222067051575]]],[[[130.75790405273438,33.94108137920574],[130.770263671875,33.94108137920574],[130.770263671875,33.94222067051575],[130.75790405273438,33.94222067051575],[130.75790405273438,33.94108137920574]]],[[[130.77713012695312,33.94108137920574],[130.84442138671875,33.94108137920574],[130.84442138671875,33.94222067051575],[130.77713012695312,33.94222067051575],[130.77713012695312,33.94108137920574]]],[[[130.880126953125,33.94108137920574],[130.88287353515625,33.94108137920574],[130.88287353515625,33.94222067051575],[130.880126953125,33.94222067051575],[130.880126953125,33.94108137920574]]],[[[130.9515380859375,33.94108137920574],[130.95565795898438,33.94108137920574],[130.95565795898438,33.94222067051575],[130.9515380859375,33.94222067051575],[130.9515380859375,33.94108137920574]]],[[[131.00921630859375,33.94108137920574],[131.01882934570312,33.94108137920574],[131.01882934570312,33.94222067051575],[131.00921630859375,33.94222067051575],[131.00921630859375,33.94108137920574]]],[[[131.02020263671875,33.94108137920574],[131.02157592773438,33.94108137920574],[131.02157592773438,33.94222067051575],[131.02020263671875,33.94222067051575],[131.02020263671875,33.94108137920574]]],[[[130.70022583007812,33.93994207264901],[130.70159912109375,33.93994207264901],[130.70159912109375,33.94108137920574],[130.70022583007812,33.94108137920574],[130.70022583007812,33.93994207264901]]],[[[130.75790405273438,33.93994207264901],[130.76889038085938,33.93994207264901],[130.76889038085938,33.94108137920574],[130.75790405273438,33.94108137920574],[130.75790405273438,33.93994207264901]]],[[[130.77713012695312,33.93994207264901],[130.84579467773438,33.93994207264901],[130.84579467773438,33.94108137920574],[130.77713012695312,33.94108137920574],[130.77713012695312,33.93994207264901]]],[[[130.88150024414062,33.93994207264901],[130.88287353515625,33.93994207264901],[130.88287353515625,33.94108137920574],[130.88150024414062,33.94108137920574],[130.88150024414062,33.93994207264901]]],[[[130.89111328125,33.93994207264901],[130.89385986328125,33.93994207264901],[130.89385986328125,33.94108137920574],[130.89111328125,33.94108137920574],[130.89111328125,33.93994207264901]]],[[[130.94879150390625,33.93994207264901],[130.95291137695312,33.93994207264901],[130.95291137695312,33.94108137920574],[130.94879150390625,33.94108137920574],[130.94879150390625,33.93994207264901]]],[[[130.71121215820312,33.93880275084579],[130.71258544921875,33.93880275084579],[130.71258544921875,33.93994207264901],[130.71121215820312,33.93994207264901],[130.71121215820312,33.93880275084579]]],[[[130.71395874023438,33.93880275084579],[130.71533203125,33.93880275084579],[130.71533203125,33.93994207264901],[130.71395874023438,33.93994207264901],[130.71395874023438,33.93880275084579]]],[[[130.71670532226562,33.93880275084579],[130.71807861328125,33.93880275084579],[130.71807861328125,33.93994207264901],[130.71670532226562,33.93994207264901],[130.71670532226562,33.93880275084579]]],[[[130.73867797851562,33.93880275084579],[130.748291015625,33.93880275084579],[130.748291015625,33.93994207264901],[130.73867797851562,33.93994207264901],[130.73867797851562,33.93880275084579]]],[[[130.75241088867188,33.93880275084579],[130.75515747070312,33.93880275084579],[130.75515747070312,33.94222067051575],[130.75241088867188,33.94222067051575],[130.75241088867188,33.93880275084579]]],[[[130.75790405273438,33.93880275084579],[130.76614379882812,33.93880275084579],[130.76614379882812,33.93994207264901],[130.75790405273438,33.93994207264901],[130.75790405273438,33.93880275084579]]],[[[130.78399658203125,33.93880275084579],[130.84579467773438,33.93880275084579],[130.84579467773438,33.93994207264901],[130.78399658203125,33.93994207264901],[130.78399658203125,33.93880275084579]]],[[[130.88973999023438,33.93880275084579],[130.8966064453125,33.93880275084579],[130.8966064453125,33.93994207264901],[130.88973999023438,33.93994207264901],[130.88973999023438,33.93880275084579]]],[[[130.9130859375,33.93880275084579],[130.9295654296875,33.93880275084579],[130.9295654296875,33.94222067051575],[130.9130859375,33.94222067051575],[130.9130859375,33.93880275084579]]],[[[130.946044921875,33.93880275084579],[130.95016479492188,33.93880275084579],[130.95016479492188,33.93994207264901],[130.946044921875,33.93994207264901],[130.946044921875,33.93880275084579]]],[[[130.693359375,33.93766341379635],[130.69610595703125,33.93766341379635],[130.69610595703125,33.93880275084579],[130.693359375,33.93880275084579],[130.693359375,33.93766341379635]]],[[[130.70846557617188,33.93766341379635],[130.71121215820312,33.93766341379635],[130.71121215820312,33.93880275084579],[130.70846557617188,33.93880275084579],[130.70846557617188,33.93766341379635]]],[[[130.71533203125,33.93766341379635],[130.71807861328125,33.93766341379635],[130.71807861328125,33.93880275084579],[130.71533203125,33.93880275084579],[130.71533203125,33.93766341379635]]],[[[130.78399658203125,33.93766341379635],[130.84442138671875,33.93766341379635],[130.84442138671875,33.93880275084579],[130.78399658203125,33.93880275084579],[130.78399658203125,33.93766341379635]]],[[[130.88699340820312,33.93766341379635],[130.8966064453125,33.93766341379635],[130.8966064453125,33.93880275084579],[130.88699340820312,33.93880275084579],[130.88699340820312,33.93766341379635]]],[[[130.91445922851562,33.93766341379635],[130.9295654296875,33.93766341379635],[130.9295654296875,33.93880275084579],[130.91445922851562,33.93880275084579],[130.91445922851562,33.93766341379635]]],[[[130.94467163085938,33.93766341379635],[130.94741821289062,33.93766341379635],[130.94741821289062,33.93880275084579],[130.94467163085938,33.93880275084579],[130.94467163085938,33.93766341379635]]],[[[130.68099975585938,33.93652406150093],[130.682373046875,33.93652406150093],[130.682373046875,33.93766341379635],[130.68099975585938,33.93766341379635],[130.68099975585938,33.93652406150093]]],[[[130.68374633789062,33.93652406150093],[130.68511962890625,33.93652406150093],[130.68511962890625,33.93766341379635],[130.68374633789062,33.93766341379635],[130.68374633789062,33.93652406150093]]],[[[130.71807861328125,33.93652406150093],[130.71945190429688,33.93652406150093],[130.71945190429688,33.93766341379635],[130.71807861328125,33.93766341379635],[130.71807861328125,33.93652406150093]]],[[[130.73867797851562,33.93652406150093],[130.74005126953125,33.93652406150093],[130.74005126953125,33.93880275084579],[130.73867797851562,33.93880275084579],[130.73867797851562,33.93652406150093]]],[[[130.78399658203125,33.93652406150093],[130.8416748046875,33.93652406150093],[130.8416748046875,33.93766341379635],[130.78399658203125,33.93766341379635],[130.78399658203125,33.93652406150093]]],[[[130.88836669921875,33.93652406150093],[130.89797973632812,33.93652406150093],[130.89797973632812,33.93766341379635],[130.88836669921875,33.93766341379635],[130.88836669921875,33.93652406150093]]],[[[130.91720581054688,33.93652406150093],[130.92544555664062,33.93652406150093],[130.92544555664062,33.93766341379635],[130.91720581054688,33.93766341379635],[130.91720581054688,33.93652406150093]]],[[[130.94467163085938,33.93652406150093],[130.946044921875,33.93652406150093],[130.946044921875,33.93766341379635],[130.94467163085938,33.93766341379635],[130.94467163085938,33.93652406150093]]],[[[131.00921630859375,33.93652406150093],[131.01058959960938,33.93652406150093],[131.01058959960938,33.94108137920574],[131.00921630859375,33.94108137920574],[131.00921630859375,33.93652406150093]]],[[[130.68511962890625,33.93538469395977],[130.6878662109375,33.93538469395977],[130.6878662109375,33.93652406150093],[130.68511962890625,33.93652406150093],[130.68511962890625,33.93538469395977]]],[[[130.69198608398438,33.93538469395977],[130.693359375,33.93538469395977],[130.693359375,33.93766341379635],[130.69198608398438,33.93766341379635],[130.69198608398438,33.93538469395977]]],[[[130.7208251953125,33.93538469395977],[130.72219848632812,33.93538469395977],[130.72219848632812,33.93652406150093],[130.7208251953125,33.93652406150093],[130.7208251953125,33.93538469395977]]],[[[130.72769165039062,33.93538469395977],[130.72906494140625,33.93538469395977],[130.72906494140625,33.93652406150093],[130.72769165039062,33.93652406150093],[130.72769165039062,33.93538469395977]]],[[[130.78399658203125,33.93538469395977],[130.83755493164062,33.93538469395977],[130.83755493164062,33.93652406150093],[130.78399658203125,33.93652406150093],[130.78399658203125,33.93538469395977]]],[[[130.9185791015625,33.93538469395977],[130.924072265625,33.93538469395977],[130.924072265625,33.93652406150093],[130.9185791015625,33.93652406150093],[130.9185791015625,33.93538469395977]]],[[[130.92819213867188,33.93538469395977],[130.93093872070312,33.93538469395977],[130.93093872070312,33.93652406150093],[130.92819213867188,33.93652406150093],[130.92819213867188,33.93538469395977]]],[[[130.94329833984375,33.93538469395977],[130.946044921875,33.93538469395977],[130.946044921875,33.93652406150093],[130.94329833984375,33.93652406150093],[130.94329833984375,33.93538469395977]]],[[[130.72357177734375,33.93424531117313],[130.726318359375,33.93424531117313],[130.726318359375,33.93538469395977],[130.72357177734375,33.93538469395977],[130.72357177734375,33.93424531117313]]],[[[130.72906494140625,33.93424531117313],[130.73043823242188,33.93424531117313],[130.73043823242188,33.93538469395977],[130.72906494140625,33.93538469395977],[130.72906494140625,33.93424531117313]]],[[[130.75790405273438,33.93424531117313],[130.76065063476562,33.93424531117313],[130.76065063476562,33.93880275084579],[130.75790405273438,33.93880275084579],[130.75790405273438,33.93424531117313]]],[[[130.78399658203125,33.93424531117313],[130.83480834960938,33.93424531117313],[130.83480834960938,33.93538469395977],[130.78399658203125,33.93538469395977],[130.78399658203125,33.93424531117313]]],[[[130.94329833984375,33.93424531117313],[130.94467163085938,33.93424531117313],[130.94467163085938,33.93538469395977],[130.94329833984375,33.93538469395977],[130.94329833984375,33.93424531117313]]],[[[131.00784301757812,33.93424531117313],[131.00921630859375,33.93424531117313],[131.00921630859375,33.93652406150093],[131.00784301757812,33.93652406150093],[131.00784301757812,33.93424531117313]]],[[[130.68099975585938,33.93310591314125],[130.682373046875,33.93310591314125],[130.682373046875,33.93424531117313],[130.68099975585938,33.93424531117313],[130.68099975585938,33.93310591314125]]],[[[130.72906494140625,33.93310591314125],[130.7318115234375,33.93310591314125],[130.7318115234375,33.93424531117313],[130.72906494140625,33.93424531117313],[130.72906494140625,33.93310591314125]]],[[[130.75241088867188,33.93310591314125],[130.75515747070312,33.93310591314125],[130.75515747070312,33.93766341379635],[130.75241088867188,33.93766341379635],[130.75241088867188,33.93310591314125]]],[[[130.75790405273438,33.93310591314125],[130.76889038085938,33.93310591314125],[130.76889038085938,33.93424531117313],[130.75790405273438,33.93424531117313],[130.75790405273438,33.93310591314125]]],[[[130.77713012695312,33.93310591314125],[130.78948974609375,33.93310591314125],[130.78948974609375,33.93424531117313],[130.77713012695312,33.93424531117313],[130.77713012695312,33.93310591314125]]],[[[130.79086303710938,33.93310591314125],[130.83206176757812,33.93310591314125],[130.83206176757812,33.93424531117313],[130.79086303710938,33.93424531117313],[130.79086303710938,33.93310591314125]]],[[[130.89523315429688,33.93310591314125],[130.89797973632812,33.93310591314125],[130.89797973632812,33.93652406150093],[130.89523315429688,33.93652406150093],[130.89523315429688,33.93310591314125]]],[[[130.92269897460938,33.93310591314125],[130.92544555664062,33.93310591314125],[130.92544555664062,33.93538469395977],[130.92269897460938,33.93538469395977],[130.92269897460938,33.93310591314125]]],[[[130.92819213867188,33.93310591314125],[130.9295654296875,33.93310591314125],[130.9295654296875,33.93538469395977],[130.92819213867188,33.93538469395977],[130.92819213867188,33.93310591314125]]],[[[130.93093872070312,33.93310591314125],[130.93231201171875,33.93310591314125],[130.93231201171875,33.93538469395977],[130.93093872070312,33.93538469395977],[130.93093872070312,33.93310591314125]]],[[[130.94192504882812,33.93310591314125],[130.94467163085938,33.93310591314125],[130.94467163085938,33.93424531117313],[130.94192504882812,33.93424531117313],[130.94192504882812,33.93310591314125]]],[[[130.72769165039062,33.93196649986436],[130.73318481445312,33.93196649986436],[130.73318481445312,33.93310591314125],[130.72769165039062,33.93310591314125],[130.72769165039062,33.93196649986436]]],[[[130.73867797851562,33.93196649986436],[130.74005126953125,33.93196649986436],[130.74005126953125,33.93538469395977],[130.73867797851562,33.93538469395977],[130.73867797851562,33.93196649986436]]],[[[130.748291015625,33.93196649986436],[130.74966430664062,33.93196649986436],[130.74966430664062,33.93310591314125],[130.748291015625,33.93310591314125],[130.748291015625,33.93196649986436]]],[[[130.75103759765625,33.93196649986436],[130.75515747070312,33.93196649986436],[130.75515747070312,33.93310591314125],[130.75103759765625,33.93310591314125],[130.75103759765625,33.93196649986436]]],[[[130.75927734375,33.93196649986436],[130.76889038085938,33.93196649986436],[130.76889038085938,33.93310591314125],[130.75927734375,33.93310591314125],[130.75927734375,33.93196649986436]]],[[[130.7757568359375,33.93196649986436],[130.80322265625,33.93196649986436],[130.80322265625,33.93310591314125],[130.7757568359375,33.93310591314125],[130.7757568359375,33.93196649986436]]],[[[130.80459594726562,33.93196649986436],[130.814208984375,33.93196649986436],[130.814208984375,33.93310591314125],[130.80459594726562,33.93310591314125],[130.80459594726562,33.93196649986436]]],[[[130.81558227539062,33.93196649986436],[130.82931518554688,33.93196649986436],[130.82931518554688,33.93310591314125],[130.81558227539062,33.93310591314125],[130.81558227539062,33.93196649986436]]],[[[130.89248657226562,33.93196649986436],[130.89797973632812,33.93196649986436],[130.89797973632812,33.93310591314125],[130.89248657226562,33.93310591314125],[130.89248657226562,33.93196649986436]]],[[[130.92269897460938,33.93196649986436],[130.92681884765625,33.93196649986436],[130.92681884765625,33.93310591314125],[130.92269897460938,33.93310591314125],[130.92269897460938,33.93196649986436]]],[[[131.00921630859375,33.93196649986436],[131.01058959960938,33.93196649986436],[131.01058959960938,33.93424531117313],[131.00921630859375,33.93424531117313],[131.00921630859375,33.93196649986436]]],[[[130.726318359375,33.930827071342726],[130.7318115234375,33.930827071342726],[130.7318115234375,33.93196649986436],[130.726318359375,33.93196649986436],[130.726318359375,33.930827071342726]]],[[[130.73867797851562,33.930827071342726],[130.74966430664062,33.930827071342726],[130.74966430664062,33.93196649986436],[130.73867797851562,33.93196649986436],[130.73867797851562,33.930827071342726]]],[[[130.75103759765625,33.930827071342726],[130.7537841796875,33.930827071342726],[130.7537841796875,33.93196649986436],[130.75103759765625,33.93196649986436],[130.75103759765625,33.930827071342726]]],[[[130.76751708984375,33.930827071342726],[130.76889038085938,33.930827071342726],[130.76889038085938,33.93196649986436],[130.76751708984375,33.93196649986436],[130.76751708984375,33.930827071342726]]],[[[130.7757568359375,33.930827071342726],[130.8087158203125,33.930827071342726],[130.8087158203125,33.93196649986436],[130.7757568359375,33.93196649986436],[130.7757568359375,33.930827071342726]]],[[[130.81008911132812,33.930827071342726],[130.814208984375,33.930827071342726],[130.814208984375,33.93196649986436],[130.81008911132812,33.93196649986436],[130.81008911132812,33.930827071342726]]],[[[130.81832885742188,33.930827071342726],[130.82656860351562,33.930827071342726],[130.82656860351562,33.93196649986436],[130.81832885742188,33.93196649986436],[130.81832885742188,33.930827071342726]]],[[[130.89248657226562,33.930827071342726],[130.90072631835938,33.930827071342726],[130.90072631835938,33.93196649986436],[130.89248657226562,33.93196649986436],[130.89248657226562,33.930827071342726]]],[[[130.92819213867188,33.930827071342726],[130.93231201171875,33.930827071342726],[130.93231201171875,33.93310591314125],[130.92819213867188,33.93310591314125],[130.92819213867188,33.930827071342726]]],[[[130.68374633789062,33.9296876275766],[130.68511962890625,33.9296876275766],[130.68511962890625,33.93310591314125],[130.68374633789062,33.93310591314125],[130.68374633789062,33.9296876275766]]],[[[130.72494506835938,33.9296876275766],[130.7318115234375,33.9296876275766],[130.7318115234375,33.930827071342726],[130.72494506835938,33.930827071342726],[130.72494506835938,33.9296876275766]]],[[[130.73867797851562,33.9296876275766],[130.748291015625,33.9296876275766],[130.748291015625,33.930827071342726],[130.73867797851562,33.930827071342726],[130.73867797851562,33.9296876275766]]],[[[130.76614379882812,33.9296876275766],[130.76889038085938,33.9296876275766],[130.76889038085938,33.930827071342726],[130.76614379882812,33.930827071342726],[130.76614379882812,33.9296876275766]]],[[[130.7757568359375,33.9296876275766],[130.80734252929688,33.9296876275766],[130.80734252929688,33.930827071342726],[130.7757568359375,33.930827071342726],[130.7757568359375,33.9296876275766]]],[[[130.82107543945312,33.9296876275766],[130.82382202148438,33.9296876275766],[130.82382202148438,33.930827071342726],[130.82107543945312,33.930827071342726],[130.82107543945312,33.9296876275766]]],[[[130.89385986328125,33.9296876275766],[130.90072631835938,33.9296876275766],[130.90072631835938,33.930827071342726],[130.89385986328125,33.930827071342726],[130.89385986328125,33.9296876275766]]],[[[130.9295654296875,33.9296876275766],[130.93093872070312,33.9296876275766],[130.93093872070312,33.930827071342726],[130.9295654296875,33.930827071342726],[130.9295654296875,33.9296876275766]]],[[[131.01058959960938,33.9296876275766],[131.011962890625,33.9296876275766],[131.011962890625,33.93196649986436],[131.01058959960938,33.93196649986436],[131.01058959960938,33.9296876275766]]],[[[130.682373046875,33.9285481685662],[130.68511962890625,33.9285481685662],[130.68511962890625,33.9296876275766],[130.682373046875,33.9296876275766],[130.682373046875,33.9285481685662]]],[[[130.726318359375,33.9285481685662],[130.73455810546875,33.9285481685662],[130.73455810546875,33.9296876275766],[130.726318359375,33.9296876275766],[130.726318359375,33.9285481685662]]],[[[130.7373046875,33.9285481685662],[130.74005126953125,33.9285481685662],[130.74005126953125,33.9296876275766],[130.7373046875,33.9296876275766],[130.7373046875,33.9285481685662]]],[[[130.76339721679688,33.9285481685662],[130.76889038085938,33.9285481685662],[130.76889038085938,33.9296876275766],[130.76339721679688,33.9296876275766],[130.76339721679688,33.9285481685662]]],[[[130.77438354492188,33.9285481685662],[130.81008911132812,33.9285481685662],[130.81008911132812,33.9296876275766],[130.77438354492188,33.9296876275766],[130.77438354492188,33.9285481685662]]],[[[130.81558227539062,33.9285481685662],[130.81832885742188,33.9285481685662],[130.81832885742188,33.9296876275766],[130.81558227539062,33.9296876275766],[130.81558227539062,33.9285481685662]]],[[[130.84854125976562,33.9285481685662],[130.858154296875,33.9285481685662],[130.858154296875,33.9296876275766],[130.84854125976562,33.9296876275766],[130.84854125976562,33.9285481685662]]],[[[130.89385986328125,33.9285481685662],[130.8966064453125,33.9285481685662],[130.8966064453125,33.9296876275766],[130.89385986328125,33.9296876275766],[130.89385986328125,33.9285481685662]]],[[[130.92681884765625,33.9285481685662],[130.92819213867188,33.9285481685662],[130.92819213867188,33.930827071342726],[130.92681884765625,33.930827071342726],[130.92681884765625,33.9285481685662]]],[[[130.94192504882812,33.9285481685662],[130.94329833984375,33.9285481685662],[130.94329833984375,33.93310591314125],[130.94192504882812,33.93310591314125],[130.94192504882812,33.9285481685662]]],[[[131.00784301757812,33.9285481685662],[131.00921630859375,33.9285481685662],[131.00921630859375,33.9296876275766],[131.00784301757812,33.9296876275766],[131.00784301757812,33.9285481685662]]],[[[130.7318115234375,33.92740869431181],[130.73593139648438,33.92740869431181],[130.73593139648438,33.9285481685662],[130.7318115234375,33.9285481685662],[130.7318115234375,33.92740869431181]]],[[[130.7373046875,33.92740869431181],[130.73867797851562,33.92740869431181],[130.73867797851562,33.9285481685662],[130.7373046875,33.9285481685662],[130.7373046875,33.92740869431181]]],[[[130.75653076171875,33.92740869431181],[130.75790405273438,33.92740869431181],[130.75790405273438,33.9285481685662],[130.75653076171875,33.9285481685662],[130.75653076171875,33.92740869431181]]],[[[130.76202392578125,33.92740869431181],[130.76889038085938,33.92740869431181],[130.76889038085938,33.9285481685662],[130.76202392578125,33.9285481685662],[130.76202392578125,33.92740869431181]]],[[[130.77438354492188,33.92740869431181],[130.81146240234375,33.92740869431181],[130.81146240234375,33.9285481685662],[130.77438354492188,33.9285481685662],[130.77438354492188,33.92740869431181]]],[[[130.81558227539062,33.92740869431181],[130.82107543945312,33.92740869431181],[130.82107543945312,33.9285481685662],[130.81558227539062,33.9285481685662],[130.81558227539062,33.92740869431181]]],[[[130.84304809570312,33.92740869431181],[130.858154296875,33.92740869431181],[130.858154296875,33.9285481685662],[130.84304809570312,33.9285481685662],[130.84304809570312,33.92740869431181]]],[[[130.89797973632812,33.92740869431181],[130.90072631835938,33.92740869431181],[130.90072631835938,33.9296876275766],[130.89797973632812,33.9296876275766],[130.89797973632812,33.92740869431181]]],[[[130.9405517578125,33.92740869431181],[130.94192504882812,33.92740869431181],[130.94192504882812,33.9285481685662],[130.9405517578125,33.9285481685662],[130.9405517578125,33.92740869431181]]],[[[130.682373046875,33.92626920481365],[130.68374633789062,33.92626920481365],[130.68374633789062,33.92740869431181],[130.682373046875,33.92740869431181],[130.682373046875,33.92626920481365]]],[[[130.73455810546875,33.92626920481365],[130.73867797851562,33.92626920481365],[130.73867797851562,33.92740869431181],[130.73455810546875,33.92740869431181],[130.73455810546875,33.92626920481365]]],[[[130.75653076171875,33.92626920481365],[130.75927734375,33.92626920481365],[130.75927734375,33.92740869431181],[130.75653076171875,33.92740869431181],[130.75653076171875,33.92626920481365]]],[[[130.76202392578125,33.92626920481365],[130.7647705078125,33.92626920481365],[130.7647705078125,33.92740869431181],[130.76202392578125,33.92740869431181],[130.76202392578125,33.92626920481365]]],[[[130.77163696289062,33.92626920481365],[130.82107543945312,33.92626920481365],[130.82107543945312,33.92740869431181],[130.77163696289062,33.92740869431181],[130.77163696289062,33.92626920481365]]],[[[130.84030151367188,33.92626920481365],[130.858154296875,33.92626920481365],[130.858154296875,33.92740869431181],[130.84030151367188,33.92740869431181],[130.84030151367188,33.92626920481365]]],[[[130.8966064453125,33.92626920481365],[130.89935302734375,33.92626920481365],[130.89935302734375,33.92740869431181],[130.8966064453125,33.92740869431181],[130.8966064453125,33.92626920481365]]],[[[130.92819213867188,33.92626920481365],[130.9295654296875,33.92626920481365],[130.9295654296875,33.92740869431181],[130.92819213867188,33.92740869431181],[130.92819213867188,33.92626920481365]]],[[[130.93917846679688,33.92626920481365],[130.94329833984375,33.92626920481365],[130.94329833984375,33.92740869431181],[130.93917846679688,33.92740869431181],[130.93917846679688,33.92626920481365]]],[[[131.0009765625,33.92626920481365],[131.00372314453125,33.92626920481365],[131.00372314453125,33.92740869431181],[131.0009765625,33.92740869431181],[131.0009765625,33.92626920481365]]],[[[131.0064697265625,33.92626920481365],[131.00784301757812,33.92626920481365],[131.00784301757812,33.92740869431181],[131.0064697265625,33.92740869431181],[131.0064697265625,33.92626920481365]]],[[[130.75103759765625,33.925129700071984],[130.7537841796875,33.925129700071984],[130.7537841796875,33.92740869431181],[130.75103759765625,33.92740869431181],[130.75103759765625,33.925129700071984]]],[[[130.75653076171875,33.925129700071984],[130.76202392578125,33.925129700071984],[130.76202392578125,33.92626920481365],[130.75653076171875,33.92626920481365],[130.75653076171875,33.925129700071984]]],[[[130.76889038085938,33.925129700071984],[130.81695556640625,33.925129700071984],[130.81695556640625,33.92626920481365],[130.76889038085938,33.92626920481365],[130.76889038085938,33.925129700071984]]],[[[130.81832885742188,33.925129700071984],[130.82107543945312,33.925129700071984],[130.82107543945312,33.92626920481365],[130.81832885742188,33.92626920481365],[130.81832885742188,33.925129700071984]]],[[[130.83755493164062,33.925129700071984],[130.858154296875,33.925129700071984],[130.858154296875,33.92626920481365],[130.83755493164062,33.92626920481365],[130.83755493164062,33.925129700071984]]],[[[130.90896606445312,33.925129700071984],[130.91033935546875,33.925129700071984],[130.91033935546875,33.92626920481365],[130.90896606445312,33.92626920481365],[130.90896606445312,33.925129700071984]]],[[[130.99960327148438,33.925129700071984],[131.0064697265625,33.925129700071984],[131.0064697265625,33.92626920481365],[130.99960327148438,33.92626920481365],[130.99960327148438,33.925129700071984]]],[[[130.68099975585938,33.92399018008704],[130.682373046875,33.92399018008704],[130.682373046875,33.925129700071984],[130.68099975585938,33.925129700071984],[130.68099975585938,33.92399018008704]]],[[[130.75103759765625,33.92399018008704],[130.75241088867188,33.92399018008704],[130.75241088867188,33.925129700071984],[130.75103759765625,33.925129700071984],[130.75103759765625,33.92399018008704]]],[[[130.7537841796875,33.92399018008704],[130.75927734375,33.92399018008704],[130.75927734375,33.925129700071984],[130.7537841796875,33.925129700071984],[130.7537841796875,33.92399018008704]]],[[[130.76614379882812,33.92399018008704],[130.77438354492188,33.92399018008704],[130.77438354492188,33.925129700071984],[130.76614379882812,33.925129700071984],[130.76614379882812,33.92399018008704]]],[[[130.77713012695312,33.92399018008704],[130.78262329101562,33.92399018008704],[130.78262329101562,33.925129700071984],[130.77713012695312,33.925129700071984],[130.77713012695312,33.92399018008704]]],[[[130.79635620117188,33.92399018008704],[130.81832885742188,33.92399018008704],[130.81832885742188,33.925129700071984],[130.79635620117188,33.925129700071984],[130.79635620117188,33.92399018008704]]],[[[130.83343505859375,33.92399018008704],[130.86090087890625,33.92399018008704],[130.86090087890625,33.925129700071984],[130.83343505859375,33.925129700071984],[130.83343505859375,33.92399018008704]]],[[[130.89797973632812,33.92399018008704],[130.89935302734375,33.92399018008704],[130.89935302734375,33.92626920481365],[130.89797973632812,33.92626920481365],[130.89797973632812,33.92399018008704]]],[[[130.9075927734375,33.92399018008704],[130.91033935546875,33.92399018008704],[130.91033935546875,33.925129700071984],[130.9075927734375,33.925129700071984],[130.9075927734375,33.92399018008704]]],[[[130.92681884765625,33.92399018008704],[130.92819213867188,33.92399018008704],[130.92819213867188,33.925129700071984],[130.92681884765625,33.925129700071984],[130.92681884765625,33.92399018008704]]],[[[130.9405517578125,33.92399018008704],[130.94192504882812,33.92399018008704],[130.94192504882812,33.92626920481365],[130.9405517578125,33.92626920481365],[130.9405517578125,33.92399018008704]]],[[[130.99960327148438,33.92399018008704],[131.00372314453125,33.92399018008704],[131.00372314453125,33.925129700071984],[130.99960327148438,33.925129700071984],[130.99960327148438,33.92399018008704]]],[[[130.67962646484375,33.922850644859075],[130.68099975585938,33.922850644859075],[130.68099975585938,33.92399018008704],[130.67962646484375,33.92399018008704],[130.67962646484375,33.922850644859075]]],[[[130.75103759765625,33.922850644859075],[130.7537841796875,33.922850644859075],[130.7537841796875,33.92399018008704],[130.75103759765625,33.92399018008704],[130.75103759765625,33.922850644859075]]],[[[130.76339721679688,33.922850644859075],[130.770263671875,33.922850644859075],[130.770263671875,33.92399018008704],[130.76339721679688,33.92399018008704],[130.76339721679688,33.922850644859075]]],[[[130.77850341796875,33.922850644859075],[130.78262329101562,33.922850644859075],[130.78262329101562,33.92399018008704],[130.77850341796875,33.92399018008704],[130.77850341796875,33.922850644859075]]],[[[130.79910278320312,33.922850644859075],[130.8197021484375,33.922850644859075],[130.8197021484375,33.92399018008704],[130.79910278320312,33.92399018008704],[130.79910278320312,33.922850644859075]]],[[[130.8306884765625,33.922850644859075],[130.86090087890625,33.922850644859075],[130.86090087890625,33.92399018008704],[130.8306884765625,33.92399018008704],[130.8306884765625,33.922850644859075]]],[[[130.902099609375,33.922850644859075],[130.9075927734375,33.922850644859075],[130.9075927734375,33.92399018008704],[130.902099609375,33.92399018008704],[130.902099609375,33.922850644859075]]],[[[130.90896606445312,33.922850644859075],[130.91033935546875,33.922850644859075],[130.91033935546875,33.92399018008704],[130.90896606445312,33.92399018008704],[130.90896606445312,33.922850644859075]]],[[[130.92544555664062,33.922850644859075],[130.92819213867188,33.922850644859075],[130.92819213867188,33.92399018008704],[130.92544555664062,33.92399018008704],[130.92544555664062,33.922850644859075]]],[[[130.93917846679688,33.922850644859075],[130.94192504882812,33.922850644859075],[130.94192504882812,33.92399018008704],[130.93917846679688,33.92399018008704],[130.93917846679688,33.922850644859075]]],[[[131.0009765625,33.922850644859075],[131.00372314453125,33.922850644859075],[131.00372314453125,33.92399018008704],[131.0009765625,33.92399018008704],[131.0009765625,33.922850644859075]]],[[[131.00784301757812,33.922850644859075],[131.00921630859375,33.922850644859075],[131.00921630859375,33.92399018008704],[131.00784301757812,33.92399018008704],[131.00784301757812,33.922850644859075]]],[[[130.67825317382812,33.92171109438834],[130.67962646484375,33.92171109438834],[130.67962646484375,33.922850644859075],[130.67825317382812,33.922850644859075],[130.67825317382812,33.92171109438834]]],[[[130.7537841796875,33.92171109438834],[130.75653076171875,33.92171109438834],[130.75653076171875,33.922850644859075],[130.7537841796875,33.922850644859075],[130.7537841796875,33.92171109438834]]],[[[130.76065063476562,33.92171109438834],[130.76614379882812,33.92171109438834],[130.76614379882812,33.922850644859075],[130.76065063476562,33.922850644859075],[130.76065063476562,33.92171109438834]]],[[[130.80047607421875,33.92171109438834],[130.8197021484375,33.92171109438834],[130.8197021484375,33.922850644859075],[130.80047607421875,33.922850644859075],[130.80047607421875,33.92171109438834]]],[[[130.82794189453125,33.92171109438834],[130.858154296875,33.92171109438834],[130.858154296875,33.922850644859075],[130.82794189453125,33.922850644859075],[130.82794189453125,33.92171109438834]]],[[[130.90072631835938,33.92171109438834],[130.90621948242188,33.92171109438834],[130.90621948242188,33.922850644859075],[130.90072631835938,33.922850644859075],[130.90072631835938,33.92171109438834]]],[[[130.9075927734375,33.92171109438834],[130.91033935546875,33.92171109438834],[130.91033935546875,33.922850644859075],[130.9075927734375,33.922850644859075],[130.9075927734375,33.92171109438834]]],[[[130.93780517578125,33.92171109438834],[130.94192504882812,33.92171109438834],[130.94192504882812,33.922850644859075],[130.93780517578125,33.922850644859075],[130.93780517578125,33.92171109438834]]],[[[131.00234985351562,33.92171109438834],[131.00784301757812,33.92171109438834],[131.00784301757812,33.922850644859075],[131.00234985351562,33.922850644859075],[131.00234985351562,33.92171109438834]]],[[[130.6768798828125,33.92057152867508],[130.67825317382812,33.92057152867508],[130.67825317382812,33.92171109438834],[130.6768798828125,33.92171109438834],[130.6768798828125,33.92057152867508]]],[[[130.7537841796875,33.92057152867508],[130.75515747070312,33.92057152867508],[130.75515747070312,33.92171109438834],[130.7537841796875,33.92171109438834],[130.7537841796875,33.92057152867508]]],[[[130.75790405273438,33.92057152867508],[130.76339721679688,33.92057152867508],[130.76339721679688,33.92171109438834],[130.75790405273438,33.92171109438834],[130.75790405273438,33.92057152867508]]],[[[130.80184936523438,33.92057152867508],[130.8197021484375,33.92057152867508],[130.8197021484375,33.92171109438834],[130.80184936523438,33.92171109438834],[130.80184936523438,33.92057152867508]]],[[[130.82382202148438,33.92057152867508],[130.85540771484375,33.92057152867508],[130.85540771484375,33.92171109438834],[130.82382202148438,33.92171109438834],[130.82382202148438,33.92057152867508]]],[[[130.90621948242188,33.92057152867508],[130.91033935546875,33.92057152867508],[130.91033935546875,33.92171109438834],[130.90621948242188,33.92171109438834],[130.90621948242188,33.92057152867508]]],[[[130.92544555664062,33.92057152867508],[130.92681884765625,33.92057152867508],[130.92681884765625,33.922850644859075],[130.92544555664062,33.922850644859075],[130.92544555664062,33.92057152867508]]],[[[130.93780517578125,33.92057152867508],[130.9405517578125,33.92057152867508],[130.9405517578125,33.92171109438834],[130.93780517578125,33.92171109438834],[130.93780517578125,33.92057152867508]]],[[[131.01058959960938,33.92057152867508],[131.011962890625,33.92057152867508],[131.011962890625,33.922850644859075],[131.01058959960938,33.922850644859075],[131.01058959960938,33.92057152867508]]],[[[130.67276000976562,33.91943194771954],[130.6768798828125,33.91943194771954],[130.6768798828125,33.92057152867508],[130.67276000976562,33.92057152867508],[130.67276000976562,33.91943194771954]]],[[[130.75241088867188,33.91943194771954],[130.75927734375,33.91943194771954],[130.75927734375,33.92057152867508],[130.75241088867188,33.92057152867508],[130.75241088867188,33.91943194771954]]],[[[130.82244873046875,33.91943194771954],[130.8526611328125,33.91943194771954],[130.8526611328125,33.92057152867508],[130.82244873046875,33.92057152867508],[130.82244873046875,33.91943194771954]]],[[[130.8636474609375,33.91943194771954],[130.86776733398438,33.91943194771954],[130.86776733398438,33.92057152867508],[130.8636474609375,33.92057152867508],[130.8636474609375,33.91943194771954]]],[[[130.90621948242188,33.91943194771954],[130.9075927734375,33.91943194771954],[130.9075927734375,33.92057152867508],[130.90621948242188,33.92057152867508],[130.90621948242188,33.91943194771954]]],[[[130.47637939453125,33.918292351521956],[130.47775268554688,33.918292351521956],[130.47775268554688,33.91943194771954],[130.47637939453125,33.91943194771954],[130.47637939453125,33.918292351521956]]],[[[130.67138671875,33.918292351521956],[130.67413330078125,33.918292351521956],[130.67413330078125,33.91943194771954],[130.67138671875,33.91943194771954],[130.67138671875,33.918292351521956]]],[[[130.85952758789062,33.918292351521956],[130.87051391601562,33.918292351521956],[130.87051391601562,33.91943194771954],[130.85952758789062,33.91943194771954],[130.85952758789062,33.918292351521956]]],[[[130.65902709960938,33.91715274008259],[130.660400390625,33.91715274008259],[130.660400390625,33.918292351521956],[130.65902709960938,33.918292351521956],[130.65902709960938,33.91715274008259]]],[[[130.80322265625,33.91715274008259],[130.81832885742188,33.91715274008259],[130.81832885742188,33.92057152867508],[130.80322265625,33.92057152867508],[130.80322265625,33.91715274008259]]],[[[130.82244873046875,33.91715274008259],[130.84991455078125,33.91715274008259],[130.84991455078125,33.91943194771954],[130.82244873046875,33.91943194771954],[130.82244873046875,33.91715274008259]]],[[[130.85128784179688,33.91715274008259],[130.85403442382812,33.91715274008259],[130.85403442382812,33.918292351521956],[130.85128784179688,33.918292351521956],[130.85128784179688,33.91715274008259]]],[[[130.85678100585938,33.91715274008259],[130.87051391601562,33.91715274008259],[130.87051391601562,33.918292351521956],[130.85678100585938,33.918292351521956],[130.85678100585938,33.91715274008259]]],[[[130.924072265625,33.91715274008259],[130.92544555664062,33.91715274008259],[130.92544555664062,33.92057152867508],[130.924072265625,33.92057152867508],[130.924072265625,33.91715274008259]]],[[[130.43792724609375,33.916013113401696],[130.43930053710938,33.916013113401696],[130.43930053710938,33.91715274008259],[130.43792724609375,33.91715274008259],[130.43792724609375,33.916013113401696]]],[[[130.44204711914062,33.916013113401696],[130.44342041015625,33.916013113401696],[130.44342041015625,33.91715274008259],[130.44204711914062,33.91715274008259],[130.44204711914062,33.916013113401696]]],[[[130.65765380859375,33.916013113401696],[130.660400390625,33.916013113401696],[130.660400390625,33.91715274008259],[130.65765380859375,33.91715274008259],[130.65765380859375,33.916013113401696]]],[[[130.66177368164062,33.916013113401696],[130.66452026367188,33.916013113401696],[130.66452026367188,33.918292351521956],[130.66177368164062,33.918292351521956],[130.66177368164062,33.916013113401696]]],[[[130.66726684570312,33.916013113401696],[130.66864013671875,33.916013113401696],[130.66864013671875,33.91943194771954],[130.66726684570312,33.91943194771954],[130.66726684570312,33.916013113401696]]],[[[130.80322265625,33.916013113401696],[130.8087158203125,33.916013113401696],[130.8087158203125,33.91715274008259],[130.80322265625,33.91715274008259],[130.80322265625,33.916013113401696]]],[[[130.814208984375,33.916013113401696],[130.81832885742188,33.916013113401696],[130.81832885742188,33.91715274008259],[130.814208984375,33.91715274008259],[130.814208984375,33.916013113401696]]],[[[130.82244873046875,33.916013113401696],[130.8526611328125,33.916013113401696],[130.8526611328125,33.91715274008259],[130.82244873046875,33.91715274008259],[130.82244873046875,33.916013113401696]]],[[[130.85403442382812,33.916013113401696],[130.869140625,33.916013113401696],[130.869140625,33.91715274008259],[130.85403442382812,33.91715274008259],[130.85403442382812,33.916013113401696]]],[[[130.93643188476562,33.916013113401696],[130.93917846679688,33.916013113401696],[130.93917846679688,33.92057152867508],[130.93643188476562,33.92057152867508],[130.93643188476562,33.916013113401696]]],[[[131.01333618164062,33.916013113401696],[131.01470947265625,33.916013113401696],[131.01470947265625,33.91715274008259],[131.01333618164062,33.91715274008259],[131.01333618164062,33.916013113401696]]],[[[130.43106079101562,33.91487347147949],[130.43243408203125,33.91487347147949],[130.43243408203125,33.916013113401696],[130.43106079101562,33.916013113401696],[130.43106079101562,33.91487347147949]]],[[[130.43655395507812,33.91487347147949],[130.43792724609375,33.91487347147949],[130.43792724609375,33.916013113401696],[130.43655395507812,33.916013113401696],[130.43655395507812,33.91487347147949]]],[[[130.44204711914062,33.91487347147949],[130.44479370117188,33.91487347147949],[130.44479370117188,33.916013113401696],[130.44204711914062,33.916013113401696],[130.44204711914062,33.91487347147949]]],[[[130.65765380859375,33.91487347147949],[130.66177368164062,33.91487347147949],[130.66177368164062,33.916013113401696],[130.65765380859375,33.916013113401696],[130.65765380859375,33.91487347147949]]],[[[130.66452026367188,33.91487347147949],[130.66726684570312,33.91487347147949],[130.66726684570312,33.916013113401696],[130.66452026367188,33.916013113401696],[130.66452026367188,33.91487347147949]]],[[[130.80322265625,33.91487347147949],[130.80734252929688,33.91487347147949],[130.80734252929688,33.916013113401696],[130.80322265625,33.916013113401696],[130.80322265625,33.91487347147949]]],[[[130.82244873046875,33.91487347147949],[130.82794189453125,33.91487347147949],[130.82794189453125,33.916013113401696],[130.82244873046875,33.916013113401696],[130.82244873046875,33.91487347147949]]],[[[130.8306884765625,33.91487347147949],[130.86639404296875,33.91487347147949],[130.86639404296875,33.916013113401696],[130.8306884765625,33.916013113401696],[130.8306884765625,33.91487347147949]]],[[[130.869140625,33.91487347147949],[130.87326049804688,33.91487347147949],[130.87326049804688,33.916013113401696],[130.869140625,33.916013113401696],[130.869140625,33.91487347147949]]],[[[130.90072631835938,33.91487347147949],[130.902099609375,33.91487347147949],[130.902099609375,33.916013113401696],[130.90072631835938,33.916013113401696],[130.90072631835938,33.91487347147949]]],[[[130.93505859375,33.91487347147949],[130.93780517578125,33.91487347147949],[130.93780517578125,33.916013113401696],[130.93505859375,33.916013113401696],[130.93505859375,33.91487347147949]]],[[[131.00921630859375,33.91487347147949],[131.01470947265625,33.91487347147949],[131.01470947265625,33.916013113401696],[131.00921630859375,33.916013113401696],[131.00921630859375,33.91487347147949]]],[[[130.4296875,33.91373381431625],[130.43106079101562,33.91373381431625],[130.43106079101562,33.91487347147949],[130.4296875,33.91487347147949],[130.4296875,33.91373381431625]]],[[[130.4461669921875,33.91373381431625],[130.44754028320312,33.91373381431625],[130.44754028320312,33.91487347147949],[130.4461669921875,33.91487347147949],[130.4461669921875,33.91373381431625]]],[[[130.4901123046875,33.91373381431625],[130.49285888671875,33.91373381431625],[130.49285888671875,33.91487347147949],[130.4901123046875,33.91487347147949],[130.4901123046875,33.91373381431625]]],[[[130.65902709960938,33.91373381431625],[130.66177368164062,33.91373381431625],[130.66177368164062,33.91487347147949],[130.65902709960938,33.91487347147949],[130.65902709960938,33.91373381431625]]],[[[130.6658935546875,33.91373381431625],[130.66726684570312,33.91373381431625],[130.66726684570312,33.91487347147949],[130.6658935546875,33.91487347147949],[130.6658935546875,33.91373381431625]]],[[[130.836181640625,33.91373381431625],[130.8636474609375,33.91373381431625],[130.8636474609375,33.91487347147949],[130.836181640625,33.91487347147949],[130.836181640625,33.91373381431625]]],[[[130.86639404296875,33.91373381431625],[130.8746337890625,33.91373381431625],[130.8746337890625,33.91487347147949],[130.86639404296875,33.91487347147949],[130.86639404296875,33.91373381431625]]],[[[130.91720581054688,33.91373381431625],[130.91995239257812,33.91373381431625],[130.91995239257812,33.91487347147949],[130.91720581054688,33.91487347147949],[130.91720581054688,33.91373381431625]]],[[[131.00372314453125,33.91373381431625],[131.00509643554688,33.91373381431625],[131.00509643554688,33.91487347147949],[131.00372314453125,33.91487347147949],[131.00372314453125,33.91373381431625]]],[[[130.49423217773438,33.91259414191221],[130.49560546875,33.91259414191221],[130.49560546875,33.91373381431625],[130.49423217773438,33.91373381431625],[130.49423217773438,33.91259414191221]]],[[[130.660400390625,33.91259414191221],[130.66177368164062,33.91259414191221],[130.66177368164062,33.91373381431625],[130.660400390625,33.91373381431625],[130.660400390625,33.91259414191221]]],[[[130.84716796875,33.91259414191221],[130.86090087890625,33.91259414191221],[130.86090087890625,33.91373381431625],[130.84716796875,33.91373381431625],[130.84716796875,33.91259414191221]]],[[[130.86227416992188,33.91259414191221],[130.87600708007812,33.91259414191221],[130.87600708007812,33.91373381431625],[130.86227416992188,33.91373381431625],[130.86227416992188,33.91259414191221]]],[[[130.91445922851562,33.91259414191221],[130.92269897460938,33.91259414191221],[130.92269897460938,33.91373381431625],[130.91445922851562,33.91373381431625],[130.91445922851562,33.91259414191221]]],[[[130.93368530273438,33.91259414191221],[130.93643188476562,33.91259414191221],[130.93643188476562,33.91487347147949],[130.93368530273438,33.91487347147949],[130.93368530273438,33.91259414191221]]],[[[130.41046142578125,33.91145445426763],[130.41183471679688,33.91145445426763],[130.41183471679688,33.91259414191221],[130.41046142578125,33.91259414191221],[130.41046142578125,33.91145445426763]]],[[[130.42282104492188,33.91145445426763],[130.4241943359375,33.91145445426763],[130.4241943359375,33.91259414191221],[130.42282104492188,33.91259414191221],[130.42282104492188,33.91145445426763]]],[[[130.49697875976562,33.91145445426763],[130.49835205078125,33.91145445426763],[130.49835205078125,33.91259414191221],[130.49697875976562,33.91259414191221],[130.49697875976562,33.91145445426763]]],[[[130.66177368164062,33.91145445426763],[130.66314697265625,33.91145445426763],[130.66314697265625,33.91259414191221],[130.66177368164062,33.91259414191221],[130.66177368164062,33.91145445426763]]],[[[130.80322265625,33.91145445426763],[130.81695556640625,33.91145445426763],[130.81695556640625,33.91487347147949],[130.80322265625,33.91487347147949],[130.80322265625,33.91145445426763]]],[[[130.82107543945312,33.91145445426763],[130.82794189453125,33.91145445426763],[130.82794189453125,33.91487347147949],[130.82107543945312,33.91487347147949],[130.82107543945312,33.91145445426763]]],[[[130.84854125976562,33.91145445426763],[130.86502075195312,33.91145445426763],[130.86502075195312,33.91259414191221],[130.84854125976562,33.91259414191221],[130.84854125976562,33.91145445426763]]],[[[130.86639404296875,33.91145445426763],[130.87738037109375,33.91145445426763],[130.87738037109375,33.91259414191221],[130.86639404296875,33.91259414191221],[130.86639404296875,33.91145445426763]]],[[[130.9075927734375,33.91145445426763],[130.91033935546875,33.91145445426763],[130.91033935546875,33.91259414191221],[130.9075927734375,33.91259414191221],[130.9075927734375,33.91145445426763]]],[[[130.91445922851562,33.91145445426763],[130.91583251953125,33.91145445426763],[130.91583251953125,33.91259414191221],[130.91445922851562,33.91259414191221],[130.91445922851562,33.91145445426763]]],[[[130.40771484375,33.91031475138272],[130.40908813476562,33.91031475138272],[130.40908813476562,33.91145445426763],[130.40771484375,33.91145445426763],[130.40771484375,33.91031475138272]]],[[[130.4296875,33.91031475138272],[130.43106079101562,33.91031475138272],[130.43106079101562,33.91145445426763],[130.4296875,33.91145445426763],[130.4296875,33.91031475138272]]],[[[130.484619140625,33.91031475138272],[130.48599243164062,33.91031475138272],[130.48599243164062,33.91373381431625],[130.484619140625,33.91373381431625],[130.484619140625,33.91031475138272]]],[[[130.49697875976562,33.91031475138272],[130.49972534179688,33.91031475138272],[130.49972534179688,33.91145445426763],[130.49697875976562,33.91145445426763],[130.49697875976562,33.91031475138272]]],[[[130.66314697265625,33.91031475138272],[130.66452026367188,33.91031475138272],[130.66452026367188,33.91145445426763],[130.66314697265625,33.91145445426763],[130.66314697265625,33.91031475138272]]],[[[130.80596923828125,33.91031475138272],[130.81695556640625,33.91031475138272],[130.81695556640625,33.91145445426763],[130.80596923828125,33.91145445426763],[130.80596923828125,33.91031475138272]]],[[[130.82107543945312,33.91031475138272],[130.82931518554688,33.91031475138272],[130.82931518554688,33.91145445426763],[130.82107543945312,33.91145445426763],[130.82107543945312,33.91031475138272]]],[[[130.84854125976562,33.91031475138272],[130.85540771484375,33.91031475138272],[130.85540771484375,33.91145445426763],[130.84854125976562,33.91145445426763],[130.84854125976562,33.91031475138272]]],[[[130.85678100585938,33.91031475138272],[130.87875366210938,33.91031475138272],[130.87875366210938,33.91145445426763],[130.85678100585938,33.91145445426763],[130.85678100585938,33.91031475138272]]],[[[130.44754028320312,33.90917503325777],[130.44891357421875,33.90917503325777],[130.44891357421875,33.91373381431625],[130.44754028320312,33.91373381431625],[130.44754028320312,33.90917503325777]]],[[[130.49835205078125,33.90917503325777],[130.49972534179688,33.90917503325777],[130.49972534179688,33.91031475138272],[130.49835205078125,33.91031475138272],[130.49835205078125,33.90917503325777]]],[[[130.65902709960938,33.90917503325777],[130.6658935546875,33.90917503325777],[130.6658935546875,33.91031475138272],[130.65902709960938,33.91031475138272],[130.65902709960938,33.90917503325777]]],[[[130.80734252929688,33.90917503325777],[130.81695556640625,33.90917503325777],[130.81695556640625,33.91031475138272],[130.80734252929688,33.91031475138272],[130.80734252929688,33.90917503325777]]],[[[130.84716796875,33.90917503325777],[130.85403442382812,33.90917503325777],[130.85403442382812,33.91031475138272],[130.84716796875,33.91031475138272],[130.84716796875,33.90917503325777]]],[[[130.85540771484375,33.90917503325777],[130.880126953125,33.90917503325777],[130.880126953125,33.91031475138272],[130.85540771484375,33.91031475138272],[130.85540771484375,33.90917503325777]]],[[[130.93231201171875,33.90917503325777],[130.93505859375,33.90917503325777],[130.93505859375,33.91259414191221],[130.93231201171875,33.91259414191221],[130.93231201171875,33.90917503325777]]],[[[131.00234985351562,33.90917503325777],[131.00372314453125,33.90917503325777],[131.00372314453125,33.91145445426763],[131.00234985351562,33.91145445426763],[131.00234985351562,33.90917503325777]]],[[[130.40634155273438,33.908035299893],[130.40771484375,33.908035299893],[130.40771484375,33.91031475138272],[130.40634155273438,33.91031475138272],[130.40634155273438,33.908035299893]]],[[[130.4461669921875,33.908035299893],[130.44754028320312,33.908035299893],[130.44754028320312,33.90917503325777],[130.4461669921875,33.90917503325777],[130.4461669921875,33.908035299893]]],[[[130.48736572265625,33.908035299893],[130.48873901367188,33.908035299893],[130.48873901367188,33.91031475138272],[130.48736572265625,33.91031475138272],[130.48736572265625,33.908035299893]]],[[[130.65628051757812,33.908035299893],[130.65765380859375,33.908035299893],[130.65765380859375,33.91031475138272],[130.65628051757812,33.91031475138272],[130.65628051757812,33.908035299893]]],[[[130.66177368164062,33.908035299893],[130.66452026367188,33.908035299893],[130.66452026367188,33.90917503325777],[130.66177368164062,33.90917503325777],[130.66177368164062,33.908035299893]]],[[[130.8087158203125,33.908035299893],[130.81695556640625,33.908035299893],[130.81695556640625,33.90917503325777],[130.8087158203125,33.90917503325777],[130.8087158203125,33.908035299893]]],[[[130.82107543945312,33.908035299893],[130.82656860351562,33.908035299893],[130.82656860351562,33.91031475138272],[130.82107543945312,33.91031475138272],[130.82107543945312,33.908035299893]]],[[[130.84579467773438,33.908035299893],[130.84991455078125,33.908035299893],[130.84991455078125,33.90917503325777],[130.84579467773438,33.90917503325777],[130.84579467773438,33.908035299893]]],[[[130.85403442382812,33.908035299893],[130.880126953125,33.908035299893],[130.880126953125,33.90917503325777],[130.85403442382812,33.90917503325777],[130.85403442382812,33.908035299893]]],[[[130.93093872070312,33.908035299893],[130.93368530273438,33.908035299893],[130.93368530273438,33.90917503325777],[130.93093872070312,33.90917503325777],[130.93093872070312,33.908035299893]]],[[[130.40496826171875,33.90689555128868],[130.40634155273438,33.90689555128868],[130.40634155273438,33.908035299893],[130.40496826171875,33.908035299893],[130.40496826171875,33.90689555128868]]],[[[130.44342041015625,33.90689555128868],[130.44479370117188,33.90689555128868],[130.44479370117188,33.908035299893],[130.44342041015625,33.908035299893],[130.44342041015625,33.90689555128868]]],[[[130.65765380859375,33.90689555128868],[130.65902709960938,33.90689555128868],[130.65902709960938,33.908035299893],[130.65765380859375,33.908035299893],[130.65765380859375,33.90689555128868]]],[[[130.8197021484375,33.90689555128868],[130.82107543945312,33.90689555128868],[130.82107543945312,33.908035299893],[130.8197021484375,33.908035299893],[130.8197021484375,33.90689555128868]]],[[[130.82244873046875,33.90689555128868],[130.8251953125,33.90689555128868],[130.8251953125,33.908035299893],[130.82244873046875,33.908035299893],[130.82244873046875,33.90689555128868]]],[[[130.84030151367188,33.90689555128868],[130.84991455078125,33.90689555128868],[130.84991455078125,33.908035299893],[130.84030151367188,33.908035299893],[130.84030151367188,33.90689555128868]]],[[[130.85540771484375,33.90689555128868],[130.87738037109375,33.90689555128868],[130.87738037109375,33.908035299893],[130.85540771484375,33.908035299893],[130.85540771484375,33.90689555128868]]],[[[130.87875366210938,33.90689555128868],[130.88287353515625,33.90689555128868],[130.88287353515625,33.908035299893],[130.87875366210938,33.908035299893],[130.87875366210938,33.90689555128868]]],[[[130.93093872070312,33.90689555128868],[130.93231201171875,33.90689555128868],[130.93231201171875,33.908035299893],[130.93093872070312,33.908035299893],[130.93093872070312,33.90689555128868]]],[[[130.44204711914062,33.90575578744503],[130.44342041015625,33.90575578744503],[130.44342041015625,33.90689555128868],[130.44204711914062,33.90689555128868],[130.44204711914062,33.90575578744503]]],[[[130.49972534179688,33.90575578744503],[130.50247192382812,33.90575578744503],[130.50247192382812,33.90689555128868],[130.49972534179688,33.90689555128868],[130.49972534179688,33.90575578744503]]],[[[130.66177368164062,33.90575578744503],[130.66314697265625,33.90575578744503],[130.66314697265625,33.908035299893],[130.66177368164062,33.908035299893],[130.66177368164062,33.90575578744503]]],[[[130.83892822265625,33.90575578744503],[130.84854125976562,33.90575578744503],[130.84854125976562,33.90689555128868],[130.83892822265625,33.90689555128868],[130.83892822265625,33.90575578744503]]],[[[130.85128784179688,33.90575578744503],[130.8526611328125,33.90575578744503],[130.8526611328125,33.90689555128868],[130.85128784179688,33.90689555128868],[130.85128784179688,33.90575578744503]]],[[[130.85540771484375,33.90575578744503],[130.88424682617188,33.90575578744503],[130.88424682617188,33.90689555128868],[130.85540771484375,33.90689555128868],[130.85540771484375,33.90575578744503]]],[[[130.9295654296875,33.90575578744503],[130.93231201171875,33.90575578744503],[130.93231201171875,33.90689555128868],[130.9295654296875,33.90689555128868],[130.9295654296875,33.90575578744503]]],[[[130.99273681640625,33.90575578744503],[130.99822998046875,33.90575578744503],[130.99822998046875,33.90689555128868],[130.99273681640625,33.90689555128868],[130.99273681640625,33.90575578744503]]],[[[131.00372314453125,33.90575578744503],[131.0064697265625,33.90575578744503],[131.0064697265625,33.90689555128868],[131.00372314453125,33.90689555128868],[131.00372314453125,33.90575578744503]]],[[[130.4901123046875,33.904616008362325],[130.49423217773438,33.904616008362325],[130.49423217773438,33.90575578744503],[130.4901123046875,33.90575578744503],[130.4901123046875,33.904616008362325]]],[[[130.83892822265625,33.904616008362325],[130.8526611328125,33.904616008362325],[130.8526611328125,33.90575578744503],[130.83892822265625,33.90575578744503],[130.83892822265625,33.904616008362325]]],[[[130.85403442382812,33.904616008362325],[130.88424682617188,33.904616008362325],[130.88424682617188,33.90575578744503],[130.85403442382812,33.90575578744503],[130.85403442382812,33.904616008362325]]],[[[130.92819213867188,33.904616008362325],[130.93093872070312,33.904616008362325],[130.93093872070312,33.90575578744503],[130.92819213867188,33.90575578744503],[130.92819213867188,33.904616008362325]]],[[[130.99273681640625,33.904616008362325],[130.9954833984375,33.904616008362325],[130.9954833984375,33.90575578744503],[130.99273681640625,33.90575578744503],[130.99273681640625,33.904616008362325]]],[[[130.43930053710938,33.903476214040786],[130.44479370117188,33.903476214040786],[130.44479370117188,33.904616008362325],[130.43930053710938,33.904616008362325],[130.43930053710938,33.903476214040786]]],[[[130.49148559570312,33.903476214040786],[130.49423217773438,33.903476214040786],[130.49423217773438,33.904616008362325],[130.49148559570312,33.904616008362325],[130.49148559570312,33.903476214040786]]],[[[130.50247192382812,33.903476214040786],[130.50384521484375,33.903476214040786],[130.50384521484375,33.90575578744503],[130.50247192382812,33.90575578744503],[130.50247192382812,33.903476214040786]]],[[[130.8087158203125,33.903476214040786],[130.81558227539062,33.903476214040786],[130.81558227539062,33.908035299893],[130.8087158203125,33.908035299893],[130.8087158203125,33.903476214040786]]],[[[130.81832885742188,33.903476214040786],[130.8251953125,33.903476214040786],[130.8251953125,33.90689555128868],[130.81832885742188,33.90689555128868],[130.81832885742188,33.903476214040786]]],[[[130.84030151367188,33.903476214040786],[130.88287353515625,33.903476214040786],[130.88287353515625,33.904616008362325],[130.84030151367188,33.904616008362325],[130.84030151367188,33.903476214040786]]],[[[130.92681884765625,33.903476214040786],[130.9295654296875,33.903476214040786],[130.9295654296875,33.904616008362325],[130.92681884765625,33.904616008362325],[130.92681884765625,33.903476214040786]]],[[[130.99822998046875,33.903476214040786],[130.99960327148438,33.903476214040786],[130.99960327148438,33.90575578744503],[130.99822998046875,33.90575578744503],[130.99822998046875,33.903476214040786]]],[[[130.43792724609375,33.90233640448069],[130.440673828125,33.90233640448069],[130.440673828125,33.903476214040786],[130.43792724609375,33.903476214040786],[130.43792724609375,33.90233640448069]]],[[[130.660400390625,33.90233640448069],[130.66177368164062,33.90233640448069],[130.66177368164062,33.904616008362325],[130.660400390625,33.904616008362325],[130.660400390625,33.90233640448069]]],[[[130.80734252929688,33.90233640448069],[130.81558227539062,33.90233640448069],[130.81558227539062,33.903476214040786],[130.80734252929688,33.903476214040786],[130.80734252929688,33.90233640448069]]],[[[130.8197021484375,33.90233640448069],[130.82382202148438,33.90233640448069],[130.82382202148438,33.903476214040786],[130.8197021484375,33.903476214040786],[130.8197021484375,33.90233640448069]]],[[[130.8416748046875,33.90233640448069],[130.84854125976562,33.90233640448069],[130.84854125976562,33.903476214040786],[130.8416748046875,33.903476214040786],[130.8416748046875,33.90233640448069]]],[[[130.8526611328125,33.90233640448069],[130.88150024414062,33.90233640448069],[130.88150024414062,33.903476214040786],[130.8526611328125,33.903476214040786],[130.8526611328125,33.90233640448069]]],[[[130.92544555664062,33.90233640448069],[130.92819213867188,33.90233640448069],[130.92819213867188,33.903476214040786],[130.92544555664062,33.903476214040786],[130.92544555664062,33.90233640448069]]],[[[130.99411010742188,33.90233640448069],[130.9954833984375,33.90233640448069],[130.9954833984375,33.904616008362325],[130.99411010742188,33.904616008362325],[130.99411010742188,33.90233640448069]]],[[[130.99822998046875,33.90233640448069],[131.0009765625,33.90233640448069],[131.0009765625,33.903476214040786],[130.99822998046875,33.903476214040786],[130.99822998046875,33.90233640448069]]],[[[130.40496826171875,33.90119657968226],[130.40634155273438,33.90119657968226],[130.40634155273438,33.90233640448069],[130.40496826171875,33.90233640448069],[130.40496826171875,33.90119657968226]]],[[[130.43655395507812,33.90119657968226],[130.43792724609375,33.90119657968226],[130.43792724609375,33.90233640448069],[130.43655395507812,33.90233640448069],[130.43655395507812,33.90119657968226]]],[[[130.65765380859375,33.90119657968226],[130.65902709960938,33.90119657968226],[130.65902709960938,33.90233640448069],[130.65765380859375,33.90233640448069],[130.65765380859375,33.90119657968226]]],[[[130.80596923828125,33.90119657968226],[130.81558227539062,33.90119657968226],[130.81558227539062,33.90233640448069],[130.80596923828125,33.90233640448069],[130.80596923828125,33.90119657968226]]],[[[130.81695556640625,33.90119657968226],[130.8251953125,33.90119657968226],[130.8251953125,33.90233640448069],[130.81695556640625,33.90233640448069],[130.81695556640625,33.90119657968226]]],[[[130.84442138671875,33.90119657968226],[130.84716796875,33.90119657968226],[130.84716796875,33.90233640448069],[130.84442138671875,33.90233640448069],[130.84442138671875,33.90119657968226]]],[[[130.858154296875,33.90119657968226],[130.87875366210938,33.90119657968226],[130.87875366210938,33.90233640448069],[130.858154296875,33.90233640448069],[130.858154296875,33.90119657968226]]],[[[130.88424682617188,33.90119657968226],[130.88973999023438,33.90119657968226],[130.88973999023438,33.90233640448069],[130.88424682617188,33.90233640448069],[130.88424682617188,33.90119657968226]]],[[[130.924072265625,33.90119657968226],[130.92681884765625,33.90119657968226],[130.92681884765625,33.90233640448069],[130.924072265625,33.90233640448069],[130.924072265625,33.90119657968226]]],[[[130.99273681640625,33.90119657968226],[130.99411010742188,33.90119657968226],[130.99411010742188,33.90233640448069],[130.99273681640625,33.90233640448069],[130.99273681640625,33.90119657968226]]],[[[130.99822998046875,33.90119657968226],[130.99960327148438,33.90119657968226],[130.99960327148438,33.90233640448069],[130.99822998046875,33.90233640448069],[130.99822998046875,33.90119657968226]]],[[[130.40496826171875,33.90005673964574],[130.40771484375,33.90005673964574],[130.40771484375,33.90119657968226],[130.40496826171875,33.90119657968226],[130.40496826171875,33.90005673964574]]],[[[130.65353393554688,33.90005673964574],[130.66177368164062,33.90005673964574],[130.66177368164062,33.90119657968226],[130.65353393554688,33.90119657968226],[130.65353393554688,33.90005673964574]]],[[[130.81558227539062,33.90005673964574],[130.82244873046875,33.90005673964574],[130.82244873046875,33.90119657968226],[130.81558227539062,33.90119657968226],[130.81558227539062,33.90005673964574]]],[[[130.85952758789062,33.90005673964574],[130.87600708007812,33.90005673964574],[130.87600708007812,33.90119657968226],[130.85952758789062,33.90119657968226],[130.85952758789062,33.90005673964574]]],[[[130.880126953125,33.90005673964574],[130.89111328125,33.90005673964574],[130.89111328125,33.90119657968226],[130.880126953125,33.90119657968226],[130.880126953125,33.90005673964574]]],[[[130.92132568359375,33.90005673964574],[130.92544555664062,33.90005673964574],[130.92544555664062,33.90119657968226],[130.92132568359375,33.90119657968226],[130.92132568359375,33.90005673964574]]],[[[130.989990234375,33.90005673964574],[130.99136352539062,33.90005673964574],[130.99136352539062,33.90119657968226],[130.989990234375,33.90119657968226],[130.989990234375,33.90005673964574]]],[[[130.40634155273438,33.8989168843714],[130.40771484375,33.8989168843714],[130.40771484375,33.90005673964574],[130.40634155273438,33.90005673964574],[130.40634155273438,33.8989168843714]]],[[[130.4351806640625,33.8989168843714],[130.43655395507812,33.8989168843714],[130.43655395507812,33.90005673964574],[130.4351806640625,33.90005673964574],[130.4351806640625,33.8989168843714]]],[[[130.43792724609375,33.8989168843714],[130.43930053710938,33.8989168843714],[130.43930053710938,33.90119657968226],[130.43792724609375,33.90119657968226],[130.43792724609375,33.8989168843714]]],[[[130.49423217773438,33.8989168843714],[130.49560546875,33.8989168843714],[130.49560546875,33.90005673964574],[130.49423217773438,33.90005673964574],[130.49423217773438,33.8989168843714]]],[[[130.6494140625,33.8989168843714],[130.6549072265625,33.8989168843714],[130.6549072265625,33.90005673964574],[130.6494140625,33.90005673964574],[130.6494140625,33.8989168843714]]],[[[130.65765380859375,33.8989168843714],[130.66177368164062,33.8989168843714],[130.66177368164062,33.90005673964574],[130.65765380859375,33.90005673964574],[130.65765380859375,33.8989168843714]]],[[[130.66314697265625,33.8989168843714],[130.6658935546875,33.8989168843714],[130.6658935546875,33.90005673964574],[130.66314697265625,33.90005673964574],[130.66314697265625,33.8989168843714]]],[[[130.80459594726562,33.8989168843714],[130.81146240234375,33.8989168843714],[130.81146240234375,33.90119657968226],[130.80459594726562,33.90119657968226],[130.80459594726562,33.8989168843714]]],[[[130.81558227539062,33.8989168843714],[130.8197021484375,33.8989168843714],[130.8197021484375,33.90005673964574],[130.81558227539062,33.90005673964574],[130.81558227539062,33.8989168843714]]],[[[130.85952758789062,33.8989168843714],[130.86639404296875,33.8989168843714],[130.86639404296875,33.90005673964574],[130.85952758789062,33.90005673964574],[130.85952758789062,33.8989168843714]]],[[[130.86776733398438,33.8989168843714],[130.87326049804688,33.8989168843714],[130.87326049804688,33.90005673964574],[130.86776733398438,33.90005673964574],[130.86776733398438,33.8989168843714]]],[[[130.87738037109375,33.8989168843714],[130.89248657226562,33.8989168843714],[130.89248657226562,33.90005673964574],[130.87738037109375,33.90005673964574],[130.87738037109375,33.8989168843714]]],[[[130.91995239257812,33.8989168843714],[130.924072265625,33.8989168843714],[130.924072265625,33.90005673964574],[130.91995239257812,33.90005673964574],[130.91995239257812,33.8989168843714]]],[[[130.98587036132812,33.8989168843714],[130.98861694335938,33.8989168843714],[130.98861694335938,33.90005673964574],[130.98587036132812,33.90005673964574],[130.98587036132812,33.8989168843714]]],[[[130.43380737304688,33.897777013859475],[130.440673828125,33.897777013859475],[130.440673828125,33.8989168843714],[130.43380737304688,33.8989168843714],[130.43380737304688,33.897777013859475]]],[[[130.50796508789062,33.897777013859475],[130.50933837890625,33.897777013859475],[130.50933837890625,33.8989168843714],[130.50796508789062,33.8989168843714],[130.50796508789062,33.897777013859475]]],[[[130.65353393554688,33.897777013859475],[130.65628051757812,33.897777013859475],[130.65628051757812,33.8989168843714],[130.65353393554688,33.8989168843714],[130.65353393554688,33.897777013859475]]],[[[130.65765380859375,33.897777013859475],[130.66314697265625,33.897777013859475],[130.66314697265625,33.8989168843714],[130.65765380859375,33.8989168843714],[130.65765380859375,33.897777013859475]]],[[[130.66452026367188,33.897777013859475],[130.66726684570312,33.897777013859475],[130.66726684570312,33.8989168843714],[130.66452026367188,33.8989168843714],[130.66452026367188,33.897777013859475]]],[[[130.80459594726562,33.897777013859475],[130.80734252929688,33.897777013859475],[130.80734252929688,33.8989168843714],[130.80459594726562,33.8989168843714],[130.80459594726562,33.897777013859475]]],[[[130.85952758789062,33.897777013859475],[130.869140625,33.897777013859475],[130.869140625,33.8989168843714],[130.85952758789062,33.8989168843714],[130.85952758789062,33.897777013859475]]],[[[130.8746337890625,33.897777013859475],[130.89385986328125,33.897777013859475],[130.89385986328125,33.8989168843714],[130.8746337890625,33.8989168843714],[130.8746337890625,33.897777013859475]]],[[[130.9185791015625,33.897777013859475],[130.92269897460938,33.897777013859475],[130.92269897460938,33.8989168843714],[130.9185791015625,33.8989168843714],[130.9185791015625,33.897777013859475]]],[[[130.43380737304688,33.896637128110214],[130.43655395507812,33.896637128110214],[130.43655395507812,33.897777013859475],[130.43380737304688,33.897777013859475],[130.43380737304688,33.896637128110214]]],[[[130.65353393554688,33.896637128110214],[130.65902709960938,33.896637128110214],[130.65902709960938,33.897777013859475],[130.65353393554688,33.897777013859475],[130.65353393554688,33.896637128110214]]],[[[130.66314697265625,33.896637128110214],[130.66452026367188,33.896637128110214],[130.66452026367188,33.897777013859475],[130.66314697265625,33.897777013859475],[130.66314697265625,33.896637128110214]]],[[[130.6658935546875,33.896637128110214],[130.66726684570312,33.896637128110214],[130.66726684570312,33.897777013859475],[130.6658935546875,33.897777013859475],[130.6658935546875,33.896637128110214]]],[[[130.80459594726562,33.896637128110214],[130.80596923828125,33.896637128110214],[130.80596923828125,33.897777013859475],[130.80459594726562,33.897777013859475],[130.80459594726562,33.896637128110214]]],[[[130.814208984375,33.896637128110214],[130.82107543945312,33.896637128110214],[130.82107543945312,33.8989168843714],[130.814208984375,33.8989168843714],[130.814208984375,33.896637128110214]]],[[[130.85952758789062,33.896637128110214],[130.87188720703125,33.896637128110214],[130.87188720703125,33.897777013859475],[130.85952758789062,33.897777013859475],[130.85952758789062,33.896637128110214]]],[[[130.87326049804688,33.896637128110214],[130.89385986328125,33.896637128110214],[130.89385986328125,33.897777013859475],[130.87326049804688,33.897777013859475],[130.87326049804688,33.896637128110214]]],[[[130.91720581054688,33.896637128110214],[130.92132568359375,33.896637128110214],[130.92132568359375,33.897777013859475],[130.91720581054688,33.897777013859475],[130.91720581054688,33.896637128110214]]],[[[130.98724365234375,33.896637128110214],[130.98861694335938,33.896637128110214],[130.98861694335938,33.8989168843714],[130.98724365234375,33.8989168843714],[130.98724365234375,33.896637128110214]]],[[[130.40496826171875,33.89549722712386],[130.40634155273438,33.89549722712386],[130.40634155273438,33.897777013859475],[130.40496826171875,33.897777013859475],[130.40496826171875,33.89549722712386]]],[[[130.50247192382812,33.89549722712386],[130.50521850585938,33.89549722712386],[130.50521850585938,33.896637128110214],[130.50247192382812,33.896637128110214],[130.50247192382812,33.89549722712386]]],[[[130.506591796875,33.89549722712386],[130.50933837890625,33.89549722712386],[130.50933837890625,33.896637128110214],[130.506591796875,33.896637128110214],[130.506591796875,33.89549722712386]]],[[[130.65353393554688,33.89549722712386],[130.65765380859375,33.89549722712386],[130.65765380859375,33.896637128110214],[130.65353393554688,33.896637128110214],[130.65353393554688,33.89549722712386]]],[[[130.66314697265625,33.89549722712386],[130.66726684570312,33.89549722712386],[130.66726684570312,33.896637128110214],[130.66314697265625,33.896637128110214],[130.66314697265625,33.89549722712386]]],[[[130.80322265625,33.89549722712386],[130.80459594726562,33.89549722712386],[130.80459594726562,33.896637128110214],[130.80322265625,33.896637128110214],[130.80322265625,33.89549722712386]]],[[[130.81146240234375,33.89549722712386],[130.8197021484375,33.89549722712386],[130.8197021484375,33.896637128110214],[130.81146240234375,33.896637128110214],[130.81146240234375,33.89549722712386]]],[[[130.85952758789062,33.89549722712386],[130.89385986328125,33.89549722712386],[130.89385986328125,33.896637128110214],[130.85952758789062,33.896637128110214],[130.85952758789062,33.89549722712386]]],[[[130.9130859375,33.89549722712386],[130.91995239257812,33.89549722712386],[130.91995239257812,33.896637128110214],[130.9130859375,33.896637128110214],[130.9130859375,33.89549722712386]]],[[[130.98724365234375,33.89549722712386],[130.989990234375,33.89549722712386],[130.989990234375,33.896637128110214],[130.98724365234375,33.896637128110214],[130.98724365234375,33.89549722712386]]],[[[130.49972534179688,33.89435731090066],[130.50247192382812,33.89435731090066],[130.50247192382812,33.89549722712386],[130.49972534179688,33.89549722712386],[130.49972534179688,33.89435731090066]]],[[[130.50384521484375,33.89435731090066],[130.50521850585938,33.89435731090066],[130.50521850585938,33.89549722712386],[130.50384521484375,33.89549722712386],[130.50384521484375,33.89435731090066]]],[[[130.50796508789062,33.89435731090066],[130.50933837890625,33.89435731090066],[130.50933837890625,33.89549722712386],[130.50796508789062,33.89549722712386],[130.50796508789062,33.89435731090066]]],[[[130.65353393554688,33.89435731090066],[130.65628051757812,33.89435731090066],[130.65628051757812,33.89549722712386],[130.65353393554688,33.89549722712386],[130.65353393554688,33.89435731090066]]],[[[130.80047607421875,33.89435731090066],[130.80322265625,33.89435731090066],[130.80322265625,33.89549722712386],[130.80047607421875,33.89549722712386],[130.80047607421875,33.89435731090066]]],[[[130.8087158203125,33.89435731090066],[130.81558227539062,33.89435731090066],[130.81558227539062,33.89549722712386],[130.8087158203125,33.89549722712386],[130.8087158203125,33.89435731090066]]],[[[130.81695556640625,33.89435731090066],[130.81832885742188,33.89435731090066],[130.81832885742188,33.89549722712386],[130.81695556640625,33.89549722712386],[130.81695556640625,33.89435731090066]]],[[[130.85952758789062,33.89435731090066],[130.88424682617188,33.89435731090066],[130.88424682617188,33.89549722712386],[130.85952758789062,33.89549722712386],[130.85952758789062,33.89435731090066]]],[[[130.90621948242188,33.89435731090066],[130.9185791015625,33.89435731090066],[130.9185791015625,33.89549722712386],[130.90621948242188,33.89549722712386],[130.90621948242188,33.89435731090066]]],[[[130.98861694335938,33.89435731090066],[130.989990234375,33.89435731090066],[130.989990234375,33.89549722712386],[130.98861694335938,33.89549722712386],[130.98861694335938,33.89435731090066]]],[[[130.43243408203125,33.89321737944088],[130.43380737304688,33.89321737944088],[130.43380737304688,33.896637128110214],[130.43243408203125,33.896637128110214],[130.43243408203125,33.89321737944088]]],[[[130.65216064453125,33.89321737944088],[130.65628051757812,33.89321737944088],[130.65628051757812,33.89435731090066],[130.65216064453125,33.89435731090066],[130.65216064453125,33.89321737944088]]],[[[130.79910278320312,33.89321737944088],[130.80322265625,33.89321737944088],[130.80322265625,33.89435731090066],[130.79910278320312,33.89435731090066],[130.79910278320312,33.89321737944088]]],[[[130.80734252929688,33.89321737944088],[130.81008911132812,33.89321737944088],[130.81008911132812,33.89435731090066],[130.80734252929688,33.89435731090066],[130.80734252929688,33.89321737944088]]],[[[130.81283569335938,33.89321737944088],[130.814208984375,33.89321737944088],[130.814208984375,33.89435731090066],[130.81283569335938,33.89435731090066],[130.81283569335938,33.89321737944088]]],[[[130.86090087890625,33.89321737944088],[130.88287353515625,33.89321737944088],[130.88287353515625,33.89435731090066],[130.86090087890625,33.89435731090066],[130.86090087890625,33.89321737944088]]],[[[130.88699340820312,33.89321737944088],[130.89111328125,33.89321737944088],[130.89111328125,33.89435731090066],[130.88699340820312,33.89435731090066],[130.88699340820312,33.89321737944088]]],[[[130.89797973632812,33.89321737944088],[130.90347290039062,33.89321737944088],[130.90347290039062,33.89435731090066],[130.89797973632812,33.89435731090066],[130.89797973632812,33.89321737944088]]],[[[130.90484619140625,33.89321737944088],[130.91033935546875,33.89321737944088],[130.91033935546875,33.89435731090066],[130.90484619140625,33.89435731090066],[130.90484619140625,33.89321737944088]]],[[[130.989990234375,33.89321737944088],[130.99685668945312,33.89321737944088],[130.99685668945312,33.89435731090066],[130.989990234375,33.89435731090066],[130.989990234375,33.89321737944088]]],[[[130.40771484375,33.89207743274474],[130.40908813476562,33.89207743274474],[130.40908813476562,33.89435731090066],[130.40771484375,33.89435731090066],[130.40771484375,33.89207743274474]]],[[[130.65078735351562,33.89207743274474],[130.6549072265625,33.89207743274474],[130.6549072265625,33.89321737944088],[130.65078735351562,33.89321737944088],[130.65078735351562,33.89207743274474]]],[[[130.77850341796875,33.89207743274474],[130.78399658203125,33.89207743274474],[130.78399658203125,33.89321737944088],[130.77850341796875,33.89321737944088],[130.77850341796875,33.89207743274474]]],[[[130.7867431640625,33.89207743274474],[130.78948974609375,33.89207743274474],[130.78948974609375,33.89321737944088],[130.7867431640625,33.89321737944088],[130.7867431640625,33.89207743274474]]],[[[130.79910278320312,33.89207743274474],[130.80184936523438,33.89207743274474],[130.80184936523438,33.89321737944088],[130.79910278320312,33.89321737944088],[130.79910278320312,33.89207743274474]]],[[[130.80459594726562,33.89207743274474],[130.80734252929688,33.89207743274474],[130.80734252929688,33.89321737944088],[130.80459594726562,33.89321737944088],[130.80459594726562,33.89207743274474]]],[[[130.8636474609375,33.89207743274474],[130.88150024414062,33.89207743274474],[130.88150024414062,33.89321737944088],[130.8636474609375,33.89321737944088],[130.8636474609375,33.89207743274474]]],[[[130.88424682617188,33.89207743274474],[130.89248657226562,33.89207743274474],[130.89248657226562,33.89321737944088],[130.88424682617188,33.89321737944088],[130.88424682617188,33.89207743274474]]],[[[130.89385986328125,33.89207743274474],[130.902099609375,33.89207743274474],[130.902099609375,33.89321737944088],[130.89385986328125,33.89321737944088],[130.89385986328125,33.89207743274474]]],[[[130.90347290039062,33.89207743274474],[130.90621948242188,33.89207743274474],[130.90621948242188,33.89321737944088],[130.90347290039062,33.89321737944088],[130.90347290039062,33.89207743274474]]],[[[130.51071166992188,33.89093747081252],[130.5120849609375,33.89093747081252],[130.5120849609375,33.89207743274474],[130.51071166992188,33.89207743274474],[130.51071166992188,33.89093747081252]]],[[[130.56289672851562,33.89093747081252],[130.56427001953125,33.89093747081252],[130.56427001953125,33.89207743274474],[130.56289672851562,33.89207743274474],[130.56289672851562,33.89093747081252]]],[[[130.6494140625,33.89093747081252],[130.65353393554688,33.89093747081252],[130.65353393554688,33.89207743274474],[130.6494140625,33.89207743274474],[130.6494140625,33.89093747081252]]],[[[130.7757568359375,33.89093747081252],[130.79498291015625,33.89093747081252],[130.79498291015625,33.89207743274474],[130.7757568359375,33.89207743274474],[130.7757568359375,33.89093747081252]]],[[[130.7977294921875,33.89093747081252],[130.80047607421875,33.89093747081252],[130.80047607421875,33.89207743274474],[130.7977294921875,33.89207743274474],[130.7977294921875,33.89093747081252]]],[[[130.80184936523438,33.89093747081252],[130.80596923828125,33.89093747081252],[130.80596923828125,33.89207743274474],[130.80184936523438,33.89207743274474],[130.80184936523438,33.89093747081252]]],[[[130.86776733398438,33.89093747081252],[130.89248657226562,33.89093747081252],[130.89248657226562,33.89207743274474],[130.86776733398438,33.89207743274474],[130.86776733398438,33.89093747081252]]],[[[130.89385986328125,33.89093747081252],[130.90484619140625,33.89093747081252],[130.90484619140625,33.89207743274474],[130.89385986328125,33.89207743274474],[130.89385986328125,33.89093747081252]]],[[[130.99273681640625,33.89093747081252],[131.00509643554688,33.89093747081252],[131.00509643554688,33.89321737944088],[130.99273681640625,33.89321737944088],[130.99273681640625,33.89093747081252]]],[[[130.41458129882812,33.88979749364443],[130.41595458984375,33.88979749364443],[130.41595458984375,33.89093747081252],[130.41458129882812,33.89093747081252],[130.41458129882812,33.88979749364443]]],[[[130.52444458007812,33.88979749364443],[130.52581787109375,33.88979749364443],[130.52581787109375,33.89093747081252],[130.52444458007812,33.89093747081252],[130.52444458007812,33.88979749364443]]],[[[130.55191040039062,33.88979749364443],[130.55328369140625,33.88979749364443],[130.55328369140625,33.89093747081252],[130.55191040039062,33.89093747081252],[130.55191040039062,33.88979749364443]]],[[[130.56015014648438,33.88979749364443],[130.56289672851562,33.88979749364443],[130.56289672851562,33.89093747081252],[130.56015014648438,33.89093747081252],[130.56015014648438,33.88979749364443]]],[[[130.64666748046875,33.88979749364443],[130.65078735351562,33.88979749364443],[130.65078735351562,33.89093747081252],[130.64666748046875,33.89093747081252],[130.64666748046875,33.88979749364443]]],[[[130.76751708984375,33.88979749364443],[130.770263671875,33.88979749364443],[130.770263671875,33.89093747081252],[130.76751708984375,33.89093747081252],[130.76751708984375,33.88979749364443]]],[[[130.77438354492188,33.88979749364443],[130.7977294921875,33.88979749364443],[130.7977294921875,33.89093747081252],[130.77438354492188,33.89093747081252],[130.77438354492188,33.88979749364443]]],[[[130.80047607421875,33.88979749364443],[130.80596923828125,33.88979749364443],[130.80596923828125,33.89093747081252],[130.80047607421875,33.89093747081252],[130.80047607421875,33.88979749364443]]],[[[130.869140625,33.88979749364443],[130.88973999023438,33.88979749364443],[130.88973999023438,33.89093747081252],[130.869140625,33.89093747081252],[130.869140625,33.88979749364443]]],[[[130.89248657226562,33.88979749364443],[130.902099609375,33.88979749364443],[130.902099609375,33.89093747081252],[130.89248657226562,33.89093747081252],[130.89248657226562,33.88979749364443]]],[[[130.99273681640625,33.88979749364443],[131.00234985351562,33.88979749364443],[131.00234985351562,33.89093747081252],[130.99273681640625,33.89093747081252],[130.99273681640625,33.88979749364443]]],[[[131.00372314453125,33.88979749364443],[131.00509643554688,33.88979749364443],[131.00509643554688,33.89093747081252],[131.00372314453125,33.89093747081252],[131.00372314453125,33.88979749364443]]],[[[130.41732788085938,33.88865750124074],[130.418701171875,33.88865750124074],[130.418701171875,33.88979749364443],[130.41732788085938,33.88979749364443],[130.41732788085938,33.88865750124074]]],[[[130.54092407226562,33.88865750124074],[130.54229736328125,33.88865750124074],[130.54229736328125,33.88979749364443],[130.54092407226562,33.88979749364443],[130.54092407226562,33.88865750124074]]],[[[130.54779052734375,33.88865750124074],[130.54916381835938,33.88865750124074],[130.54916381835938,33.88979749364443],[130.54779052734375,33.88979749364443],[130.54779052734375,33.88865750124074]]],[[[130.6439208984375,33.88865750124074],[130.6494140625,33.88865750124074],[130.6494140625,33.88979749364443],[130.6439208984375,33.88979749364443],[130.6439208984375,33.88865750124074]]],[[[130.76614379882812,33.88865750124074],[130.77713012695312,33.88865750124074],[130.77713012695312,33.88979749364443],[130.76614379882812,33.88979749364443],[130.76614379882812,33.88865750124074]]],[[[130.87188720703125,33.88865750124074],[130.88973999023438,33.88865750124074],[130.88973999023438,33.88979749364443],[130.87188720703125,33.88979749364443],[130.87188720703125,33.88865750124074]]],[[[130.89111328125,33.88865750124074],[130.8966064453125,33.88865750124074],[130.8966064453125,33.88979749364443],[130.89111328125,33.88979749364443],[130.89111328125,33.88865750124074]]],[[[130.89797973632812,33.88865750124074],[130.89935302734375,33.88865750124074],[130.89935302734375,33.88979749364443],[130.89797973632812,33.88979749364443],[130.89797973632812,33.88865750124074]]],[[[130.99273681640625,33.88865750124074],[130.9954833984375,33.88865750124074],[130.9954833984375,33.88979749364443],[130.99273681640625,33.88979749364443],[130.99273681640625,33.88865750124074]]],[[[130.99960327148438,33.88865750124074],[131.00509643554688,33.88865750124074],[131.00509643554688,33.88979749364443],[130.99960327148438,33.88979749364443],[130.99960327148438,33.88865750124074]]],[[[130.41732788085938,33.887517493601706],[130.42282104492188,33.887517493601706],[130.42282104492188,33.88865750124074],[130.41732788085938,33.88865750124074],[130.41732788085938,33.887517493601706]]],[[[130.5230712890625,33.887517493601706],[130.52444458007812,33.887517493601706],[130.52444458007812,33.88979749364443],[130.5230712890625,33.88979749364443],[130.5230712890625,33.887517493601706]]],[[[130.528564453125,33.887517493601706],[130.53817749023438,33.887517493601706],[130.53817749023438,33.88865750124074],[130.528564453125,33.88865750124074],[130.528564453125,33.887517493601706]]],[[[130.53955078125,33.887517493601706],[130.54092407226562,33.887517493601706],[130.54092407226562,33.88865750124074],[130.53955078125,33.88865750124074],[130.53955078125,33.887517493601706]]],[[[130.64117431640625,33.887517493601706],[130.64529418945312,33.887517493601706],[130.64529418945312,33.88865750124074],[130.64117431640625,33.88865750124074],[130.64117431640625,33.887517493601706]]],[[[130.7427978515625,33.887517493601706],[130.748291015625,33.887517493601706],[130.748291015625,33.88865750124074],[130.7427978515625,33.88865750124074],[130.7427978515625,33.887517493601706]]],[[[130.76339721679688,33.887517493601706],[130.78399658203125,33.887517493601706],[130.78399658203125,33.88865750124074],[130.76339721679688,33.88865750124074],[130.76339721679688,33.887517493601706]]],[[[130.79910278320312,33.887517493601706],[130.80459594726562,33.887517493601706],[130.80459594726562,33.88979749364443],[130.79910278320312,33.88979749364443],[130.79910278320312,33.887517493601706]]],[[[130.8746337890625,33.887517493601706],[130.89523315429688,33.887517493601706],[130.89523315429688,33.88865750124074],[130.8746337890625,33.88865750124074],[130.8746337890625,33.887517493601706]]],[[[130.99273681640625,33.887517493601706],[130.99411010742188,33.887517493601706],[130.99411010742188,33.88865750124074],[130.99273681640625,33.88865750124074],[130.99273681640625,33.887517493601706]]],[[[131.00234985351562,33.887517493601706],[131.00509643554688,33.887517493601706],[131.00509643554688,33.88865750124074],[131.00234985351562,33.88865750124074],[131.00234985351562,33.887517493601706]]],[[[130.42282104492188,33.886377470727545],[130.42556762695312,33.886377470727545],[130.42556762695312,33.887517493601706],[130.42282104492188,33.887517493601706],[130.42282104492188,33.886377470727545]]],[[[130.638427734375,33.886377470727545],[130.64117431640625,33.886377470727545],[130.64117431640625,33.887517493601706],[130.638427734375,33.887517493601706],[130.638427734375,33.886377470727545]]],[[[130.74142456054688,33.886377470727545],[130.74966430664062,33.886377470727545],[130.74966430664062,33.887517493601706],[130.74142456054688,33.887517493601706],[130.74142456054688,33.886377470727545]]],[[[130.76065063476562,33.886377470727545],[130.78399658203125,33.886377470727545],[130.78399658203125,33.887517493601706],[130.76065063476562,33.887517493601706],[130.76065063476562,33.886377470727545]]],[[[130.7977294921875,33.886377470727545],[130.80459594726562,33.886377470727545],[130.80459594726562,33.887517493601706],[130.7977294921875,33.887517493601706],[130.7977294921875,33.886377470727545]]],[[[130.87738037109375,33.886377470727545],[130.89385986328125,33.886377470727545],[130.89385986328125,33.887517493601706],[130.87738037109375,33.887517493601706],[130.87738037109375,33.886377470727545]]],[[[130.98724365234375,33.886377470727545],[130.9954833984375,33.886377470727545],[130.9954833984375,33.887517493601706],[130.98724365234375,33.887517493601706],[130.98724365234375,33.886377470727545]]],[[[130.52444458007812,33.88523743261853],[130.528564453125,33.88523743261853],[130.528564453125,33.886377470727545],[130.52444458007812,33.886377470727545],[130.52444458007812,33.88523743261853]]],[[[130.63430786132812,33.88523743261853],[130.638427734375,33.88523743261853],[130.638427734375,33.886377470727545],[130.63430786132812,33.886377470727545],[130.63430786132812,33.88523743261853]]],[[[130.74005126953125,33.88523743261853],[130.75103759765625,33.88523743261853],[130.75103759765625,33.886377470727545],[130.74005126953125,33.886377470727545],[130.74005126953125,33.88523743261853]]],[[[130.75927734375,33.88523743261853],[130.76889038085938,33.88523743261853],[130.76889038085938,33.886377470727545],[130.75927734375,33.886377470727545],[130.75927734375,33.88523743261853]]],[[[130.77301025390625,33.88523743261853],[130.78399658203125,33.88523743261853],[130.78399658203125,33.886377470727545],[130.77301025390625,33.886377470727545],[130.77301025390625,33.88523743261853]]],[[[130.79498291015625,33.88523743261853],[130.80459594726562,33.88523743261853],[130.80459594726562,33.886377470727545],[130.79498291015625,33.886377470727545],[130.79498291015625,33.88523743261853]]],[[[130.80596923828125,33.88523743261853],[130.80734252929688,33.88523743261853],[130.80734252929688,33.88979749364443],[130.80596923828125,33.88979749364443],[130.80596923828125,33.88523743261853]]],[[[130.880126953125,33.88523743261853],[130.89385986328125,33.88523743261853],[130.89385986328125,33.886377470727545],[130.880126953125,33.886377470727545],[130.880126953125,33.88523743261853]]],[[[130.98724365234375,33.88523743261853],[130.99685668945312,33.88523743261853],[130.99685668945312,33.886377470727545],[130.98724365234375,33.886377470727545],[130.98724365234375,33.88523743261853]]],[[[131.00234985351562,33.88523743261853],[131.00372314453125,33.88523743261853],[131.00372314453125,33.886377470727545],[131.00234985351562,33.886377470727545],[131.00234985351562,33.88523743261853]]],[[[130.63156127929688,33.8840973792749],[130.63568115234375,33.8840973792749],[130.63568115234375,33.88523743261853],[130.63156127929688,33.88523743261853],[130.63156127929688,33.8840973792749]]],[[[130.74142456054688,33.8840973792749],[130.76614379882812,33.8840973792749],[130.76614379882812,33.88523743261853],[130.74142456054688,33.88523743261853],[130.74142456054688,33.8840973792749]]],[[[130.77301025390625,33.8840973792749],[130.78125,33.8840973792749],[130.78125,33.88523743261853],[130.77301025390625,33.88523743261853],[130.77301025390625,33.8840973792749]]],[[[130.78948974609375,33.8840973792749],[130.80459594726562,33.8840973792749],[130.80459594726562,33.88523743261853],[130.78948974609375,33.88523743261853],[130.78948974609375,33.8840973792749]]],[[[130.88150024414062,33.8840973792749],[130.88973999023438,33.8840973792749],[130.88973999023438,33.88523743261853],[130.88150024414062,33.88523743261853],[130.88150024414062,33.8840973792749]]],[[[130.99273681640625,33.8840973792749],[131.00372314453125,33.8840973792749],[131.00372314453125,33.88523743261853],[130.99273681640625,33.88523743261853],[130.99273681640625,33.8840973792749]]],[[[130.52581787109375,33.882957310696916],[130.52993774414062,33.882957310696916],[130.52993774414062,33.88523743261853],[130.52581787109375,33.88523743261853],[130.52581787109375,33.882957310696916]]],[[[130.56564331054688,33.882957310696916],[130.5670166015625,33.882957310696916],[130.5670166015625,33.88865750124074],[130.56564331054688,33.88865750124074],[130.56564331054688,33.882957310696916]]],[[[130.62606811523438,33.882957310696916],[130.6329345703125,33.882957310696916],[130.6329345703125,33.8840973792749],[130.62606811523438,33.8840973792749],[130.62606811523438,33.882957310696916]]],[[[130.74005126953125,33.882957310696916],[130.7647705078125,33.882957310696916],[130.7647705078125,33.8840973792749],[130.74005126953125,33.8840973792749],[130.74005126953125,33.882957310696916]]],[[[130.76889038085938,33.882957310696916],[130.77713012695312,33.882957310696916],[130.77713012695312,33.8840973792749],[130.76889038085938,33.8840973792749],[130.76889038085938,33.882957310696916]]],[[[130.78399658203125,33.882957310696916],[130.80459594726562,33.882957310696916],[130.80459594726562,33.8840973792749],[130.78399658203125,33.8840973792749],[130.78399658203125,33.882957310696916]]],[[[130.80596923828125,33.882957310696916],[130.8087158203125,33.882957310696916],[130.8087158203125,33.88523743261853],[130.80596923828125,33.88523743261853],[130.80596923828125,33.882957310696916]]],[[[130.8856201171875,33.882957310696916],[130.88699340820312,33.882957310696916],[130.88699340820312,33.8840973792749],[130.8856201171875,33.8840973792749],[130.8856201171875,33.882957310696916]]],[[[130.98587036132812,33.882957310696916],[130.99136352539062,33.882957310696916],[130.99136352539062,33.88523743261853],[130.98587036132812,33.88523743261853],[130.98587036132812,33.882957310696916]]],[[[130.99411010742188,33.882957310696916],[131.00372314453125,33.882957310696916],[131.00372314453125,33.8840973792749],[130.99411010742188,33.8840973792749],[130.99411010742188,33.882957310696916]]],[[[130.5670166015625,33.88181722688482],[130.56838989257812,33.88181722688482],[130.56838989257812,33.882957310696916],[130.5670166015625,33.882957310696916],[130.5670166015625,33.88181722688482]]],[[[130.6219482421875,33.88181722688482],[130.6329345703125,33.88181722688482],[130.6329345703125,33.882957310696916],[130.6219482421875,33.882957310696916],[130.6219482421875,33.88181722688482]]],[[[130.74005126953125,33.88181722688482],[130.74691772460938,33.88181722688482],[130.74691772460938,33.882957310696916],[130.74005126953125,33.882957310696916],[130.74005126953125,33.88181722688482]]],[[[130.748291015625,33.88181722688482],[130.77301025390625,33.88181722688482],[130.77301025390625,33.882957310696916],[130.748291015625,33.882957310696916],[130.748291015625,33.88181722688482]]],[[[130.78125,33.88181722688482],[130.78262329101562,33.88181722688482],[130.78262329101562,33.882957310696916],[130.78125,33.882957310696916],[130.78125,33.88181722688482]]],[[[130.78399658203125,33.88181722688482],[130.81008911132812,33.88181722688482],[130.81008911132812,33.882957310696916],[130.78399658203125,33.882957310696916],[130.78399658203125,33.88181722688482]]],[[[130.99411010742188,33.88181722688482],[131.00234985351562,33.88181722688482],[131.00234985351562,33.882957310696916],[130.99411010742188,33.882957310696916],[130.99411010742188,33.88181722688482]]],[[[130.616455078125,33.88067712783883],[130.62057495117188,33.88067712783883],[130.62057495117188,33.88181722688482],[130.616455078125,33.88181722688482],[130.616455078125,33.88067712783883]]],[[[130.62332153320312,33.88067712783883],[130.6329345703125,33.88067712783883],[130.6329345703125,33.88181722688482],[130.62332153320312,33.88181722688482],[130.62332153320312,33.88067712783883]]],[[[130.74005126953125,33.88067712783883],[130.76751708984375,33.88067712783883],[130.76751708984375,33.88181722688482],[130.74005126953125,33.88181722688482],[130.74005126953125,33.88067712783883]]],[[[130.7757568359375,33.88067712783883],[130.80596923828125,33.88067712783883],[130.80596923828125,33.88181722688482],[130.7757568359375,33.88181722688482],[130.7757568359375,33.88067712783883]]],[[[130.99411010742188,33.88067712783883],[130.99685668945312,33.88067712783883],[130.99685668945312,33.88181722688482],[130.99411010742188,33.88181722688482],[130.99411010742188,33.88067712783883]]],[[[130.56976318359375,33.879537013559236],[130.57388305664062,33.879537013559236],[130.57388305664062,33.88067712783883],[130.56976318359375,33.88067712783883],[130.56976318359375,33.879537013559236]]],[[[130.60958862304688,33.879537013559236],[130.61782836914062,33.879537013559236],[130.61782836914062,33.88067712783883],[130.60958862304688,33.88067712783883],[130.60958862304688,33.879537013559236]]],[[[130.62332153320312,33.879537013559236],[130.62881469726562,33.879537013559236],[130.62881469726562,33.88067712783883],[130.62332153320312,33.88067712783883],[130.62332153320312,33.879537013559236]]],[[[130.73867797851562,33.879537013559236],[130.748291015625,33.879537013559236],[130.748291015625,33.88067712783883],[130.73867797851562,33.88067712783883],[130.73867797851562,33.879537013559236]]],[[[130.74966430664062,33.879537013559236],[130.76339721679688,33.879537013559236],[130.76339721679688,33.88067712783883],[130.74966430664062,33.88067712783883],[130.74966430664062,33.879537013559236]]],[[[130.77163696289062,33.879537013559236],[130.77301025390625,33.879537013559236],[130.77301025390625,33.88067712783883],[130.77163696289062,33.88067712783883],[130.77163696289062,33.879537013559236]]],[[[130.77438354492188,33.879537013559236],[130.80459594726562,33.879537013559236],[130.80459594726562,33.88067712783883],[130.77438354492188,33.88067712783883],[130.77438354492188,33.879537013559236]]],[[[130.80734252929688,33.879537013559236],[130.81008911132812,33.879537013559236],[130.81008911132812,33.88181722688482],[130.80734252929688,33.88181722688482],[130.80734252929688,33.879537013559236]]],[[[130.9844970703125,33.879537013559236],[130.989990234375,33.879537013559236],[130.989990234375,33.882957310696916],[130.9844970703125,33.882957310696916],[130.9844970703125,33.879537013559236]]],[[[130.99273681640625,33.879537013559236],[130.99822998046875,33.879537013559236],[130.99822998046875,33.88067712783883],[130.99273681640625,33.88067712783883],[130.99273681640625,33.879537013559236]]],[[[130.56976318359375,33.87839688404627],[130.5780029296875,33.87839688404627],[130.5780029296875,33.879537013559236],[130.56976318359375,33.879537013559236],[130.56976318359375,33.87839688404627]]],[[[130.60272216796875,33.87839688404627],[130.60821533203125,33.87839688404627],[130.60821533203125,33.879537013559236],[130.60272216796875,33.879537013559236],[130.60272216796875,33.87839688404627]]],[[[130.60958862304688,33.87839688404627],[130.6109619140625,33.87839688404627],[130.6109619140625,33.879537013559236],[130.60958862304688,33.879537013559236],[130.60958862304688,33.87839688404627]]],[[[130.62332153320312,33.87839688404627],[130.62606811523438,33.87839688404627],[130.62606811523438,33.879537013559236],[130.62332153320312,33.879537013559236],[130.62332153320312,33.87839688404627]]],[[[130.74005126953125,33.87839688404627],[130.75927734375,33.87839688404627],[130.75927734375,33.879537013559236],[130.74005126953125,33.879537013559236],[130.74005126953125,33.87839688404627]]],[[[130.76751708984375,33.87839688404627],[130.80322265625,33.87839688404627],[130.80322265625,33.879537013559236],[130.76751708984375,33.879537013559236],[130.76751708984375,33.87839688404627]]],[[[130.99273681640625,33.87839688404627],[130.99411010742188,33.87839688404627],[130.99411010742188,33.879537013559236],[130.99273681640625,33.879537013559236],[130.99273681640625,33.87839688404627]]],[[[130.9954833984375,33.87839688404627],[130.99822998046875,33.87839688404627],[130.99822998046875,33.879537013559236],[130.9954833984375,33.879537013559236],[130.9954833984375,33.87839688404627]]],[[[130.99960327148438,33.87839688404627],[131.00234985351562,33.87839688404627],[131.00234985351562,33.88181722688482],[130.99960327148438,33.88181722688482],[130.99960327148438,33.87839688404627]]],[[[130.57113647460938,33.877256739300165],[130.572509765625,33.877256739300165],[130.572509765625,33.87839688404627],[130.57113647460938,33.87839688404627],[130.57113647460938,33.877256739300165]]],[[[130.58486938476562,33.877256739300165],[130.60409545898438,33.877256739300165],[130.60409545898438,33.87839688404627],[130.58486938476562,33.87839688404627],[130.58486938476562,33.877256739300165]]],[[[130.75103759765625,33.877256739300165],[130.75515747070312,33.877256739300165],[130.75515747070312,33.87839688404627],[130.75103759765625,33.87839688404627],[130.75103759765625,33.877256739300165]]],[[[130.76339721679688,33.877256739300165],[130.80322265625,33.877256739300165],[130.80322265625,33.87839688404627],[130.76339721679688,33.87839688404627],[130.76339721679688,33.877256739300165]]],[[[130.80734252929688,33.877256739300165],[130.81146240234375,33.877256739300165],[130.81146240234375,33.879537013559236],[130.80734252929688,33.879537013559236],[130.80734252929688,33.877256739300165]]],[[[130.99273681640625,33.877256739300165],[131.00234985351562,33.877256739300165],[131.00234985351562,33.87839688404627],[130.99273681640625,33.87839688404627],[130.99273681640625,33.877256739300165]]],[[[130.59585571289062,33.87611657932119],[130.60134887695312,33.87611657932119],[130.60134887695312,33.877256739300165],[130.59585571289062,33.877256739300165],[130.59585571289062,33.87611657932119]]],[[[130.60272216796875,33.87611657932119],[130.60409545898438,33.87611657932119],[130.60409545898438,33.877256739300165],[130.60272216796875,33.877256739300165],[130.60272216796875,33.87611657932119]]],[[[130.74142456054688,33.87611657932119],[130.74966430664062,33.87611657932119],[130.74966430664062,33.87839688404627],[130.74142456054688,33.87839688404627],[130.74142456054688,33.87611657932119]]],[[[130.75790405273438,33.87611657932119],[130.78948974609375,33.87611657932119],[130.78948974609375,33.877256739300165],[130.75790405273438,33.877256739300165],[130.75790405273438,33.87611657932119]]],[[[130.79360961914062,33.87611657932119],[130.80184936523438,33.87611657932119],[130.80184936523438,33.877256739300165],[130.79360961914062,33.877256739300165],[130.79360961914062,33.87611657932119]]],[[[130.80596923828125,33.87611657932119],[130.81008911132812,33.87611657932119],[130.81008911132812,33.877256739300165],[130.80596923828125,33.877256739300165],[130.80596923828125,33.87611657932119]]],[[[130.9844970703125,33.87611657932119],[130.98724365234375,33.87611657932119],[130.98724365234375,33.879537013559236],[130.9844970703125,33.879537013559236],[130.9844970703125,33.87611657932119]]],[[[130.528564453125,33.87497640410959],[130.52993774414062,33.87497640410959],[130.52993774414062,33.882957310696916],[130.528564453125,33.882957310696916],[130.528564453125,33.87497640410959]]],[[[130.74142456054688,33.87497640410959],[130.748291015625,33.87497640410959],[130.748291015625,33.87611657932119],[130.74142456054688,33.87611657932119],[130.74142456054688,33.87497640410959]]],[[[130.7537841796875,33.87497640410959],[130.77438354492188,33.87497640410959],[130.77438354492188,33.87611657932119],[130.7537841796875,33.87611657932119],[130.7537841796875,33.87497640410959]]],[[[130.77713012695312,33.87497640410959],[130.78399658203125,33.87497640410959],[130.78399658203125,33.87611657932119],[130.77713012695312,33.87611657932119],[130.77713012695312,33.87497640410959]]],[[[130.79498291015625,33.87497640410959],[130.80184936523438,33.87497640410959],[130.80184936523438,33.87611657932119],[130.79498291015625,33.87611657932119],[130.79498291015625,33.87497640410959]]],[[[130.80322265625,33.87497640410959],[130.8087158203125,33.87497640410959],[130.8087158203125,33.87611657932119],[130.80322265625,33.87611657932119],[130.80322265625,33.87497640410959]]],[[[130.98312377929688,33.87497640410959],[130.98724365234375,33.87497640410959],[130.98724365234375,33.87611657932119],[130.98312377929688,33.87611657932119],[130.98312377929688,33.87497640410959]]],[[[130.99273681640625,33.87497640410959],[131.0009765625,33.87497640410959],[131.0009765625,33.877256739300165],[130.99273681640625,33.877256739300165],[130.99273681640625,33.87497640410959]]],[[[130.74005126953125,33.873836213665605],[130.77438354492188,33.873836213665605],[130.77438354492188,33.87497640410959],[130.74005126953125,33.87497640410959],[130.74005126953125,33.873836213665605]]],[[[130.79635620117188,33.873836213665605],[130.80322265625,33.873836213665605],[130.80322265625,33.87497640410959],[130.79635620117188,33.87497640410959],[130.79635620117188,33.873836213665605]]],[[[130.80596923828125,33.873836213665605],[130.80734252929688,33.873836213665605],[130.80734252929688,33.87497640410959],[130.80596923828125,33.87497640410959],[130.80596923828125,33.873836213665605]]],[[[130.98037719726562,33.873836213665605],[130.98724365234375,33.873836213665605],[130.98724365234375,33.87497640410959],[130.98037719726562,33.87497640410959],[130.98037719726562,33.873836213665605]]],[[[130.74005126953125,33.87269600798948],[130.77163696289062,33.87269600798948],[130.77163696289062,33.873836213665605],[130.74005126953125,33.873836213665605],[130.74005126953125,33.87269600798948]]],[[[130.99411010742188,33.87269600798948],[131.0009765625,33.87269600798948],[131.0009765625,33.87497640410959],[130.99411010742188,33.87497640410959],[130.99411010742188,33.87269600798948]]],[[[130.52719116210938,33.871555787081476],[130.528564453125,33.871555787081476],[130.528564453125,33.873836213665605],[130.52719116210938,33.873836213665605],[130.52719116210938,33.871555787081476]]],[[[130.73867797851562,33.871555787081476],[130.770263671875,33.871555787081476],[130.770263671875,33.87269600798948],[130.73867797851562,33.87269600798948],[130.73867797851562,33.871555787081476]]],[[[130.97763061523438,33.871555787081476],[130.98724365234375,33.871555787081476],[130.98724365234375,33.873836213665605],[130.97763061523438,33.873836213665605],[130.97763061523438,33.871555787081476]]],[[[130.73867797851562,33.870415550941836],[130.75653076171875,33.870415550941836],[130.75653076171875,33.871555787081476],[130.73867797851562,33.871555787081476],[130.73867797851562,33.870415550941836]]],[[[130.75790405273438,33.870415550941836],[130.76614379882812,33.870415550941836],[130.76614379882812,33.871555787081476],[130.75790405273438,33.871555787081476],[130.75790405273438,33.870415550941836]]],[[[130.97763061523438,33.870415550941836],[130.98587036132812,33.870415550941836],[130.98587036132812,33.871555787081476],[130.97763061523438,33.871555787081476],[130.97763061523438,33.870415550941836]]],[[[130.03829956054688,33.8692752995708],[130.0396728515625,33.8692752995708],[130.0396728515625,33.870415550941836],[130.03829956054688,33.870415550941836],[130.03829956054688,33.8692752995708]]],[[[130.52581787109375,33.8692752995708],[130.52719116210938,33.8692752995708],[130.52719116210938,33.871555787081476],[130.52581787109375,33.871555787081476],[130.52581787109375,33.8692752995708]]],[[[130.73867797851562,33.8692752995708],[130.7537841796875,33.8692752995708],[130.7537841796875,33.870415550941836],[130.73867797851562,33.870415550941836],[130.73867797851562,33.8692752995708]]],[[[130.97900390625,33.8692752995708],[130.98587036132812,33.8692752995708],[130.98587036132812,33.870415550941836],[130.97900390625,33.870415550941836],[130.97900390625,33.8692752995708]]],[[[130.74005126953125,33.86813503296863],[130.75103759765625,33.86813503296863],[130.75103759765625,33.8692752995708],[130.74005126953125,33.8692752995708],[130.74005126953125,33.86813503296863]]],[[[130.97900390625,33.86813503296863],[130.9844970703125,33.86813503296863],[130.9844970703125,33.8692752995708],[130.97900390625,33.8692752995708],[130.97900390625,33.86813503296863]]],[[[130.98724365234375,33.86813503296863],[130.99822998046875,33.86813503296863],[130.99822998046875,33.8692752995708],[130.98724365234375,33.8692752995708],[130.98724365234375,33.86813503296863]]],[[[130.52444458007812,33.86699475113556],[130.52581787109375,33.86699475113556],[130.52581787109375,33.8692752995708],[130.52444458007812,33.8692752995708],[130.52444458007812,33.86699475113556]]],[[[130.97900390625,33.86699475113556],[130.98312377929688,33.86699475113556],[130.98312377929688,33.86813503296863],[130.97900390625,33.86813503296863],[130.97900390625,33.86699475113556]]],[[[130.03829956054688,33.86585445407185],[130.0396728515625,33.86585445407185],[130.0396728515625,33.86813503296863],[130.03829956054688,33.86813503296863],[130.03829956054688,33.86585445407185]]],[[[130.5230712890625,33.86585445407185],[130.52444458007812,33.86585445407185],[130.52444458007812,33.86699475113556],[130.5230712890625,33.86699475113556],[130.5230712890625,33.86585445407185]]],[[[130.98037719726562,33.86585445407185],[130.9844970703125,33.86585445407185],[130.9844970703125,33.86699475113556],[130.98037719726562,33.86699475113556],[130.98037719726562,33.86585445407185]]],[[[130.98587036132812,33.86585445407185],[130.99822998046875,33.86585445407185],[130.99822998046875,33.86813503296863],[130.98587036132812,33.86813503296863],[130.98587036132812,33.86585445407185]]],[[[130.03143310546875,33.86471414177774],[130.03280639648438,33.86471414177774],[130.03280639648438,33.86699475113556],[130.03143310546875,33.86699475113556],[130.03143310546875,33.86471414177774]]],[[[130.46676635742188,33.86471414177774],[130.46951293945312,33.86471414177774],[130.46951293945312,33.86585445407185],[130.46676635742188,33.86585445407185],[130.46676635742188,33.86471414177774]]],[[[130.52169799804688,33.86471414177774],[130.5230712890625,33.86471414177774],[130.5230712890625,33.86585445407185],[130.52169799804688,33.86585445407185],[130.52169799804688,33.86471414177774]]],[[[130.98175048828125,33.86471414177774],[130.99136352539062,33.86471414177774],[130.99136352539062,33.86585445407185],[130.98175048828125,33.86585445407185],[130.98175048828125,33.86471414177774]]],[[[130.03829956054688,33.863573814253485],[130.0396728515625,33.863573814253485],[130.0396728515625,33.86471414177774],[130.03829956054688,33.86471414177774],[130.03829956054688,33.863573814253485]]],[[[130.98175048828125,33.863573814253485],[130.989990234375,33.863573814253485],[130.989990234375,33.86471414177774],[130.98175048828125,33.86471414177774],[130.98175048828125,33.863573814253485]]],[[[130.9954833984375,33.863573814253485],[130.99822998046875,33.863573814253485],[130.99822998046875,33.86585445407185],[130.9954833984375,33.86585445407185],[130.9954833984375,33.863573814253485]]],[[[130.03280639648438,33.86243347149933],[130.03555297851562,33.86243347149933],[130.03555297851562,33.863573814253485],[130.03280639648438,33.863573814253485],[130.03280639648438,33.86243347149933]]],[[[130.9844970703125,33.86243347149933],[130.98724365234375,33.86243347149933],[130.98724365234375,33.863573814253485],[130.9844970703125,33.863573814253485],[130.9844970703125,33.86243347149933]]],[[[130.99411010742188,33.86243347149933],[130.99822998046875,33.86243347149933],[130.99822998046875,33.863573814253485],[130.99411010742188,33.863573814253485],[130.99411010742188,33.86243347149933]]],[[[130.03280639648438,33.861293113515515],[130.03829956054688,33.861293113515515],[130.03829956054688,33.86243347149933],[130.03280639648438,33.86243347149933],[130.03280639648438,33.861293113515515]]],[[[130.4681396484375,33.861293113515515],[130.46951293945312,33.861293113515515],[130.46951293945312,33.86243347149933],[130.4681396484375,33.86243347149933],[130.4681396484375,33.861293113515515]]],[[[130.517578125,33.861293113515515],[130.51895141601562,33.861293113515515],[130.51895141601562,33.86243347149933],[130.517578125,33.86243347149933],[130.517578125,33.861293113515515]]],[[[130.0341796875,33.86015274030231],[130.03555297851562,33.86015274030231],[130.03555297851562,33.861293113515515],[130.0341796875,33.861293113515515],[130.0341796875,33.86015274030231]]],[[[130.46676635742188,33.86015274030231],[130.4681396484375,33.86015274030231],[130.4681396484375,33.861293113515515],[130.46676635742188,33.861293113515515],[130.46676635742188,33.86015274030231]]],[[[130.51620483398438,33.86015274030231],[130.51895141601562,33.86015274030231],[130.51895141601562,33.861293113515515],[130.51620483398438,33.861293113515515],[130.51620483398438,33.86015274030231]]],[[[130.99411010742188,33.86015274030231],[130.99685668945312,33.86015274030231],[130.99685668945312,33.86243347149933],[130.99411010742188,33.86243347149933],[130.99411010742188,33.86015274030231]]],[[[130.4736328125,33.859012351859946],[130.47500610351562,33.859012351859946],[130.47500610351562,33.861293113515515],[130.4736328125,33.861293113515515],[130.4736328125,33.859012351859946]]],[[[130.51483154296875,33.859012351859946],[130.517578125,33.859012351859946],[130.517578125,33.86015274030231],[130.51483154296875,33.86015274030231],[130.51483154296875,33.859012351859946]]],[[[130.47225952148438,33.85787194818867],[130.47500610351562,33.85787194818867],[130.47500610351562,33.859012351859946],[130.47225952148438,33.859012351859946],[130.47225952148438,33.85787194818867]]],[[[130.47775268554688,33.85787194818867],[130.4791259765625,33.85787194818867],[130.4791259765625,33.859012351859946],[130.47775268554688,33.859012351859946],[130.47775268554688,33.85787194818867]]],[[[130.51345825195312,33.85787194818867],[130.51483154296875,33.85787194818867],[130.51483154296875,33.859012351859946],[130.51345825195312,33.859012351859946],[130.51345825195312,33.85787194818867]]],[[[130.99273681640625,33.85787194818867],[130.99685668945312,33.85787194818867],[130.99685668945312,33.86015274030231],[130.99273681640625,33.86015274030231],[130.99273681640625,33.85787194818867]]],[[[130.47637939453125,33.85673152928874],[130.47775268554688,33.85673152928874],[130.47775268554688,33.85787194818867],[130.47637939453125,33.85787194818867],[130.47637939453125,33.85673152928874]]],[[[130.51071166992188,33.85673152928874],[130.5120849609375,33.85673152928874],[130.5120849609375,33.85787194818867],[130.51071166992188,33.85787194818867],[130.51071166992188,33.85673152928874]]],[[[130.99136352539062,33.85673152928874],[130.9954833984375,33.85673152928874],[130.9954833984375,33.85787194818867],[130.99136352539062,33.85787194818867],[130.99136352539062,33.85673152928874]]],[[[131.0284423828125,33.85673152928874],[131.03530883789062,33.85673152928874],[131.03530883789062,33.85787194818867],[131.0284423828125,33.85787194818867],[131.0284423828125,33.85673152928874]]],[[[130.48049926757812,33.855591095160406],[130.48187255859375,33.855591095160406],[130.48187255859375,33.85673152928874],[130.48049926757812,33.85673152928874],[130.48049926757812,33.855591095160406]]],[[[130.50796508789062,33.855591095160406],[130.50933837890625,33.855591095160406],[130.50933837890625,33.85673152928874],[130.50796508789062,33.85673152928874],[130.50796508789062,33.855591095160406]]],[[[130.99273681640625,33.855591095160406],[130.9954833984375,33.855591095160406],[130.9954833984375,33.85673152928874],[130.99273681640625,33.85673152928874],[130.99273681640625,33.855591095160406]]],[[[131.0284423828125,33.855591095160406],[131.03668212890625,33.855591095160406],[131.03668212890625,33.85673152928874],[131.0284423828125,33.85673152928874],[131.0284423828125,33.855591095160406]]],[[[130.48187255859375,33.854450645803894],[130.48324584960938,33.854450645803894],[130.48324584960938,33.855591095160406],[130.48187255859375,33.855591095160406],[130.48187255859375,33.854450645803894]]],[[[130.50521850585938,33.854450645803894],[130.506591796875,33.854450645803894],[130.506591796875,33.855591095160406],[130.50521850585938,33.855591095160406],[130.50521850585938,33.854450645803894]]],[[[130.98724365234375,33.854450645803894],[130.9954833984375,33.854450645803894],[130.9954833984375,33.855591095160406],[130.98724365234375,33.855591095160406],[130.98724365234375,33.854450645803894]]],[[[131.02981567382812,33.854450645803894],[131.03668212890625,33.854450645803894],[131.03668212890625,33.855591095160406],[131.02981567382812,33.855591095160406],[131.02981567382812,33.854450645803894]]],[[[130.48187255859375,33.853310181219484],[130.484619140625,33.853310181219484],[130.484619140625,33.854450645803894],[130.48187255859375,33.854450645803894],[130.48187255859375,33.853310181219484]]],[[[130.98587036132812,33.853310181219484],[130.9954833984375,33.853310181219484],[130.9954833984375,33.854450645803894],[130.98587036132812,33.854450645803894],[130.98587036132812,33.853310181219484]]],[[[131.02981567382812,33.853310181219484],[131.03530883789062,33.853310181219484],[131.03530883789062,33.854450645803894],[131.02981567382812,33.854450645803894],[131.02981567382812,33.853310181219484]]],[[[130.48324584960938,33.852169701407405],[130.484619140625,33.852169701407405],[130.484619140625,33.853310181219484],[130.48324584960938,33.853310181219484],[130.48324584960938,33.852169701407405]]],[[[130.49697875976562,33.852169701407405],[130.50247192382812,33.852169701407405],[130.50247192382812,33.853310181219484],[130.49697875976562,33.853310181219484],[130.49697875976562,33.852169701407405]]],[[[130.98587036132812,33.852169701407405],[130.98724365234375,33.852169701407405],[130.98724365234375,33.853310181219484],[130.98587036132812,33.853310181219484],[130.98587036132812,33.852169701407405]]],[[[130.47775268554688,33.851029206367905],[130.4791259765625,33.851029206367905],[130.4791259765625,33.852169701407405],[130.47775268554688,33.852169701407405],[130.47775268554688,33.851029206367905]]],[[[130.48324584960938,33.851029206367905],[130.49285888671875,33.851029206367905],[130.49285888671875,33.852169701407405],[130.48324584960938,33.852169701407405],[130.48324584960938,33.851029206367905]]],[[[130.49972534179688,33.851029206367905],[130.5010986328125,33.851029206367905],[130.5010986328125,33.852169701407405],[130.49972534179688,33.852169701407405],[130.49972534179688,33.851029206367905]]],[[[130.98861694335938,33.851029206367905],[130.99411010742188,33.851029206367905],[130.99411010742188,33.853310181219484],[130.98861694335938,33.853310181219484],[130.98861694335938,33.851029206367905]]],[[[129.73068237304688,33.84988869610125],[129.7320556640625,33.84988869610125],[129.7320556640625,33.851029206367905],[129.73068237304688,33.851029206367905],[129.73068237304688,33.84988869610125]]],[[[130.4791259765625,33.84988869610125],[130.48049926757812,33.84988869610125],[130.48049926757812,33.851029206367905],[130.4791259765625,33.851029206367905],[130.4791259765625,33.84988869610125]]],[[[130.99273681640625,33.84988869610125],[130.99411010742188,33.84988869610125],[130.99411010742188,33.851029206367905],[130.99273681640625,33.851029206367905],[130.99273681640625,33.84988869610125]]],[[[131.02981567382812,33.84988869610125],[131.03668212890625,33.84988869610125],[131.03668212890625,33.853310181219484],[131.02981567382812,33.853310181219484],[131.02981567382812,33.84988869610125]]],[[[130.48049926757812,33.848748170607664],[130.48187255859375,33.848748170607664],[130.48187255859375,33.84988869610125],[130.48049926757812,33.84988869610125],[130.48049926757812,33.848748170607664]]],[[[130.98175048828125,33.848748170607664],[130.9844970703125,33.848748170607664],[130.9844970703125,33.851029206367905],[130.98175048828125,33.851029206367905],[130.98175048828125,33.848748170607664]]],[[[129.737548828125,33.84760762988741],[129.73892211914062,33.84760762988741],[129.73892211914062,33.848748170607664],[129.737548828125,33.848748170607664],[129.737548828125,33.84760762988741]]],[[[129.74029541015625,33.84760762988741],[129.7430419921875,33.84760762988741],[129.7430419921875,33.848748170607664],[129.74029541015625,33.848748170607664],[129.74029541015625,33.84760762988741]]],[[[129.74578857421875,33.84760762988741],[129.74853515625,33.84760762988741],[129.74853515625,33.848748170607664],[129.74578857421875,33.848748170607664],[129.74578857421875,33.84760762988741]]],[[[129.75265502929688,33.84760762988741],[129.7540283203125,33.84760762988741],[129.7540283203125,33.848748170607664],[129.75265502929688,33.848748170607664],[129.75265502929688,33.84760762988741]]],[[[130.98312377929688,33.84760762988741],[130.9844970703125,33.84760762988741],[130.9844970703125,33.848748170607664],[130.98312377929688,33.848748170607664],[130.98312377929688,33.84760762988741]]],[[[130.98587036132812,33.84760762988741],[130.98724365234375,33.84760762988741],[130.98724365234375,33.848748170607664],[130.98587036132812,33.848748170607664],[130.98587036132812,33.84760762988741]]],[[[129.75540161132812,33.846467073940744],[129.75677490234375,33.846467073940744],[129.75677490234375,33.84760762988741],[129.75540161132812,33.84760762988741],[129.75540161132812,33.846467073940744]]],[[[129.76776123046875,33.846467073940744],[129.76913452148438,33.846467073940744],[129.76913452148438,33.84760762988741],[129.76776123046875,33.84760762988741],[129.76776123046875,33.846467073940744]]],[[[130.98037719726562,33.846467073940744],[130.98587036132812,33.846467073940744],[130.98587036132812,33.84760762988741],[130.98037719726562,33.84760762988741],[130.98037719726562,33.846467073940744]]],[[[129.759521484375,33.8453265027679],[129.76089477539062,33.8453265027679],[129.76089477539062,33.846467073940744],[129.759521484375,33.846467073940744],[129.759521484375,33.8453265027679]]],[[[129.76913452148438,33.8453265027679],[129.7705078125,33.8453265027679],[129.7705078125,33.846467073940744],[129.76913452148438,33.846467073940744],[129.76913452148438,33.8453265027679]]],[[[130.98037719726562,33.8453265027679],[130.98312377929688,33.8453265027679],[130.98312377929688,33.846467073940744],[130.98037719726562,33.846467073940744],[130.98037719726562,33.8453265027679]]],[[[131.03118896484375,33.8453265027679],[131.03668212890625,33.8453265027679],[131.03668212890625,33.84988869610125],[131.03118896484375,33.84988869610125],[131.03118896484375,33.8453265027679]]],[[[129.7705078125,33.84418591636913],[129.77188110351562,33.84418591636913],[129.77188110351562,33.8453265027679],[129.7705078125,33.8453265027679],[129.7705078125,33.84418591636913]]],[[[131.03118896484375,33.84418591636913],[131.03805541992188,33.84418591636913],[131.03805541992188,33.8453265027679],[131.03118896484375,33.8453265027679],[131.03118896484375,33.84418591636913]]],[[[130.97763061523438,33.843045314744685],[130.9844970703125,33.843045314744685],[130.9844970703125,33.8453265027679],[130.97763061523438,33.8453265027679],[130.97763061523438,33.843045314744685]]],[[[129.77325439453125,33.84190469789482],[129.77462768554688,33.84190469789482],[129.77462768554688,33.843045314744685],[129.77325439453125,33.843045314744685],[129.77325439453125,33.84190469789482]]],[[[130.95840454101562,33.84190469789482],[130.95977783203125,33.84190469789482],[130.95977783203125,33.843045314744685],[130.95840454101562,33.843045314744685],[130.95840454101562,33.84190469789482]]],[[[130.97625732421875,33.84190469789482],[130.98175048828125,33.84190469789482],[130.98175048828125,33.843045314744685],[130.97625732421875,33.843045314744685],[130.97625732421875,33.84190469789482]]],[[[130.95703125,33.840764065819776],[130.96115112304688,33.840764065819776],[130.96115112304688,33.84190469789482],[130.95703125,33.84190469789482],[130.95703125,33.840764065819776]]],[[[130.98037719726562,33.840764065819776],[130.98175048828125,33.840764065819776],[130.98175048828125,33.84190469789482],[130.98037719726562,33.84190469789482],[130.98037719726562,33.840764065819776]]],[[[130.94879150390625,33.8396234185198],[130.95291137695312,33.8396234185198],[130.95291137695312,33.840764065819776],[130.94879150390625,33.840764065819776],[130.94879150390625,33.8396234185198]]],[[[130.97625732421875,33.8396234185198],[130.97763061523438,33.8396234185198],[130.97763061523438,33.84190469789482],[130.97625732421875,33.84190469789482],[130.97625732421875,33.8396234185198]]],[[[130.97900390625,33.8396234185198],[130.98037719726562,33.8396234185198],[130.98037719726562,33.840764065819776],[130.97900390625,33.840764065819776],[130.97900390625,33.8396234185198]]],[[[129.7705078125,33.83848275599514],[129.77188110351562,33.83848275599514],[129.77188110351562,33.8396234185198],[129.7705078125,33.8396234185198],[129.7705078125,33.83848275599514]]],[[[130.48049926757812,33.83848275599514],[130.48187255859375,33.83848275599514],[130.48187255859375,33.843045314744685],[130.48049926757812,33.843045314744685],[130.48049926757812,33.83848275599514]]],[[[130.946044921875,33.83848275599514],[130.95291137695312,33.83848275599514],[130.95291137695312,33.8396234185198],[130.946044921875,33.8396234185198],[130.946044921875,33.83848275599514]]],[[[130.95565795898438,33.83848275599514],[130.96527099609375,33.83848275599514],[130.96527099609375,33.840764065819776],[130.95565795898438,33.840764065819776],[130.95565795898438,33.83848275599514]]],[[[130.97625732421875,33.83848275599514],[130.98037719726562,33.83848275599514],[130.98037719726562,33.8396234185198],[130.97625732421875,33.8396234185198],[130.97625732421875,33.83848275599514]]],[[[131.02706909179688,33.83848275599514],[131.03805541992188,33.83848275599514],[131.03805541992188,33.84418591636913],[131.02706909179688,33.84418591636913],[131.02706909179688,33.83848275599514]]],[[[129.76776123046875,33.83734207824606],[129.76913452148438,33.83734207824606],[129.76913452148438,33.83848275599514],[129.76776123046875,33.83848275599514],[129.76776123046875,33.83734207824606]]],[[[130.94467163085938,33.83734207824606],[130.95291137695312,33.83734207824606],[130.95291137695312,33.83848275599514],[130.94467163085938,33.83848275599514],[130.94467163085938,33.83734207824606]]],[[[130.9625244140625,33.83734207824606],[130.968017578125,33.83734207824606],[130.968017578125,33.83848275599514],[130.9625244140625,33.83848275599514],[130.9625244140625,33.83734207824606]]],[[[130.97625732421875,33.83734207824606],[130.97900390625,33.83734207824606],[130.97900390625,33.83848275599514],[130.97625732421875,33.83848275599514],[130.97625732421875,33.83734207824606]]],[[[131.02706909179688,33.83734207824606],[131.0394287109375,33.83734207824606],[131.0394287109375,33.83848275599514],[131.02706909179688,33.83848275599514],[131.02706909179688,33.83734207824606]]],[[[130.94329833984375,33.83620138527279],[130.95291137695312,33.83620138527279],[130.95291137695312,33.83734207824606],[130.94329833984375,33.83734207824606],[130.94329833984375,33.83620138527279]]],[[[130.95565795898438,33.83620138527279],[130.96115112304688,33.83620138527279],[130.96115112304688,33.83848275599514],[130.95565795898438,33.83848275599514],[130.95565795898438,33.83620138527279]]],[[[130.96389770507812,33.83620138527279],[130.96939086914062,33.83620138527279],[130.96939086914062,33.83734207824606],[130.96389770507812,33.83734207824606],[130.96389770507812,33.83620138527279]]],[[[130.97488403320312,33.83620138527279],[130.97763061523438,33.83620138527279],[130.97763061523438,33.83734207824606],[130.97488403320312,33.83734207824606],[130.97488403320312,33.83620138527279]]],[[[130.94192504882812,33.83506067707559],[130.9515380859375,33.83506067707559],[130.9515380859375,33.83620138527279],[130.94192504882812,33.83620138527279],[130.94192504882812,33.83506067707559]]],[[[130.96939086914062,33.83506067707559],[130.97763061523438,33.83506067707559],[130.97763061523438,33.83620138527279],[130.96939086914062,33.83620138527279],[130.96939086914062,33.83506067707559]]],[[[129.76638793945312,33.8339199536547],[129.76776123046875,33.8339199536547],[129.76776123046875,33.83506067707559],[129.76638793945312,33.83506067707559],[129.76638793945312,33.8339199536547]]],[[[130.9405517578125,33.8339199536547],[130.95016479492188,33.8339199536547],[130.95016479492188,33.83506067707559],[130.9405517578125,33.83506067707559],[130.9405517578125,33.8339199536547]]],[[[130.9735107421875,33.8339199536547],[130.97763061523438,33.8339199536547],[130.97763061523438,33.83506067707559],[130.9735107421875,33.83506067707559],[130.9735107421875,33.8339199536547]]],[[[131.0284423828125,33.8339199536547],[131.0394287109375,33.8339199536547],[131.0394287109375,33.83734207824606],[131.0284423828125,33.83734207824606],[131.0284423828125,33.8339199536547]]],[[[130.9405517578125,33.83277921501038],[130.94741821289062,33.83277921501038],[130.94741821289062,33.8339199536547],[130.9405517578125,33.8339199536547],[130.9405517578125,33.83277921501038]]],[[[130.9405517578125,33.83163846114287],[130.94879150390625,33.83163846114287],[130.94879150390625,33.83277921501038],[130.9405517578125,33.83277921501038],[130.9405517578125,33.83163846114287]]],[[[130.95840454101562,33.83163846114287],[130.95977783203125,33.83163846114287],[130.95977783203125,33.83620138527279],[130.95840454101562,33.83620138527279],[130.95840454101562,33.83163846114287]]],[[[131.0284423828125,33.83163846114287],[131.03530883789062,33.83163846114287],[131.03530883789062,33.8339199536547],[131.0284423828125,33.8339199536547],[131.0284423828125,33.83163846114287]]],[[[131.03668212890625,33.83163846114287],[131.0394287109375,33.83163846114287],[131.0394287109375,33.8339199536547],[131.03668212890625,33.8339199536547],[131.03668212890625,33.83163846114287]]],[[[129.76638793945312,33.83049769205243],[129.76776123046875,33.83049769205243],[129.76776123046875,33.83163846114287],[129.76638793945312,33.83163846114287],[129.76638793945312,33.83049769205243]]],[[[130.4791259765625,33.83049769205243],[130.48049926757812,33.83049769205243],[130.48049926757812,33.83620138527279],[130.4791259765625,33.83620138527279],[130.4791259765625,33.83049769205243]]],[[[130.94329833984375,33.83049769205243],[130.95291137695312,33.83049769205243],[130.95291137695312,33.83163846114287],[130.94329833984375,33.83163846114287],[130.94329833984375,33.83049769205243]]],[[[130.94467163085938,33.82935690773931],[130.95840454101562,33.82935690773931],[130.95840454101562,33.83049769205243],[130.94467163085938,33.83049769205243],[130.94467163085938,33.82935690773931]]],[[[130.97213745117188,33.82935690773931],[130.97488403320312,33.82935690773931],[130.97488403320312,33.83049769205243],[130.97213745117188,33.83049769205243],[130.97213745117188,33.82935690773931]]],[[[131.0284423828125,33.82935690773931],[131.04080200195312,33.82935690773931],[131.04080200195312,33.83163846114287],[131.0284423828125,33.83163846114287],[131.0284423828125,33.82935690773931]]],[[[129.76638793945312,33.82821610820373],[129.76776123046875,33.82821610820373],[129.76776123046875,33.82935690773931],[129.76638793945312,33.82935690773931],[129.76638793945312,33.82821610820373]]],[[[130.946044921875,33.82821610820373],[130.95840454101562,33.82821610820373],[130.95840454101562,33.82935690773931],[130.946044921875,33.82935690773931],[130.946044921875,33.82821610820373]]],[[[130.968017578125,33.82821610820373],[130.9735107421875,33.82821610820373],[130.9735107421875,33.82935690773931],[130.968017578125,33.82935690773931],[130.968017578125,33.82821610820373]]],[[[130.47775268554688,33.82707529344597],[130.4791259765625,33.82707529344597],[130.4791259765625,33.83049769205243],[130.47775268554688,33.83049769205243],[130.47775268554688,33.82707529344597]]],[[[130.94741821289062,33.82707529344597],[130.95840454101562,33.82707529344597],[130.95840454101562,33.82821610820373],[130.94741821289062,33.82821610820373],[130.94741821289062,33.82707529344597]]],[[[130.97488403320312,33.82707529344597],[130.97625732421875,33.82707529344597],[130.97625732421875,33.82821610820373],[130.97488403320312,33.82821610820373],[130.97488403320312,33.82707529344597]]],[[[129.7650146484375,33.82479361826488],[129.76638793945312,33.82479361826488],[129.76638793945312,33.825934463466275],[129.7650146484375,33.825934463466275],[129.7650146484375,33.82479361826488]]],[[[130.47637939453125,33.82479361826488],[130.47775268554688,33.82479361826488],[130.47775268554688,33.82707529344597],[130.47637939453125,33.82707529344597],[130.47637939453125,33.82479361826488]]],[[[130.95016479492188,33.82479361826488],[130.95977783203125,33.82479361826488],[130.95977783203125,33.82707529344597],[130.95016479492188,33.82707529344597],[130.95016479492188,33.82479361826488]]],[[[131.02981567382812,33.82479361826488],[131.04080200195312,33.82479361826488],[131.04080200195312,33.82935690773931],[131.02981567382812,33.82935690773931],[131.02981567382812,33.82479361826488]]],[[[130.47500610351562,33.823652757842055],[130.47775268554688,33.823652757842055],[130.47775268554688,33.82479361826488],[130.47500610351562,33.82479361826488],[130.47500610351562,33.823652757842055]]],[[[131.02981567382812,33.823652757842055],[131.04217529296875,33.823652757842055],[131.04217529296875,33.82479361826488],[131.02981567382812,33.82479361826488],[131.02981567382812,33.823652757842055]]],[[[129.7650146484375,33.82251188219802],[129.76776123046875,33.82251188219802],[129.76776123046875,33.82479361826488],[129.7650146484375,33.82479361826488],[129.7650146484375,33.82251188219802]]],[[[130.9515380859375,33.82251188219802],[130.96115112304688,33.82251188219802],[130.96115112304688,33.82479361826488],[130.9515380859375,33.82479361826488],[130.9515380859375,33.82251188219802]]],[[[130.47500610351562,33.821370991333055],[130.47637939453125,33.821370991333055],[130.47637939453125,33.823652757842055],[130.47500610351562,33.823652757842055],[130.47500610351562,33.821370991333055]]],[[[130.95291137695312,33.821370991333055],[130.9625244140625,33.821370991333055],[130.9625244140625,33.82251188219802],[130.95291137695312,33.82251188219802],[130.95291137695312,33.821370991333055]]],[[[130.95428466796875,33.82023008524739],[130.9625244140625,33.82023008524739],[130.9625244140625,33.821370991333055],[130.95428466796875,33.821370991333055],[130.95428466796875,33.82023008524739]]],[[[131.03118896484375,33.82023008524739],[131.04217529296875,33.82023008524739],[131.04217529296875,33.823652757842055],[131.03118896484375,33.823652757842055],[131.03118896484375,33.82023008524739]]],[[[130.4736328125,33.81908916394128],[130.47500610351562,33.81908916394128],[130.47500610351562,33.821370991333055],[130.4736328125,33.821370991333055],[130.4736328125,33.81908916394128]]],[[[130.95565795898438,33.81908916394128],[130.96389770507812,33.81908916394128],[130.96389770507812,33.82023008524739],[130.95565795898438,33.82023008524739],[130.95565795898438,33.81908916394128]]],[[[131.01058959960938,33.81908916394128],[131.01333618164062,33.81908916394128],[131.01333618164062,33.82023008524739],[131.01058959960938,33.82023008524739],[131.01058959960938,33.81908916394128]]],[[[131.03118896484375,33.81908916394128],[131.03668212890625,33.81908916394128],[131.03668212890625,33.82023008524739],[131.03118896484375,33.82023008524739],[131.03118896484375,33.81908916394128]]],[[[130.440673828125,33.81794822741498],[130.44342041015625,33.81794822741498],[130.44342041015625,33.81908916394128],[130.440673828125,33.81908916394128],[130.440673828125,33.81794822741498]]],[[[130.47225952148438,33.81794822741498],[130.4736328125,33.81794822741498],[130.4736328125,33.81908916394128],[130.47225952148438,33.81908916394128],[130.47225952148438,33.81794822741498]]],[[[130.95703125,33.81794822741498],[130.96389770507812,33.81794822741498],[130.96389770507812,33.81908916394128],[130.95703125,33.81908916394128],[130.95703125,33.81794822741498]]],[[[130.99411010742188,33.81794822741498],[130.99685668945312,33.81794822741498],[130.99685668945312,33.81908916394128],[130.99411010742188,33.81908916394128],[130.99411010742188,33.81794822741498]]],[[[131.0064697265625,33.81794822741498],[131.01333618164062,33.81794822741498],[131.01333618164062,33.81908916394128],[131.0064697265625,33.81908916394128],[131.0064697265625,33.81794822741498]]],[[[130.44204711914062,33.81680727566873],[130.44342041015625,33.81680727566873],[130.44342041015625,33.81794822741498],[130.44204711914062,33.81794822741498],[130.44204711914062,33.81680727566873]]],[[[130.44754028320312,33.81680727566873],[130.44891357421875,33.81680727566873],[130.44891357421875,33.81794822741498],[130.44754028320312,33.81794822741498],[130.44754028320312,33.81680727566873]]],[[[130.47088623046875,33.81680727566873],[130.47225952148438,33.81680727566873],[130.47225952148438,33.81794822741498],[130.47088623046875,33.81794822741498],[130.47088623046875,33.81680727566873]]],[[[130.95977783203125,33.81680727566873],[130.96389770507812,33.81680727566873],[130.96389770507812,33.81794822741498],[130.95977783203125,33.81794822741498],[130.95977783203125,33.81680727566873]]],[[[131.00372314453125,33.81680727566873],[131.01333618164062,33.81680727566873],[131.01333618164062,33.81794822741498],[131.00372314453125,33.81794822741498],[131.00372314453125,33.81680727566873]]],[[[129.76089477539062,33.815666308702774],[129.76226806640625,33.815666308702774],[129.76226806640625,33.81794822741498],[129.76089477539062,33.81794822741498],[129.76089477539062,33.815666308702774]]],[[[130.46951293945312,33.815666308702774],[130.47225952148438,33.815666308702774],[130.47225952148438,33.81680727566873],[130.46951293945312,33.81680727566873],[130.46951293945312,33.815666308702774]]],[[[130.95977783203125,33.815666308702774],[130.96527099609375,33.815666308702774],[130.96527099609375,33.81680727566873],[130.95977783203125,33.81680727566873],[130.95977783203125,33.815666308702774]]],[[[131.0009765625,33.815666308702774],[131.01470947265625,33.815666308702774],[131.01470947265625,33.81680727566873],[131.0009765625,33.81680727566873],[131.0009765625,33.815666308702774]]],[[[129.76089477539062,33.81452532651738],[129.7650146484375,33.81452532651738],[129.7650146484375,33.815666308702774],[129.76089477539062,33.815666308702774],[129.76089477539062,33.81452532651738]]],[[[130.46951293945312,33.81452532651738],[130.47088623046875,33.81452532651738],[130.47088623046875,33.815666308702774],[130.46951293945312,33.815666308702774],[130.46951293945312,33.81452532651738]]],[[[130.96115112304688,33.81452532651738],[130.96527099609375,33.81452532651738],[130.96527099609375,33.815666308702774],[130.96115112304688,33.815666308702774],[130.96115112304688,33.81452532651738]]],[[[130.99685668945312,33.81452532651738],[131.01470947265625,33.81452532651738],[131.01470947265625,33.815666308702774],[130.99685668945312,33.815666308702774],[130.99685668945312,33.81452532651738]]],[[[129.76226806640625,33.8133843291128],[129.7650146484375,33.8133843291128],[129.7650146484375,33.81452532651738],[129.76226806640625,33.81452532651738],[129.76226806640625,33.8133843291128]]],[[[130.44342041015625,33.8133843291128],[130.44479370117188,33.8133843291128],[130.44479370117188,33.81680727566873],[130.44342041015625,33.81680727566873],[130.44342041015625,33.8133843291128]]],[[[130.45028686523438,33.8133843291128],[130.45166015625,33.8133843291128],[130.45166015625,33.81680727566873],[130.45028686523438,33.81680727566873],[130.45028686523438,33.8133843291128]]],[[[130.4681396484375,33.8133843291128],[130.46951293945312,33.8133843291128],[130.46951293945312,33.81452532651738],[130.4681396484375,33.81452532651738],[130.4681396484375,33.8133843291128]]],[[[130.99411010742188,33.8133843291128],[131.01608276367188,33.8133843291128],[131.01608276367188,33.81452532651738],[130.99411010742188,33.81452532651738],[130.99411010742188,33.8133843291128]]],[[[130.46676635742188,33.81224331648925],[130.4681396484375,33.81224331648925],[130.4681396484375,33.8133843291128],[130.46676635742188,33.8133843291128],[130.46676635742188,33.81224331648925]]],[[[130.989990234375,33.81224331648925],[131.00509643554688,33.81224331648925],[131.00509643554688,33.8133843291128],[130.989990234375,33.8133843291128],[130.989990234375,33.81224331648925]]],[[[131.0064697265625,33.81224331648925],[131.01608276367188,33.81224331648925],[131.01608276367188,33.8133843291128],[131.0064697265625,33.8133843291128],[131.0064697265625,33.81224331648925]]],[[[129.75677490234375,33.81110228864702],[129.75814819335938,33.81110228864702],[129.75814819335938,33.81224331648925],[129.75677490234375,33.81224331648925],[129.75677490234375,33.81110228864702]]],[[[130.45028686523438,33.81110228864702],[130.45166015625,33.81110228864702],[130.45166015625,33.81224331648925],[130.45028686523438,33.81224331648925],[130.45028686523438,33.81110228864702]]],[[[130.45303344726562,33.81110228864702],[130.45440673828125,33.81110228864702],[130.45440673828125,33.81224331648925],[130.45303344726562,33.81224331648925],[130.45303344726562,33.81110228864702]]],[[[130.4571533203125,33.81110228864702],[130.45852661132812,33.81110228864702],[130.45852661132812,33.81224331648925],[130.4571533203125,33.81224331648925],[130.4571533203125,33.81110228864702]]],[[[130.46401977539062,33.81110228864702],[130.46539306640625,33.81110228864702],[130.46539306640625,33.81224331648925],[130.46401977539062,33.81224331648925],[130.46401977539062,33.81110228864702]]],[[[130.97488403320312,33.81110228864702],[130.98175048828125,33.81110228864702],[130.98175048828125,33.81224331648925],[130.97488403320312,33.81224331648925],[130.97488403320312,33.81110228864702]]],[[[130.98587036132812,33.81110228864702],[130.99273681640625,33.81110228864702],[130.99273681640625,33.81224331648925],[130.98587036132812,33.81224331648925],[130.98587036132812,33.81110228864702]]],[[[130.9954833984375,33.81110228864702],[131.00372314453125,33.81110228864702],[131.00372314453125,33.81224331648925],[130.9954833984375,33.81224331648925],[130.9954833984375,33.81110228864702]]],[[[131.00509643554688,33.81110228864702],[131.01608276367188,33.81110228864702],[131.01608276367188,33.81224331648925],[131.00509643554688,33.81224331648925],[131.00509643554688,33.81110228864702]]],[[[129.75265502929688,33.80996124558632],[129.75814819335938,33.80996124558632],[129.75814819335938,33.81110228864702],[129.75265502929688,33.81110228864702],[129.75265502929688,33.80996124558632]]],[[[129.7650146484375,33.80996124558632],[129.76638793945312,33.80996124558632],[129.76638793945312,33.8133843291128],[129.7650146484375,33.8133843291128],[129.7650146484375,33.80996124558632]]],[[[130.45852661132812,33.80996124558632],[130.45989990234375,33.80996124558632],[130.45989990234375,33.81110228864702],[130.45852661132812,33.81110228864702],[130.45852661132812,33.80996124558632]]],[[[130.46127319335938,33.80996124558632],[130.46401977539062,33.80996124558632],[130.46401977539062,33.81110228864702],[130.46127319335938,33.81110228864702],[130.46127319335938,33.80996124558632]]],[[[130.96115112304688,33.80996124558632],[130.96664428710938,33.80996124558632],[130.96664428710938,33.81452532651738],[130.96115112304688,33.81452532651738],[130.96115112304688,33.80996124558632]]],[[[130.968017578125,33.80996124558632],[130.97763061523438,33.80996124558632],[130.97763061523438,33.81110228864702],[130.968017578125,33.81110228864702],[130.968017578125,33.80996124558632]]],[[[130.98037719726562,33.80996124558632],[130.98312377929688,33.80996124558632],[130.98312377929688,33.81110228864702],[130.98037719726562,33.81110228864702],[130.98037719726562,33.80996124558632]]],[[[130.9844970703125,33.80996124558632],[130.98724365234375,33.80996124558632],[130.98724365234375,33.81110228864702],[130.9844970703125,33.81110228864702],[130.9844970703125,33.80996124558632]]],[[[130.98861694335938,33.80996124558632],[130.99273681640625,33.80996124558632],[130.99273681640625,33.81110228864702],[130.98861694335938,33.81110228864702],[130.98861694335938,33.80996124558632]]],[[[130.99411010742188,33.80996124558632],[131.00234985351562,33.80996124558632],[131.00234985351562,33.81110228864702],[130.99411010742188,33.81110228864702],[130.99411010742188,33.80996124558632]]],[[[131.00509643554688,33.80996124558632],[131.01470947265625,33.80996124558632],[131.01470947265625,33.81110228864702],[131.00509643554688,33.81110228864702],[131.00509643554688,33.80996124558632]]],[[[129.74716186523438,33.80882018730743],[129.75128173828125,33.80882018730743],[129.75128173828125,33.80996124558632],[129.74716186523438,33.80996124558632],[129.74716186523438,33.80882018730743]]],[[[129.75265502929688,33.80882018730743],[129.7540283203125,33.80882018730743],[129.7540283203125,33.80996124558632],[129.75265502929688,33.80996124558632],[129.75265502929688,33.80882018730743]]],[[[129.75677490234375,33.80882018730743],[129.76226806640625,33.80882018730743],[129.76226806640625,33.80996124558632],[129.75677490234375,33.80996124558632],[129.75677490234375,33.80882018730743]]],[[[130.96115112304688,33.80882018730743],[130.97763061523438,33.80882018730743],[130.97763061523438,33.80996124558632],[130.96115112304688,33.80996124558632],[130.96115112304688,33.80882018730743]]],[[[130.98175048828125,33.80882018730743],[130.98587036132812,33.80882018730743],[130.98587036132812,33.80996124558632],[130.98175048828125,33.80996124558632],[130.98175048828125,33.80882018730743]]],[[[130.9954833984375,33.80882018730743],[131.00234985351562,33.80882018730743],[131.00234985351562,33.80996124558632],[130.9954833984375,33.80996124558632],[130.9954833984375,33.80882018730743]]],[[[131.00509643554688,33.80882018730743],[131.011962890625,33.80882018730743],[131.011962890625,33.80996124558632],[131.00509643554688,33.80996124558632],[131.00509643554688,33.80882018730743]]],[[[129.74716186523438,33.8076791138106],[129.7540283203125,33.8076791138106],[129.7540283203125,33.80882018730743],[129.74716186523438,33.80882018730743],[129.74716186523438,33.8076791138106]]],[[[130.44479370117188,33.8076791138106],[130.4461669921875,33.8076791138106],[130.4461669921875,33.8133843291128],[130.44479370117188,33.8133843291128],[130.44479370117188,33.8076791138106]]],[[[130.9625244140625,33.8076791138106],[130.96664428710938,33.8076791138106],[130.96664428710938,33.80882018730743],[130.9625244140625,33.80882018730743],[130.9625244140625,33.8076791138106]]],[[[130.968017578125,33.8076791138106],[130.96939086914062,33.8076791138106],[130.96939086914062,33.80882018730743],[130.968017578125,33.80882018730743],[130.968017578125,33.8076791138106]]],[[[130.97076416015625,33.8076791138106],[130.97763061523438,33.8076791138106],[130.97763061523438,33.80882018730743],[130.97076416015625,33.80882018730743],[130.97076416015625,33.8076791138106]]],[[[130.99411010742188,33.8076791138106],[131.00234985351562,33.8076791138106],[131.00234985351562,33.80882018730743],[130.99411010742188,33.80882018730743],[130.99411010742188,33.8076791138106]]],[[[131.00372314453125,33.8076791138106],[131.01058959960938,33.8076791138106],[131.01058959960938,33.80882018730743],[131.00372314453125,33.80882018730743],[131.00372314453125,33.8076791138106]]],[[[129.74853515625,33.80653802509605],[129.74990844726562,33.80653802509605],[129.74990844726562,33.8076791138106],[129.74853515625,33.8076791138106],[129.74853515625,33.80653802509605]]],[[[130.4461669921875,33.80653802509605],[130.44754028320312,33.80653802509605],[130.44754028320312,33.8076791138106],[130.4461669921875,33.8076791138106],[130.4461669921875,33.80653802509605]]],[[[130.9625244140625,33.80653802509605],[130.96389770507812,33.80653802509605],[130.96389770507812,33.8076791138106],[130.9625244140625,33.8076791138106],[130.9625244140625,33.80653802509605]]],[[[130.99411010742188,33.80653802509605],[131.00921630859375,33.80653802509605],[131.00921630859375,33.8076791138106],[130.99411010742188,33.8076791138106],[130.99411010742188,33.80653802509605]]],[[[129.74990844726562,33.80539692116406],[129.75265502929688,33.80539692116406],[129.75265502929688,33.80653802509605],[129.74990844726562,33.80653802509605],[129.74990844726562,33.80539692116406]]],[[[129.75540161132812,33.80539692116406],[129.75677490234375,33.80539692116406],[129.75677490234375,33.80653802509605],[129.75540161132812,33.80653802509605],[129.75540161132812,33.80539692116406]]],[[[129.759521484375,33.80539692116406],[129.76089477539062,33.80539692116406],[129.76089477539062,33.80653802509605],[129.759521484375,33.80653802509605],[129.759521484375,33.80539692116406]]],[[[130.9954833984375,33.80539692116406],[130.99960327148438,33.80539692116406],[130.99960327148438,33.80653802509605],[130.9954833984375,33.80653802509605],[130.9954833984375,33.80539692116406]]],[[[131.00234985351562,33.80539692116406],[131.00509643554688,33.80539692116406],[131.00509643554688,33.80653802509605],[131.00234985351562,33.80653802509605],[131.00234985351562,33.80539692116406]]],[[[129.75814819335938,33.80425580201488],[129.76089477539062,33.80425580201488],[129.76089477539062,33.80539692116406],[129.75814819335938,33.80539692116406],[129.75814819335938,33.80425580201488]]],[[[130.99685668945312,33.80425580201488],[130.99960327148438,33.80425580201488],[130.99960327148438,33.80539692116406],[130.99685668945312,33.80539692116406],[130.99685668945312,33.80425580201488]]],[[[129.76364135742188,33.80311466764873],[129.7650146484375,33.80311466764873],[129.7650146484375,33.80425580201488],[129.76364135742188,33.80425580201488],[129.76364135742188,33.80311466764873]]],[[[130.44891357421875,33.80311466764873],[130.45028686523438,33.80311466764873],[130.45028686523438,33.80653802509605],[130.44891357421875,33.80653802509605],[130.44891357421875,33.80311466764873]]],[[[129.75677490234375,33.80197351806589],[129.759521484375,33.80197351806589],[129.759521484375,33.80425580201488],[129.75677490234375,33.80425580201488],[129.75677490234375,33.80197351806589]]],[[[130.99822998046875,33.80197351806589],[131.0009765625,33.80197351806589],[131.0009765625,33.80425580201488],[130.99822998046875,33.80425580201488],[130.99822998046875,33.80197351806589]]],[[[130.99685668945312,33.80083235326659],[131.0009765625,33.80083235326659],[131.0009765625,33.80197351806589],[130.99685668945312,33.80197351806589],[130.99685668945312,33.80083235326659]]],[[[129.7650146484375,33.79969117325109],[129.76638793945312,33.79969117325109],[129.76638793945312,33.80083235326659],[129.7650146484375,33.80083235326659],[129.7650146484375,33.79969117325109]]],[[[130.45028686523438,33.79969117325109],[130.45166015625,33.79969117325109],[130.45166015625,33.80197351806589],[130.45028686523438,33.80197351806589],[130.45028686523438,33.79969117325109]]],[[[130.99411010742188,33.79969117325109],[131.0009765625,33.79969117325109],[131.0009765625,33.80083235326659],[130.99411010742188,33.80083235326659],[130.99411010742188,33.79969117325109]]],[[[130.44891357421875,33.798549978019636],[130.45028686523438,33.798549978019636],[130.45028686523438,33.79969117325109],[130.44891357421875,33.79969117325109],[130.44891357421875,33.798549978019636]]],[[[130.99273681640625,33.798549978019636],[130.9954833984375,33.798549978019636],[130.9954833984375,33.79969117325109],[130.99273681640625,33.79969117325109],[130.99273681640625,33.798549978019636]]],[[[129.76638793945312,33.797408767572485],[129.76776123046875,33.797408767572485],[129.76776123046875,33.798549978019636],[129.76638793945312,33.798549978019636],[129.76638793945312,33.797408767572485]]],[[[129.77325439453125,33.797408767572485],[129.7760009765625,33.797408767572485],[129.7760009765625,33.798549978019636],[129.77325439453125,33.798549978019636],[129.77325439453125,33.797408767572485]]],[[[130.44754028320312,33.797408767572485],[130.44891357421875,33.797408767572485],[130.44891357421875,33.798549978019636],[130.44754028320312,33.798549978019636],[130.44754028320312,33.797408767572485]]],[[[130.98175048828125,33.797408767572485],[130.9844970703125,33.797408767572485],[130.9844970703125,33.798549978019636],[130.98175048828125,33.798549978019636],[130.98175048828125,33.797408767572485]]],[[[130.99136352539062,33.797408767572485],[130.99411010742188,33.797408767572485],[130.99411010742188,33.798549978019636],[130.99136352539062,33.798549978019636],[130.99136352539062,33.797408767572485]]],[[[129.7705078125,33.79626754190987],[129.7760009765625,33.79626754190987],[129.7760009765625,33.797408767572485],[129.7705078125,33.797408767572485],[129.7705078125,33.79626754190987]]],[[[129.77737426757812,33.79626754190987],[129.78012084960938,33.79626754190987],[129.78012084960938,33.797408767572485],[129.77737426757812,33.797408767572485],[129.77737426757812,33.79626754190987]]],[[[130.44479370117188,33.79626754190987],[130.44754028320312,33.79626754190987],[130.44754028320312,33.797408767572485],[130.44479370117188,33.797408767572485],[130.44479370117188,33.79626754190987]]],[[[130.99136352539062,33.79626754190987],[130.99273681640625,33.79626754190987],[130.99273681640625,33.797408767572485],[130.99136352539062,33.797408767572485],[130.99136352539062,33.79626754190987]]],[[[130.99685668945312,33.79626754190987],[131.0009765625,33.79626754190987],[131.0009765625,33.797408767572485],[130.99685668945312,33.797408767572485],[130.99685668945312,33.79626754190987]]],[[[129.77188110351562,33.79512630103208],[129.77325439453125,33.79512630103208],[129.77325439453125,33.79626754190987],[129.77188110351562,33.79626754190987],[129.77188110351562,33.79512630103208]]],[[[129.7760009765625,33.79512630103208],[129.77737426757812,33.79512630103208],[129.77737426757812,33.79626754190987],[129.7760009765625,33.79626754190987],[129.7760009765625,33.79512630103208]]],[[[130.44479370117188,33.79512630103208],[130.4461669921875,33.79512630103208],[130.4461669921875,33.79626754190987],[130.44479370117188,33.79626754190987],[130.44479370117188,33.79512630103208]]],[[[130.99411010742188,33.79512630103208],[131.00234985351562,33.79512630103208],[131.00234985351562,33.79626754190987],[130.99411010742188,33.79626754190987],[130.99411010742188,33.79512630103208]]],[[[129.77874755859375,33.79398504493931],[129.78012084960938,33.79398504493931],[129.78012084960938,33.79626754190987],[129.77874755859375,33.79626754190987],[129.77874755859375,33.79398504493931]]],[[[130.44342041015625,33.79398504493931],[130.44479370117188,33.79398504493931],[130.44479370117188,33.79512630103208],[130.44342041015625,33.79512630103208],[130.44342041015625,33.79398504493931]]],[[[130.45578002929688,33.79398504493931],[130.4571533203125,33.79398504493931],[130.4571533203125,33.79626754190987],[130.45578002929688,33.79626754190987],[130.45578002929688,33.79398504493931]]],[[[130.99273681640625,33.79398504493931],[131.00234985351562,33.79398504493931],[131.00234985351562,33.79512630103208],[130.99273681640625,33.79512630103208],[130.99273681640625,33.79398504493931]]],[[[130.45578002929688,33.79284377363184],[130.45852661132812,33.79284377363184],[130.45852661132812,33.79398504493931],[130.45578002929688,33.79398504493931],[130.45578002929688,33.79284377363184]]],[[[130.99136352539062,33.79284377363184],[131.00234985351562,33.79284377363184],[131.00234985351562,33.79398504493931],[130.99136352539062,33.79398504493931],[130.99136352539062,33.79284377363184]]],[[[131.00921630859375,33.79284377363184],[131.01058959960938,33.79284377363184],[131.01058959960938,33.79398504493931],[131.00921630859375,33.79398504493931],[131.00921630859375,33.79284377363184]]],[[[131.011962890625,33.79284377363184],[131.01333618164062,33.79284377363184],[131.01333618164062,33.79398504493931],[131.011962890625,33.79398504493931],[131.011962890625,33.79284377363184]]],[[[130.98312377929688,33.79170248710992],[130.98861694335938,33.79170248710992],[130.98861694335938,33.797408767572485],[130.98312377929688,33.797408767572485],[130.98312377929688,33.79170248710992]]],[[[130.99136352539062,33.79170248710992],[131.0009765625,33.79170248710992],[131.0009765625,33.79284377363184],[130.99136352539062,33.79284377363184],[130.99136352539062,33.79170248710992]]],[[[130.44479370117188,33.790561185373804],[130.4461669921875,33.790561185373804],[130.4461669921875,33.79170248710992],[130.44479370117188,33.79170248710992],[130.44479370117188,33.790561185373804]]],[[[130.98587036132812,33.790561185373804],[130.989990234375,33.790561185373804],[130.989990234375,33.79170248710992],[130.98587036132812,33.79170248710992],[130.98587036132812,33.790561185373804]]],[[[130.99136352539062,33.790561185373804],[131.00234985351562,33.790561185373804],[131.00234985351562,33.79170248710992],[130.99136352539062,33.79170248710992],[130.99136352539062,33.790561185373804]]],[[[129.781494140625,33.78941986842373],[129.78286743164062,33.78941986842373],[129.78286743164062,33.79170248710992],[129.781494140625,33.79170248710992],[129.781494140625,33.78941986842373]]],[[[130.44479370117188,33.78941986842373],[130.44754028320312,33.78941986842373],[130.44754028320312,33.790561185373804],[130.44479370117188,33.790561185373804],[130.44479370117188,33.78941986842373]]],[[[130.9844970703125,33.78941986842373],[131.00234985351562,33.78941986842373],[131.00234985351562,33.790561185373804],[130.9844970703125,33.790561185373804],[130.9844970703125,33.78941986842373]]],[[[131.00509643554688,33.78941986842373],[131.0064697265625,33.78941986842373],[131.0064697265625,33.790561185373804],[131.00509643554688,33.790561185373804],[131.00509643554688,33.78941986842373]]],[[[129.79248046875,33.78827853625996],[129.79522705078125,33.78827853625996],[129.79522705078125,33.790561185373804],[129.79248046875,33.790561185373804],[129.79248046875,33.78827853625996]]],[[[129.79660034179688,33.78827853625996],[129.7979736328125,33.78827853625996],[129.7979736328125,33.78941986842373],[129.79660034179688,33.78941986842373],[129.79660034179688,33.78827853625996]]],[[[130.4571533203125,33.78827853625996],[130.47088623046875,33.78827853625996],[130.47088623046875,33.79284377363184],[130.4571533203125,33.79284377363184],[130.4571533203125,33.78827853625996]]],[[[130.98312377929688,33.78827853625996],[131.00234985351562,33.78827853625996],[131.00234985351562,33.78941986842373],[130.98312377929688,33.78941986842373],[130.98312377929688,33.78827853625996]]],[[[129.78424072265625,33.78713718888273],[129.78973388671875,33.78713718888273],[129.78973388671875,33.78941986842373],[129.78424072265625,33.78941986842373],[129.78424072265625,33.78713718888273]]],[[[129.79110717773438,33.78713718888273],[129.79248046875,33.78713718888273],[129.79248046875,33.78827853625996],[129.79110717773438,33.78827853625996],[129.79110717773438,33.78713718888273]]],[[[129.79934692382812,33.78713718888273],[129.80072021484375,33.78713718888273],[129.80072021484375,33.78941986842373],[129.79934692382812,33.78941986842373],[129.79934692382812,33.78713718888273]]],[[[130.45578002929688,33.78713718888273],[130.47088623046875,33.78713718888273],[130.47088623046875,33.78827853625996],[130.45578002929688,33.78827853625996],[130.45578002929688,33.78713718888273]]],[[[129.77737426757812,33.7859958262923],[129.78012084960938,33.7859958262923],[129.78012084960938,33.78713718888273],[129.77737426757812,33.78713718888273],[129.77737426757812,33.7859958262923]]],[[[130.45440673828125,33.7859958262923],[130.45989990234375,33.7859958262923],[130.45989990234375,33.78713718888273],[130.45440673828125,33.78713718888273],[130.45440673828125,33.7859958262923]]],[[[130.462646484375,33.7859958262923],[130.46951293945312,33.7859958262923],[130.46951293945312,33.78713718888273],[130.462646484375,33.78713718888273],[130.462646484375,33.7859958262923]]],[[[130.98175048828125,33.7859958262923],[131.00234985351562,33.7859958262923],[131.00234985351562,33.78827853625996],[130.98175048828125,33.78827853625996],[130.98175048828125,33.7859958262923]]],[[[129.77188110351562,33.784854448488915],[129.77462768554688,33.784854448488915],[129.77462768554688,33.7859958262923],[129.77188110351562,33.7859958262923],[129.77188110351562,33.784854448488915]]],[[[129.7760009765625,33.784854448488915],[129.78012084960938,33.784854448488915],[129.78012084960938,33.7859958262923],[129.7760009765625,33.7859958262923],[129.7760009765625,33.784854448488915]]],[[[129.78286743164062,33.784854448488915],[129.78836059570312,33.784854448488915],[129.78836059570312,33.78713718888273],[129.78286743164062,33.78713718888273],[129.78286743164062,33.784854448488915]]],[[[130.44754028320312,33.784854448488915],[130.44891357421875,33.784854448488915],[130.44891357421875,33.7859958262923],[130.44754028320312,33.7859958262923],[130.44754028320312,33.784854448488915]]],[[[130.45166015625,33.784854448488915],[130.45303344726562,33.784854448488915],[130.45303344726562,33.7859958262923],[130.45166015625,33.7859958262923],[130.45166015625,33.784854448488915]]],[[[130.46539306640625,33.784854448488915],[130.4681396484375,33.784854448488915],[130.4681396484375,33.7859958262923],[130.46539306640625,33.7859958262923],[130.46539306640625,33.784854448488915]]],[[[129.7650146484375,33.78371305547283],[129.76776123046875,33.78371305547283],[129.76776123046875,33.784854448488915],[129.7650146484375,33.784854448488915],[129.7650146484375,33.78371305547283]]],[[[129.76913452148438,33.78371305547283],[129.7705078125,33.78371305547283],[129.7705078125,33.784854448488915],[129.76913452148438,33.784854448488915],[129.76913452148438,33.78371305547283]]],[[[129.77325439453125,33.78371305547283],[129.7760009765625,33.78371305547283],[129.7760009765625,33.784854448488915],[129.77325439453125,33.784854448488915],[129.77325439453125,33.78371305547283]]],[[[129.77874755859375,33.78371305547283],[129.78286743164062,33.78371305547283],[129.78286743164062,33.784854448488915],[129.77874755859375,33.784854448488915],[129.77874755859375,33.78371305547283]]],[[[129.7869873046875,33.78371305547283],[129.78836059570312,33.78371305547283],[129.78836059570312,33.784854448488915],[129.7869873046875,33.784854448488915],[129.7869873046875,33.78371305547283]]],[[[130.46539306640625,33.78371305547283],[130.46951293945312,33.78371305547283],[130.46951293945312,33.784854448488915],[130.46539306640625,33.784854448488915],[130.46539306640625,33.78371305547283]]],[[[129.7869873046875,33.78257164724429],[129.79385375976562,33.78257164724429],[129.79385375976562,33.78371305547283],[129.7869873046875,33.78371305547283],[129.7869873046875,33.78257164724429]]],[[[130.46676635742188,33.78257164724429],[130.46951293945312,33.78257164724429],[130.46951293945312,33.78371305547283],[130.46676635742188,33.78371305547283],[130.46676635742188,33.78257164724429]]],[[[130.98175048828125,33.78257164724429],[131.00372314453125,33.78257164724429],[131.00372314453125,33.7859958262923],[130.98175048828125,33.7859958262923],[130.98175048828125,33.78257164724429]]],[[[129.76226806640625,33.781430223803554],[129.7650146484375,33.781430223803554],[129.7650146484375,33.78371305547283],[129.76226806640625,33.78371305547283],[129.76226806640625,33.781430223803554]]],[[[129.7760009765625,33.781430223803554],[129.781494140625,33.781430223803554],[129.781494140625,33.78257164724429],[129.7760009765625,33.78257164724429],[129.7760009765625,33.781430223803554]]],[[[129.79110717773438,33.781430223803554],[129.79385375976562,33.781430223803554],[129.79385375976562,33.78257164724429],[129.79110717773438,33.78257164724429],[129.79110717773438,33.781430223803554]]],[[[129.7979736328125,33.781430223803554],[129.79934692382812,33.781430223803554],[129.79934692382812,33.78257164724429],[129.7979736328125,33.78257164724429],[129.7979736328125,33.781430223803554]]],[[[130.4681396484375,33.781430223803554],[130.47088623046875,33.781430223803554],[130.47088623046875,33.78257164724429],[130.4681396484375,33.78257164724429],[130.4681396484375,33.781430223803554]]],[[[130.9844970703125,33.781430223803554],[130.98587036132812,33.781430223803554],[130.98587036132812,33.78257164724429],[130.9844970703125,33.78257164724429],[130.9844970703125,33.781430223803554]]],[[[130.99273681640625,33.781430223803554],[131.00372314453125,33.781430223803554],[131.00372314453125,33.78257164724429],[130.99273681640625,33.78257164724429],[130.99273681640625,33.781430223803554]]],[[[129.759521484375,33.78028878515086],[129.76364135742188,33.78028878515086],[129.76364135742188,33.781430223803554],[129.759521484375,33.781430223803554],[129.759521484375,33.78028878515086]]],[[[129.78836059570312,33.78028878515086],[129.79110717773438,33.78028878515086],[129.79110717773438,33.781430223803554],[129.78836059570312,33.781430223803554],[129.78836059570312,33.78028878515086]]],[[[130.4681396484375,33.78028878515086],[130.47225952148438,33.78028878515086],[130.47225952148438,33.781430223803554],[130.4681396484375,33.781430223803554],[130.4681396484375,33.78028878515086]]],[[[130.99411010742188,33.78028878515086],[131.00372314453125,33.78028878515086],[131.00372314453125,33.781430223803554],[130.99411010742188,33.781430223803554],[130.99411010742188,33.78028878515086]]],[[[129.759521484375,33.77914733128647],[129.76226806640625,33.77914733128647],[129.76226806640625,33.78028878515086],[129.759521484375,33.78028878515086],[129.759521484375,33.77914733128647]]],[[[129.77874755859375,33.77914733128647],[129.781494140625,33.77914733128647],[129.781494140625,33.78028878515086],[129.77874755859375,33.78028878515086],[129.77874755859375,33.77914733128647]]],[[[129.79385375976562,33.77914733128647],[129.7979736328125,33.77914733128647],[129.7979736328125,33.78028878515086],[129.79385375976562,33.78028878515086],[129.79385375976562,33.77914733128647]]],[[[130.4681396484375,33.77914733128647],[130.46951293945312,33.77914733128647],[130.46951293945312,33.78028878515086],[130.4681396484375,33.78028878515086],[130.4681396484375,33.77914733128647]]],[[[130.99411010742188,33.77914733128647],[131.00234985351562,33.77914733128647],[131.00234985351562,33.78028878515086],[130.99411010742188,33.78028878515086],[130.99411010742188,33.77914733128647]]],[[[129.7760009765625,33.778005862210634],[129.78012084960938,33.778005862210634],[129.78012084960938,33.77914733128647],[129.7760009765625,33.77914733128647],[129.7760009765625,33.778005862210634]]],[[[129.78286743164062,33.778005862210634],[129.78424072265625,33.778005862210634],[129.78424072265625,33.77914733128647],[129.78286743164062,33.77914733128647],[129.78286743164062,33.778005862210634]]],[[[130.989990234375,33.778005862210634],[131.0009765625,33.778005862210634],[131.0009765625,33.77914733128647],[130.989990234375,33.77914733128647],[130.989990234375,33.778005862210634]]],[[[129.759521484375,33.77686437792358],[129.76089477539062,33.77686437792358],[129.76089477539062,33.778005862210634],[129.759521484375,33.778005862210634],[129.759521484375,33.77686437792358]]],[[[130.989990234375,33.77686437792358],[130.99960327148438,33.77686437792358],[130.99960327148438,33.778005862210634],[130.989990234375,33.778005862210634],[130.989990234375,33.77686437792358]]],[[[131.00921630859375,33.77686437792358],[131.01333618164062,33.77686437792358],[131.01333618164062,33.778005862210634],[131.00921630859375,33.778005862210634],[131.00921630859375,33.77686437792358]]],[[[129.78286743164062,33.7757228784256],[129.78561401367188,33.7757228784256],[129.78561401367188,33.778005862210634],[129.78286743164062,33.778005862210634],[129.78286743164062,33.7757228784256]]],[[[130.989990234375,33.7757228784256],[130.99822998046875,33.7757228784256],[130.99822998046875,33.77686437792358],[130.989990234375,33.77686437792358],[130.989990234375,33.7757228784256]]],[[[131.00784301757812,33.7757228784256],[131.01333618164062,33.7757228784256],[131.01333618164062,33.77686437792358],[131.00784301757812,33.77686437792358],[131.00784301757812,33.7757228784256]]],[[[129.78286743164062,33.7745813637169],[129.78424072265625,33.7745813637169],[129.78424072265625,33.7757228784256],[129.78286743164062,33.7757228784256],[129.78286743164062,33.7745813637169]]],[[[130.989990234375,33.7745813637169],[130.99685668945312,33.7745813637169],[130.99685668945312,33.7757228784256],[130.989990234375,33.7757228784256],[130.989990234375,33.7745813637169]]],[[[130.99960327148438,33.7745813637169],[131.00234985351562,33.7745813637169],[131.00234985351562,33.7757228784256],[130.99960327148438,33.7757228784256],[130.99960327148438,33.7745813637169]]],[[[131.0064697265625,33.7745813637169],[131.01470947265625,33.7745813637169],[131.01470947265625,33.7757228784256],[131.0064697265625,33.7757228784256],[131.0064697265625,33.7745813637169]]],[[[129.7705078125,33.773439833797745],[129.77325439453125,33.773439833797745],[129.77325439453125,33.7745813637169],[129.7705078125,33.7745813637169],[129.7705078125,33.773439833797745]]],[[[130.46951293945312,33.773439833797745],[130.47225952148438,33.773439833797745],[130.47225952148438,33.77914733128647],[130.46951293945312,33.77914733128647],[130.46951293945312,33.773439833797745]]],[[[130.99136352539062,33.773439833797745],[130.99411010742188,33.773439833797745],[130.99411010742188,33.7745813637169],[130.99136352539062,33.7745813637169],[130.99136352539062,33.773439833797745]]],[[[130.9954833984375,33.773439833797745],[131.00234985351562,33.773439833797745],[131.00234985351562,33.7745813637169],[130.9954833984375,33.7745813637169],[130.9954833984375,33.773439833797745]]],[[[131.00509643554688,33.773439833797745],[131.01470947265625,33.773439833797745],[131.01470947265625,33.7745813637169],[131.00509643554688,33.7745813637169],[131.00509643554688,33.773439833797745]]],[[[129.77462768554688,33.772298288668416],[129.7760009765625,33.772298288668416],[129.7760009765625,33.773439833797745],[129.77462768554688,33.773439833797745],[129.77462768554688,33.772298288668416]]],[[[129.77737426757812,33.772298288668416],[129.78012084960938,33.772298288668416],[129.78012084960938,33.773439833797745],[129.77737426757812,33.773439833797745],[129.77737426757812,33.772298288668416]]],[[[130.99136352539062,33.772298288668416],[131.0009765625,33.772298288668416],[131.0009765625,33.773439833797745],[130.99136352539062,33.773439833797745],[130.99136352539062,33.772298288668416]]],[[[131.00234985351562,33.772298288668416],[131.01608276367188,33.772298288668416],[131.01608276367188,33.773439833797745],[131.00234985351562,33.773439833797745],[131.00234985351562,33.772298288668416]]],[[[129.76226806640625,33.77115672832913],[129.76364135742188,33.77115672832913],[129.76364135742188,33.772298288668416],[129.76226806640625,33.772298288668416],[129.76226806640625,33.77115672832913]]],[[[129.7760009765625,33.77115672832913],[129.77737426757812,33.77115672832913],[129.77737426757812,33.772298288668416],[129.7760009765625,33.772298288668416],[129.7760009765625,33.77115672832913]]],[[[129.781494140625,33.77115672832913],[129.78286743164062,33.77115672832913],[129.78286743164062,33.772298288668416],[129.781494140625,33.772298288668416],[129.781494140625,33.77115672832913]]],[[[130.99411010742188,33.77115672832913],[130.99960327148438,33.77115672832913],[130.99960327148438,33.772298288668416],[130.99411010742188,33.772298288668416],[130.99411010742188,33.77115672832913]]],[[[131.0009765625,33.77115672832913],[131.01608276367188,33.77115672832913],[131.01608276367188,33.772298288668416],[131.0009765625,33.772298288668416],[131.0009765625,33.77115672832913]]],[[[130.99685668945312,33.7688735620217],[131.0174560546875,33.7688735620217],[131.0174560546875,33.77115672832913],[130.99685668945312,33.77115672832913],[130.99685668945312,33.7688735620217]]],[[[129.7650146484375,33.76773195605407],[129.76638793945312,33.76773195605407],[129.76638793945312,33.7688735620217],[129.7650146484375,33.7688735620217],[129.7650146484375,33.76773195605407]]],[[[129.76776123046875,33.76773195605407],[129.77188110351562,33.76773195605407],[129.77188110351562,33.7688735620217],[129.76776123046875,33.7688735620217],[129.76776123046875,33.76773195605407]]],[[[130.99822998046875,33.76773195605407],[131.01882934570312,33.76773195605407],[131.01882934570312,33.7688735620217],[130.99822998046875,33.7688735620217],[130.99822998046875,33.76773195605407]]],[[[129.76638793945312,33.76659033487749],[129.7705078125,33.76659033487749],[129.7705078125,33.76773195605407],[129.76638793945312,33.76773195605407],[129.76638793945312,33.76659033487749]]],[[[129.78836059570312,33.76659033487749],[129.78973388671875,33.76659033487749],[129.78973388671875,33.76773195605407],[129.78836059570312,33.76773195605407],[129.78836059570312,33.76659033487749]]],[[[129.814453125,33.76659033487749],[129.81582641601562,33.76659033487749],[129.81582641601562,33.76773195605407],[129.814453125,33.76773195605407],[129.814453125,33.76659033487749]]],[[[130.36514282226562,33.76659033487749],[130.36651611328125,33.76659033487749],[130.36651611328125,33.76773195605407],[130.36514282226562,33.76773195605407],[130.36514282226562,33.76659033487749]]],[[[130.46951293945312,33.76659033487749],[130.47088623046875,33.76659033487749],[130.47088623046875,33.77001515278013],[130.46951293945312,33.77001515278013],[130.46951293945312,33.76659033487749]]],[[[130.99960327148438,33.76659033487749],[131.0174560546875,33.76659033487749],[131.0174560546875,33.76773195605407],[130.99960327148438,33.76773195605407],[130.99960327148438,33.76659033487749]]],[[[129.81307983398438,33.76544869849222],[129.81582641601562,33.76544869849222],[129.81582641601562,33.76659033487749],[129.81307983398438,33.76659033487749],[129.81307983398438,33.76544869849222]]],[[[130.46676635742188,33.76544869849222],[130.47088623046875,33.76544869849222],[130.47088623046875,33.76659033487749],[130.46676635742188,33.76659033487749],[130.46676635742188,33.76544869849222]]],[[[130.99960327148438,33.76544869849222],[131.01608276367188,33.76544869849222],[131.01608276367188,33.76659033487749],[130.99960327148438,33.76659033487749],[130.99960327148438,33.76544869849222]]],[[[129.79660034179688,33.764307046898494],[129.7979736328125,33.764307046898494],[129.7979736328125,33.76544869849222],[129.79660034179688,33.76544869849222],[129.79660034179688,33.764307046898494]]],[[[130.37338256835938,33.764307046898494],[130.374755859375,33.764307046898494],[130.374755859375,33.76544869849222],[130.37338256835938,33.76544869849222],[130.37338256835938,33.764307046898494]]],[[[130.99960327148438,33.764307046898494],[131.01470947265625,33.764307046898494],[131.01470947265625,33.76544869849222],[130.99960327148438,33.76544869849222],[130.99960327148438,33.764307046898494]]],[[[129.78973388671875,33.76316538009659],[129.79110717773438,33.76316538009659],[129.79110717773438,33.764307046898494],[129.78973388671875,33.764307046898494],[129.78973388671875,33.76316538009659]]],[[[129.79248046875,33.76316538009659],[129.79385375976562,33.76316538009659],[129.79385375976562,33.764307046898494],[129.79248046875,33.764307046898494],[129.79248046875,33.76316538009659]]],[[[129.79660034179688,33.76316538009659],[129.79934692382812,33.76316538009659],[129.79934692382812,33.764307046898494],[129.79660034179688,33.764307046898494],[129.79660034179688,33.76316538009659]]],[[[130.374755859375,33.76316538009659],[130.37612915039062,33.76316538009659],[130.37612915039062,33.764307046898494],[130.374755859375,33.764307046898494],[130.374755859375,33.76316538009659]]],[[[130.46539306640625,33.76316538009659],[130.46951293945312,33.76316538009659],[130.46951293945312,33.76544869849222],[130.46539306640625,33.76544869849222],[130.46539306640625,33.76316538009659]]],[[[130.99822998046875,33.76316538009659],[131.011962890625,33.76316538009659],[131.011962890625,33.764307046898494],[130.99822998046875,33.764307046898494],[130.99822998046875,33.76316538009659]]],[[[129.7979736328125,33.762023698086736],[129.79934692382812,33.762023698086736],[129.79934692382812,33.76316538009659],[129.7979736328125,33.76316538009659],[129.7979736328125,33.762023698086736]]],[[[130.37612915039062,33.762023698086736],[130.37750244140625,33.762023698086736],[130.37750244140625,33.76316538009659],[130.37612915039062,33.76316538009659],[130.37612915039062,33.762023698086736]]],[[[130.99685668945312,33.762023698086736],[131.01058959960938,33.762023698086736],[131.01058959960938,33.76316538009659],[130.99685668945312,33.76316538009659],[130.99685668945312,33.762023698086736]]],[[[130.9954833984375,33.760882000869174],[131.00921630859375,33.760882000869174],[131.00921630859375,33.762023698086736],[130.9954833984375,33.762023698086736],[130.9954833984375,33.760882000869174]]],[[[129.814453125,33.759740288444185],[129.81582641601562,33.759740288444185],[129.81582641601562,33.760882000869174],[129.814453125,33.760882000869174],[129.814453125,33.759740288444185]]],[[[130.36651611328125,33.759740288444185],[130.3692626953125,33.759740288444185],[130.3692626953125,33.760882000869174],[130.36651611328125,33.760882000869174],[130.36651611328125,33.759740288444185]]],[[[130.37750244140625,33.759740288444185],[130.38162231445312,33.759740288444185],[130.38162231445312,33.760882000869174],[130.37750244140625,33.760882000869174],[130.37750244140625,33.759740288444185]]],[[[130.9954833984375,33.759740288444185],[131.0064697265625,33.759740288444185],[131.0064697265625,33.760882000869174],[130.9954833984375,33.760882000869174],[130.9954833984375,33.759740288444185]]],[[[130.3582763671875,33.758598560812004],[130.35964965820312,33.758598560812004],[130.35964965820312,33.759740288444185],[130.3582763671875,33.759740288444185],[130.3582763671875,33.758598560812004]]],[[[130.36514282226562,33.758598560812004],[130.36788940429688,33.758598560812004],[130.36788940429688,33.759740288444185],[130.36514282226562,33.759740288444185],[130.36514282226562,33.758598560812004]]],[[[130.37200927734375,33.758598560812004],[130.37338256835938,33.758598560812004],[130.37338256835938,33.759740288444185],[130.37200927734375,33.759740288444185],[130.37200927734375,33.758598560812004]]],[[[130.37612915039062,33.758598560812004],[130.37750244140625,33.758598560812004],[130.37750244140625,33.759740288444185],[130.37612915039062,33.759740288444185],[130.37612915039062,33.758598560812004]]],[[[130.4681396484375,33.758598560812004],[130.47088623046875,33.758598560812004],[130.47088623046875,33.76316538009659],[130.4681396484375,33.76316538009659],[130.4681396484375,33.758598560812004]]],[[[130.99411010742188,33.758598560812004],[131.00509643554688,33.758598560812004],[131.00509643554688,33.759740288444185],[130.99411010742188,33.759740288444185],[130.99411010742188,33.758598560812004]]],[[[129.79110717773438,33.75745681797289],[129.79248046875,33.75745681797289],[129.79248046875,33.758598560812004],[129.79110717773438,33.758598560812004],[129.79110717773438,33.75745681797289]]],[[[130.3582763671875,33.75745681797289],[130.36102294921875,33.75745681797289],[130.36102294921875,33.758598560812004],[130.3582763671875,33.758598560812004],[130.3582763671875,33.75745681797289]]],[[[130.36376953125,33.75745681797289],[130.36651611328125,33.75745681797289],[130.36651611328125,33.758598560812004],[130.36376953125,33.758598560812004],[130.36376953125,33.75745681797289]]],[[[130.38299560546875,33.75745681797289],[130.3857421875,33.75745681797289],[130.3857421875,33.759740288444185],[130.38299560546875,33.759740288444185],[130.38299560546875,33.75745681797289]]],[[[130.4681396484375,33.75745681797289],[130.46951293945312,33.75745681797289],[130.46951293945312,33.758598560812004],[130.4681396484375,33.758598560812004],[130.4681396484375,33.75745681797289]]],[[[130.99411010742188,33.75745681797289],[131.00372314453125,33.75745681797289],[131.00372314453125,33.758598560812004],[130.99411010742188,33.758598560812004],[130.99411010742188,33.75745681797289]]],[[[129.78836059570312,33.756315059927076],[129.79248046875,33.756315059927076],[129.79248046875,33.75745681797289],[129.78836059570312,33.75745681797289],[129.78836059570312,33.756315059927076]]],[[[129.79660034179688,33.756315059927076],[129.7979736328125,33.756315059927076],[129.7979736328125,33.759740288444185],[129.79660034179688,33.759740288444185],[129.79660034179688,33.756315059927076]]],[[[130.35964965820312,33.756315059927076],[130.36102294921875,33.756315059927076],[130.36102294921875,33.75745681797289],[130.35964965820312,33.75745681797289],[130.35964965820312,33.756315059927076]]],[[[130.36376953125,33.756315059927076],[130.36514282226562,33.756315059927076],[130.36514282226562,33.75745681797289],[130.36376953125,33.75745681797289],[130.36376953125,33.756315059927076]]],[[[130.99411010742188,33.756315059927076],[131.00234985351562,33.756315059927076],[131.00234985351562,33.75745681797289],[130.99411010742188,33.75745681797289],[130.99411010742188,33.756315059927076]]],[[[129.7869873046875,33.75517328667483],[129.78973388671875,33.75517328667483],[129.78973388671875,33.756315059927076],[129.7869873046875,33.756315059927076],[129.7869873046875,33.75517328667483]]],[[[129.79934692382812,33.75517328667483],[129.80072021484375,33.75517328667483],[129.80072021484375,33.756315059927076],[129.79934692382812,33.756315059927076],[129.79934692382812,33.75517328667483]]],[[[130.36514282226562,33.75517328667483],[130.36651611328125,33.75517328667483],[130.36651611328125,33.756315059927076],[130.36514282226562,33.756315059927076],[130.36514282226562,33.75517328667483]]],[[[130.9954833984375,33.75517328667483],[131.00234985351562,33.75517328667483],[131.00234985351562,33.756315059927076],[130.9954833984375,33.756315059927076],[130.9954833984375,33.75517328667483]]],[[[129.79248046875,33.754031498216385],[129.79385375976562,33.754031498216385],[129.79385375976562,33.756315059927076],[129.79248046875,33.756315059927076],[129.79248046875,33.754031498216385]]],[[[130.36239624023438,33.754031498216385],[130.36651611328125,33.754031498216385],[130.36651611328125,33.75517328667483],[130.36239624023438,33.75517328667483],[130.36239624023438,33.754031498216385]]],[[[130.9954833984375,33.754031498216385],[131.00372314453125,33.754031498216385],[131.00372314453125,33.75517328667483],[130.9954833984375,33.75517328667483],[130.9954833984375,33.754031498216385]]],[[[129.79660034179688,33.75288969455201],[129.7979736328125,33.75288969455201],[129.7979736328125,33.754031498216385],[129.79660034179688,33.754031498216385],[129.79660034179688,33.75288969455201]]],[[[130.46676635742188,33.75288969455201],[130.4681396484375,33.75288969455201],[130.4681396484375,33.75745681797289],[130.46676635742188,33.75745681797289],[130.46676635742188,33.75288969455201]]],[[[130.99685668945312,33.75288969455201],[131.00372314453125,33.75288969455201],[131.00372314453125,33.754031498216385],[130.99685668945312,33.754031498216385],[130.99685668945312,33.75288969455201]]],[[[130.46539306640625,33.75174787568194],[130.46951293945312,33.75174787568194],[130.46951293945312,33.75288969455201],[130.46539306640625,33.75288969455201],[130.46539306640625,33.75174787568194]]],[[[130.99960327148438,33.75174787568194],[131.00921630859375,33.75174787568194],[131.00921630859375,33.75288969455201],[130.99960327148438,33.75288969455201],[130.99960327148438,33.75174787568194]]],[[[131.00234985351562,33.750606041606446],[131.00921630859375,33.750606041606446],[131.00921630859375,33.75174787568194],[131.00234985351562,33.75174787568194],[131.00234985351562,33.750606041606446]]],[[[131.01058959960938,33.750606041606446],[131.011962890625,33.750606041606446],[131.011962890625,33.75174787568194],[131.01058959960938,33.75174787568194],[131.01058959960938,33.750606041606446]]],[[[131.01608276367188,33.750606041606446],[131.0174560546875,33.750606041606446],[131.0174560546875,33.75174787568194],[131.01608276367188,33.75174787568194],[131.01608276367188,33.750606041606446]]],[[[129.7869873046875,33.74946419232577],[129.78973388671875,33.74946419232577],[129.78973388671875,33.75174787568194],[129.7869873046875,33.75174787568194],[129.7869873046875,33.74946419232577]]],[[[130.46539306640625,33.74946419232577],[130.4681396484375,33.74946419232577],[130.4681396484375,33.75174787568194],[130.46539306640625,33.75174787568194],[130.46539306640625,33.74946419232577]]],[[[129.78836059570312,33.74832232784016],[129.78973388671875,33.74832232784016],[129.78973388671875,33.74946419232577],[129.78836059570312,33.74946419232577],[129.78836059570312,33.74832232784016]]],[[[130.46401977539062,33.74832232784016],[130.4681396484375,33.74832232784016],[130.4681396484375,33.74946419232577],[130.46401977539062,33.74946419232577],[130.46401977539062,33.74832232784016]]],[[[131.00234985351562,33.74832232784016],[131.011962890625,33.74832232784016],[131.011962890625,33.750606041606446],[131.00234985351562,33.750606041606446],[131.00234985351562,33.74832232784016]]],[[[131.0174560546875,33.74718044814985],[131.01882934570312,33.74718044814985],[131.01882934570312,33.74832232784016],[131.0174560546875,33.74832232784016],[131.0174560546875,33.74718044814985]]],[[[129.7869873046875,33.74603855325513],[129.79110717773438,33.74603855325513],[129.79110717773438,33.74718044814985],[129.7869873046875,33.74718044814985],[129.7869873046875,33.74603855325513]]],[[[130.46401977539062,33.74603855325513],[130.46676635742188,33.74603855325513],[130.46676635742188,33.74832232784016],[130.46401977539062,33.74832232784016],[130.46401977539062,33.74603855325513]]],[[[131.00234985351562,33.74603855325513],[131.01333618164062,33.74603855325513],[131.01333618164062,33.74832232784016],[131.00234985351562,33.74832232784016],[131.00234985351562,33.74603855325513]]],[[[130.462646484375,33.74489664315622],[130.46676635742188,33.74489664315622],[130.46676635742188,33.74603855325513],[130.462646484375,33.74603855325513],[130.462646484375,33.74489664315622]]],[[[129.78561401367188,33.743754717853385],[129.7869873046875,33.743754717853385],[129.7869873046875,33.74489664315622],[129.78561401367188,33.74489664315622],[129.78561401367188,33.743754717853385]]],[[[130.462646484375,33.743754717853385],[130.46539306640625,33.743754717853385],[130.46539306640625,33.74489664315622],[130.462646484375,33.74489664315622],[130.462646484375,33.743754717853385]]],[[[131.00234985351562,33.743754717853385],[131.011962890625,33.743754717853385],[131.011962890625,33.74603855325513],[131.00234985351562,33.74603855325513],[131.00234985351562,33.743754717853385]]],[[[131.01333618164062,33.743754717853385],[131.01608276367188,33.743754717853385],[131.01608276367188,33.74489664315622],[131.01333618164062,33.74489664315622],[131.01333618164062,33.743754717853385]]],[[[131.01882934570312,33.743754717853385],[131.02020263671875,33.743754717853385],[131.02020263671875,33.74718044814985],[131.01882934570312,33.74718044814985],[131.01882934570312,33.743754717853385]]],[[[129.75265502929688,33.74261277734688],[129.75814819335938,33.74261277734688],[129.75814819335938,33.743754717853385],[129.75265502929688,33.743754717853385],[129.75265502929688,33.74261277734688]]],[[[129.78012084960938,33.74261277734688],[129.781494140625,33.74261277734688],[129.781494140625,33.743754717853385],[129.78012084960938,33.743754717853385],[129.78012084960938,33.74261277734688]]],[[[129.7869873046875,33.74261277734688],[129.78836059570312,33.74261277734688],[129.78836059570312,33.743754717853385],[129.7869873046875,33.743754717853385],[129.7869873046875,33.74261277734688]]],[[[129.86114501953125,33.74261277734688],[129.8638916015625,33.74261277734688],[129.8638916015625,33.743754717853385],[129.86114501953125,33.743754717853385],[129.86114501953125,33.74261277734688]]],[[[131.00234985351562,33.74261277734688],[131.01882934570312,33.74261277734688],[131.01882934570312,33.743754717853385],[131.00234985351562,33.743754717853385],[131.00234985351562,33.74261277734688]]],[[[129.77874755859375,33.74147082163693],[129.781494140625,33.74147082163693],[129.781494140625,33.74261277734688],[129.77874755859375,33.74261277734688],[129.77874755859375,33.74147082163693]]],[[[129.78286743164062,33.74147082163693],[129.79110717773438,33.74147082163693],[129.79110717773438,33.74261277734688],[129.78286743164062,33.74261277734688],[129.78286743164062,33.74147082163693]]],[[[129.86526489257812,33.74147082163693],[129.87075805664062,33.74147082163693],[129.87075805664062,33.743754717853385],[129.86526489257812,33.743754717853385],[129.86526489257812,33.74147082163693]]],[[[130.46127319335938,33.74147082163693],[130.46539306640625,33.74147082163693],[130.46539306640625,33.743754717853385],[130.46127319335938,33.743754717853385],[130.46127319335938,33.74147082163693]]],[[[131.00372314453125,33.74147082163693],[131.01608276367188,33.74147082163693],[131.01608276367188,33.74261277734688],[131.00372314453125,33.74261277734688],[131.00372314453125,33.74147082163693]]],[[[131.0174560546875,33.74147082163693],[131.01882934570312,33.74147082163693],[131.01882934570312,33.74261277734688],[131.0174560546875,33.74261277734688],[131.0174560546875,33.74147082163693]]],[[[129.75265502929688,33.74032885072382],[129.7540283203125,33.74032885072382],[129.7540283203125,33.74261277734688],[129.75265502929688,33.74261277734688],[129.75265502929688,33.74032885072382]]],[[[129.75540161132812,33.74032885072382],[129.75814819335938,33.74032885072382],[129.75814819335938,33.74261277734688],[129.75540161132812,33.74261277734688],[129.75540161132812,33.74032885072382]]],[[[129.759521484375,33.74032885072382],[129.76089477539062,33.74032885072382],[129.76089477539062,33.74147082163693],[129.759521484375,33.74147082163693],[129.759521484375,33.74032885072382]]],[[[129.77874755859375,33.74032885072382],[129.78012084960938,33.74032885072382],[129.78012084960938,33.74147082163693],[129.77874755859375,33.74147082163693],[129.77874755859375,33.74032885072382]]],[[[129.7869873046875,33.74032885072382],[129.78973388671875,33.74032885072382],[129.78973388671875,33.74147082163693],[129.7869873046875,33.74147082163693],[129.7869873046875,33.74032885072382]]],[[[129.85977172851562,33.74032885072382],[129.86526489257812,33.74032885072382],[129.86526489257812,33.74147082163693],[129.85977172851562,33.74147082163693],[129.85977172851562,33.74032885072382]]],[[[130.45989990234375,33.74032885072382],[130.46401977539062,33.74032885072382],[130.46401977539062,33.74147082163693],[130.45989990234375,33.74147082163693],[130.45989990234375,33.74032885072382]]],[[[129.74990844726562,33.73918686460779],[129.75128173828125,33.73918686460779],[129.75128173828125,33.74032885072382],[129.74990844726562,33.74032885072382],[129.74990844726562,33.73918686460779]]],[[[129.75265502929688,33.73918686460779],[129.759521484375,33.73918686460779],[129.759521484375,33.74032885072382],[129.75265502929688,33.74032885072382],[129.75265502929688,33.73918686460779]]],[[[129.76638793945312,33.73918686460779],[129.76776123046875,33.73918686460779],[129.76776123046875,33.74032885072382],[129.76638793945312,33.74032885072382],[129.76638793945312,33.73918686460779]]],[[[129.76913452148438,33.73918686460779],[129.7705078125,33.73918686460779],[129.7705078125,33.74032885072382],[129.76913452148438,33.74032885072382],[129.76913452148438,33.73918686460779]]],[[[129.77462768554688,33.73918686460779],[129.77874755859375,33.73918686460779],[129.77874755859375,33.74032885072382],[129.77462768554688,33.74032885072382],[129.77462768554688,33.73918686460779]]],[[[129.8638916015625,33.73918686460779],[129.86663818359375,33.73918686460779],[129.86663818359375,33.74032885072382],[129.8638916015625,33.74032885072382],[129.8638916015625,33.73918686460779]]],[[[130.45989990234375,33.73918686460779],[130.462646484375,33.73918686460779],[130.462646484375,33.74032885072382],[130.45989990234375,33.74032885072382],[130.45989990234375,33.73918686460779]]],[[[131.00372314453125,33.73918686460779],[131.01882934570312,33.73918686460779],[131.01882934570312,33.74147082163693],[131.00372314453125,33.74147082163693],[131.00372314453125,33.73918686460779]]],[[[129.73342895507812,33.73804486328907],[129.73617553710938,33.73804486328907],[129.73617553710938,33.73918686460779],[129.73342895507812,33.73918686460779],[129.73342895507812,33.73804486328907]]],[[[129.75128173828125,33.73804486328907],[129.7540283203125,33.73804486328907],[129.7540283203125,33.73918686460779],[129.75128173828125,33.73918686460779],[129.75128173828125,33.73804486328907]]],[[[129.76089477539062,33.73804486328907],[129.76226806640625,33.73804486328907],[129.76226806640625,33.73918686460779],[129.76089477539062,33.73918686460779],[129.76089477539062,33.73804486328907]]],[[[129.77325439453125,33.73804486328907],[129.77462768554688,33.73804486328907],[129.77462768554688,33.73918686460779],[129.77325439453125,33.73918686460779],[129.77325439453125,33.73804486328907]]],[[[129.86114501953125,33.73804486328907],[129.86251831054688,33.73804486328907],[129.86251831054688,33.74032885072382],[129.86114501953125,33.74032885072382],[129.86114501953125,33.73804486328907]]],[[[130.45852661132812,33.73804486328907],[130.462646484375,33.73804486328907],[130.462646484375,33.73918686460779],[130.45852661132812,33.73918686460779],[130.45852661132812,33.73804486328907]]],[[[131.00234985351562,33.73804486328907],[131.01882934570312,33.73804486328907],[131.01882934570312,33.73918686460779],[131.00234985351562,33.73918686460779],[131.00234985351562,33.73804486328907]]],[[[129.737548828125,33.73690284676793],[129.73892211914062,33.73690284676793],[129.73892211914062,33.73804486328907],[129.737548828125,33.73804486328907],[129.737548828125,33.73690284676793]]],[[[129.75677490234375,33.73690284676793],[129.759521484375,33.73690284676793],[129.759521484375,33.73804486328907],[129.75677490234375,33.73804486328907],[129.75677490234375,33.73690284676793]]],[[[129.76364135742188,33.73690284676793],[129.7650146484375,33.73690284676793],[129.7650146484375,33.73804486328907],[129.76364135742188,33.73804486328907],[129.76364135742188,33.73690284676793]]],[[[129.86114501953125,33.73690284676793],[129.8638916015625,33.73690284676793],[129.8638916015625,33.73804486328907],[129.86114501953125,33.73804486328907],[129.86114501953125,33.73690284676793]]],[[[130.4571533203125,33.73690284676793],[130.45989990234375,33.73690284676793],[130.45989990234375,33.73804486328907],[130.4571533203125,33.73804486328907],[130.4571533203125,33.73690284676793]]],[[[131.0009765625,33.73690284676793],[131.0174560546875,33.73690284676793],[131.0174560546875,33.73804486328907],[131.0009765625,33.73804486328907],[131.0009765625,33.73690284676793]]],[[[129.75540161132812,33.73576081504464],[129.75677490234375,33.73576081504464],[129.75677490234375,33.73690284676793],[129.75540161132812,33.73690284676793],[129.75540161132812,33.73576081504464]]],[[[129.85427856445312,33.73576081504464],[129.85702514648438,33.73576081504464],[129.85702514648438,33.73690284676793],[129.85427856445312,33.73690284676793],[129.85427856445312,33.73576081504464]]],[[[129.86251831054688,33.73576081504464],[129.8638916015625,33.73576081504464],[129.8638916015625,33.73690284676793],[129.86251831054688,33.73690284676793],[129.86251831054688,33.73576081504464]]],[[[130.4571533203125,33.73576081504464],[130.45852661132812,33.73576081504464],[130.45852661132812,33.73690284676793],[130.4571533203125,33.73690284676793],[130.4571533203125,33.73576081504464]]],[[[131.00234985351562,33.73576081504464],[131.0174560546875,33.73576081504464],[131.0174560546875,33.73690284676793],[131.00234985351562,33.73690284676793],[131.00234985351562,33.73576081504464]]],[[[129.73342895507812,33.73461876811942],[129.73480224609375,33.73461876811942],[129.73480224609375,33.73690284676793],[129.73342895507812,33.73690284676793],[129.73342895507812,33.73461876811942]]],[[[129.85015869140625,33.73461876811942],[129.8529052734375,33.73461876811942],[129.8529052734375,33.73576081504464],[129.85015869140625,33.73576081504464],[129.85015869140625,33.73461876811942]]],[[[130.45578002929688,33.73461876811942],[130.45852661132812,33.73461876811942],[130.45852661132812,33.73576081504464],[130.45578002929688,33.73576081504464],[130.45578002929688,33.73461876811942]]],[[[131.00234985351562,33.73461876811942],[131.01608276367188,33.73461876811942],[131.01608276367188,33.73576081504464],[131.00234985351562,33.73576081504464],[131.00234985351562,33.73461876811942]]],[[[129.85565185546875,33.73347670599253],[129.85702514648438,33.73347670599253],[129.85702514648438,33.73461876811942],[129.85565185546875,33.73461876811942],[129.85565185546875,33.73347670599253]]],[[[129.85977172851562,33.73347670599253],[129.86114501953125,33.73347670599253],[129.86114501953125,33.73576081504464],[129.85977172851562,33.73576081504464],[129.85977172851562,33.73347670599253]]],[[[130.45578002929688,33.73347670599253],[130.4571533203125,33.73347670599253],[130.4571533203125,33.73461876811942],[130.45578002929688,33.73461876811942],[130.45578002929688,33.73347670599253]]],[[[131.00509643554688,33.73347670599253],[131.01608276367188,33.73347670599253],[131.01608276367188,33.73461876811942],[131.00509643554688,33.73461876811942],[131.00509643554688,33.73347670599253]]],[[[129.91744995117188,33.73233462866423],[129.9188232421875,33.73233462866423],[129.9188232421875,33.73347670599253],[129.91744995117188,33.73347670599253],[129.91744995117188,33.73233462866423]]],[[[130.45440673828125,33.73233462866423],[130.45578002929688,33.73233462866423],[130.45578002929688,33.73347670599253],[130.45440673828125,33.73347670599253],[130.45440673828125,33.73233462866423]]],[[[131.0174560546875,33.73233462866423],[131.02020263671875,33.73233462866423],[131.02020263671875,33.73347670599253],[131.0174560546875,33.73347670599253],[131.0174560546875,33.73233462866423]]],[[[129.76089477539062,33.73119253613476],[129.76226806640625,33.73119253613476],[129.76226806640625,33.73690284676793],[129.76089477539062,33.73690284676793],[129.76089477539062,33.73119253613476]]],[[[129.90371704101562,33.73119253613476],[129.90646362304688,33.73119253613476],[129.90646362304688,33.73233462866423],[129.90371704101562,33.73233462866423],[129.90371704101562,33.73119253613476]]],[[[130.45303344726562,33.73119253613476],[130.45440673828125,33.73119253613476],[130.45440673828125,33.73233462866423],[130.45303344726562,33.73233462866423],[130.45303344726562,33.73119253613476]]],[[[131.0064697265625,33.73119253613476],[131.01470947265625,33.73119253613476],[131.01470947265625,33.73347670599253],[131.0064697265625,33.73347670599253],[131.0064697265625,33.73119253613476]]],[[[131.0174560546875,33.73119253613476],[131.01882934570312,33.73119253613476],[131.01882934570312,33.73233462866423],[131.0174560546875,33.73233462866423],[131.0174560546875,33.73119253613476]]],[[[131.02020263671875,33.73119253613476],[131.02157592773438,33.73119253613476],[131.02157592773438,33.73233462866423],[131.02020263671875,33.73233462866423],[131.02020263671875,33.73119253613476]]],[[[129.75814819335938,33.73005042840438],[129.76089477539062,33.73005042840438],[129.76089477539062,33.73119253613476],[129.75814819335938,33.73119253613476],[129.75814819335938,33.73005042840438]]],[[[130.45166015625,33.73005042840438],[130.45303344726562,33.73005042840438],[130.45303344726562,33.73119253613476],[130.45166015625,33.73119253613476],[130.45166015625,33.73005042840438]]],[[[129.73342895507812,33.72890830547334],[129.73480224609375,33.72890830547334],[129.73480224609375,33.73233462866423],[129.73342895507812,33.73233462866423],[129.73342895507812,33.72890830547334]]],[[[129.75540161132812,33.72890830547334],[129.75677490234375,33.72890830547334],[129.75677490234375,33.73005042840438],[129.75540161132812,33.73005042840438],[129.75540161132812,33.72890830547334]]],[[[129.75814819335938,33.72890830547334],[129.759521484375,33.72890830547334],[129.759521484375,33.73005042840438],[129.75814819335938,33.73005042840438],[129.75814819335938,33.72890830547334]]],[[[131.02157592773438,33.72890830547334],[131.02294921875,33.72890830547334],[131.02294921875,33.73005042840438],[131.02157592773438,33.73005042840438],[131.02157592773438,33.72890830547334]]],[[[131.02706909179688,33.72890830547334],[131.0284423828125,33.72890830547334],[131.0284423828125,33.73119253613476],[131.02706909179688,33.73119253613476],[131.02706909179688,33.72890830547334]]],[[[130.45028686523438,33.72776616734189],[130.45166015625,33.72776616734189],[130.45166015625,33.73005042840438],[130.45028686523438,33.73005042840438],[130.45028686523438,33.72776616734189]]],[[[131.02569580078125,33.72776616734189],[131.0284423828125,33.72776616734189],[131.0284423828125,33.72890830547334],[131.02569580078125,33.72890830547334],[131.02569580078125,33.72776616734189]]],[[[129.7320556640625,33.726624014010284],[129.73342895507812,33.726624014010284],[129.73342895507812,33.72776616734189],[129.7320556640625,33.72776616734189],[129.7320556640625,33.726624014010284]]],[[[131.02569580078125,33.726624014010284],[131.02981567382812,33.726624014010284],[131.02981567382812,33.72776616734189],[131.02569580078125,33.72776616734189],[131.02569580078125,33.726624014010284]]],[[[130.44754028320312,33.72548184547876],[130.44891357421875,33.72548184547876],[130.44891357421875,33.726624014010284],[130.44754028320312,33.726624014010284],[130.44754028320312,33.72548184547876]]],[[[131.02157592773438,33.72548184547876],[131.02294921875,33.72548184547876],[131.02294921875,33.72776616734189],[131.02157592773438,33.72776616734189],[131.02157592773438,33.72548184547876]]],[[[130.4461669921875,33.72433966174759],[130.44754028320312,33.72433966174759],[130.44754028320312,33.72548184547876],[130.4461669921875,33.72548184547876],[130.4461669921875,33.72433966174759]]],[[[130.44342041015625,33.723197462817026],[130.4461669921875,33.723197462817026],[130.4461669921875,33.72433966174759],[130.44342041015625,33.72433966174759],[130.44342041015625,33.723197462817026]]],[[[131.02294921875,33.723197462817026],[131.02569580078125,33.723197462817026],[131.02569580078125,33.72433966174759],[131.02294921875,33.72433966174759],[131.02294921875,33.723197462817026]]],[[[130.44204711914062,33.722055248687305],[130.44479370117188,33.722055248687305],[130.44479370117188,33.723197462817026],[130.44204711914062,33.723197462817026],[130.44204711914062,33.722055248687305]]],[[[131.02294921875,33.722055248687305],[131.02432250976562,33.722055248687305],[131.02432250976562,33.723197462817026],[131.02294921875,33.723197462817026],[131.02294921875,33.722055248687305]]],[[[130.440673828125,33.72091301935867],[130.44204711914062,33.72091301935867],[130.44204711914062,33.722055248687305],[130.440673828125,33.722055248687305],[130.440673828125,33.72091301935867]]],[[[130.43792724609375,33.719770774831396],[130.440673828125,33.719770774831396],[130.440673828125,33.72091301935867],[130.43792724609375,33.72091301935867],[130.43792724609375,33.719770774831396]]],[[[130.42007446289062,33.71862851510573],[130.4241943359375,33.71862851510573],[130.4241943359375,33.719770774831396],[130.42007446289062,33.719770774831396],[130.42007446289062,33.71862851510573]]],[[[130.43655395507812,33.71862851510573],[130.43930053710938,33.71862851510573],[130.43930053710938,33.719770774831396],[130.43655395507812,33.719770774831396],[130.43655395507812,33.71862851510573]]],[[[130.42007446289062,33.71748624018191],[130.42144775390625,33.71748624018191],[130.42144775390625,33.71862851510573],[130.42007446289062,33.71862851510573],[130.42007446289062,33.71748624018191]]],[[[130.43380737304688,33.71748624018191],[130.43792724609375,33.71748624018191],[130.43792724609375,33.71862851510573],[130.43380737304688,33.71862851510573],[130.43380737304688,33.71748624018191]]],[[[130.4241943359375,33.71634395006021],[130.42556762695312,33.71634395006021],[130.42556762695312,33.71862851510573],[130.4241943359375,33.71862851510573],[130.4241943359375,33.71634395006021]]],[[[130.43243408203125,33.71634395006021],[130.43655395507812,33.71634395006021],[130.43655395507812,33.71748624018191],[130.43243408203125,33.71748624018191],[130.43243408203125,33.71634395006021]]],[[[131.02432250976562,33.71634395006021],[131.02569580078125,33.71634395006021],[131.02569580078125,33.722055248687305],[131.02432250976562,33.722055248687305],[131.02432250976562,33.71634395006021]]],[[[130.42556762695312,33.71520164474085],[130.42694091796875,33.71520164474085],[130.42694091796875,33.71634395006021],[130.42556762695312,33.71634395006021],[130.42556762695312,33.71520164474085]]],[[[130.42831420898438,33.71520164474085],[130.43380737304688,33.71520164474085],[130.43380737304688,33.71634395006021],[130.42831420898438,33.71634395006021],[130.42831420898438,33.71520164474085]]],[[[130.41732788085938,33.71405932422412],[130.418701171875,33.71405932422412],[130.418701171875,33.71520164474085],[130.41732788085938,33.71520164474085],[130.41732788085938,33.71405932422412]]],[[[130.42694091796875,33.71405932422412],[130.42831420898438,33.71405932422412],[130.42831420898438,33.71520164474085],[130.42694091796875,33.71520164474085],[130.42694091796875,33.71405932422412]]],[[[131.02569580078125,33.712916988510244],[131.02706909179688,33.712916988510244],[131.02706909179688,33.71634395006021],[131.02569580078125,33.71634395006021],[131.02569580078125,33.712916988510244]]],[[[131.02706909179688,33.709489890188316],[131.0284423828125,33.709489890188316],[131.0284423828125,33.712916988510244],[131.02706909179688,33.712916988510244],[131.02706909179688,33.709489890188316]]],[[[130.41595458984375,33.7083474936884],[130.41732788085938,33.7083474936884],[130.41732788085938,33.71063227149208],[130.41595458984375,33.71063227149208],[130.41595458984375,33.7083474936884]]],[[[131.0284423828125,33.70720508199262],[131.02981567382812,33.70720508199262],[131.02981567382812,33.709489890188316],[131.0284423828125,33.709489890188316],[131.0284423828125,33.70720508199262]]],[[[130.41458129882812,33.704920213014425],[130.41595458984375,33.704920213014425],[130.41595458984375,33.70720508199262],[130.41458129882812,33.70720508199262],[130.41458129882812,33.704920213014425]]],[[[131.02981567382812,33.704920213014425],[131.03118896484375,33.704920213014425],[131.03118896484375,33.70720508199262],[131.02981567382812,33.70720508199262],[131.02981567382812,33.704920213014425]]],[[[131.03118896484375,33.70377775573252],[131.03668212890625,33.70377775573252],[131.03668212890625,33.704920213014425],[131.03118896484375,33.704920213014425],[131.03118896484375,33.70377775573252]]],[[[131.03256225585938,33.702635283255745],[131.03668212890625,33.702635283255745],[131.03668212890625,33.70377775573252],[131.03256225585938,33.70377775573252],[131.03256225585938,33.702635283255745]]],[[[130.14816284179688,33.70149279558436],[130.1495361328125,33.70149279558436],[130.1495361328125,33.702635283255745],[130.14816284179688,33.702635283255745],[130.14816284179688,33.70149279558436]]],[[[130.41458129882812,33.70149279558436],[130.41595458984375,33.70149279558436],[130.41595458984375,33.702635283255745],[130.41458129882812,33.702635283255745],[130.41458129882812,33.70149279558436]]],[[[131.03256225585938,33.70149279558436],[131.03530883789062,33.70149279558436],[131.03530883789062,33.702635283255745],[131.03256225585938,33.702635283255745],[131.03256225585938,33.70149279558436]]],[[[130.4132080078125,33.7003502927186],[130.41458129882812,33.7003502927186],[130.41458129882812,33.70149279558436],[130.4132080078125,33.70149279558436],[130.4132080078125,33.7003502927186]]],[[[131.03256225585938,33.7003502927186],[131.03668212890625,33.7003502927186],[131.03668212890625,33.70149279558436],[131.03256225585938,33.70149279558436],[131.03256225585938,33.7003502927186]]],[[[130.22918701171875,33.69920777465873],[130.23056030273438,33.69920777465873],[130.23056030273438,33.7003502927186],[130.22918701171875,33.7003502927186],[130.22918701171875,33.69920777465873]]],[[[130.41183471679688,33.69920777465873],[130.4132080078125,33.69920777465873],[130.4132080078125,33.7003502927186],[130.41183471679688,33.7003502927186],[130.41183471679688,33.69920777465873]]],[[[130.22918701171875,33.69806524140501],[130.23330688476562,33.69806524140501],[130.23330688476562,33.69920777465873],[130.22918701171875,33.69920777465873],[130.22918701171875,33.69806524140501]]],[[[130.41046142578125,33.69806524140501],[130.41183471679688,33.69806524140501],[130.41183471679688,33.69920777465873],[130.41046142578125,33.69920777465873],[130.41046142578125,33.69806524140501]]],[[[130.21957397460938,33.69692269295768],[130.220947265625,33.69692269295768],[130.220947265625,33.69806524140501],[130.21957397460938,33.69806524140501],[130.21957397460938,33.69692269295768]]],[[[130.22918701171875,33.69692269295768],[130.23193359375,33.69692269295768],[130.23193359375,33.69806524140501],[130.22918701171875,33.69806524140501],[130.22918701171875,33.69692269295768]]],[[[131.03530883789062,33.69692269295768],[131.03668212890625,33.69692269295768],[131.03668212890625,33.7003502927186],[131.03530883789062,33.7003502927186],[131.03530883789062,33.69692269295768]]],[[[130.40634155273438,33.69578012931698],[130.40771484375,33.69578012931698],[130.40771484375,33.69692269295768],[130.40634155273438,33.69692269295768],[130.40634155273438,33.69578012931698]]],[[[131.03668212890625,33.69578012931698],[131.03805541992188,33.69578012931698],[131.03805541992188,33.69692269295768],[131.03668212890625,33.69692269295768],[131.03668212890625,33.69578012931698]]],[[[130.21820068359375,33.694637550483186],[130.220947265625,33.694637550483186],[130.220947265625,33.69578012931698],[130.21820068359375,33.69578012931698],[130.21820068359375,33.694637550483186]]],[[[130.2264404296875,33.694637550483186],[130.23056030273438,33.694637550483186],[130.23056030273438,33.69578012931698],[130.2264404296875,33.69578012931698],[130.2264404296875,33.694637550483186]]],[[[130.40634155273438,33.694637550483186],[130.40908813476562,33.694637550483186],[130.40908813476562,33.69578012931698],[130.40634155273438,33.69578012931698],[130.40634155273438,33.694637550483186]]],[[[131.03668212890625,33.694637550483186],[131.0394287109375,33.694637550483186],[131.0394287109375,33.69578012931698],[131.03668212890625,33.69578012931698],[131.03668212890625,33.694637550483186]]],[[[130.22369384765625,33.69349495645653],[130.2264404296875,33.69349495645653],[130.2264404296875,33.694637550483186],[130.22369384765625,33.694637550483186],[130.22369384765625,33.69349495645653]]],[[[130.23193359375,33.69349495645653],[130.23468017578125,33.69349495645653],[130.23468017578125,33.694637550483186],[130.23193359375,33.694637550483186],[130.23193359375,33.69349495645653]]],[[[130.40496826171875,33.69349495645653],[130.40771484375,33.69349495645653],[130.40771484375,33.694637550483186],[130.40496826171875,33.694637550483186],[130.40496826171875,33.69349495645653]]],[[[130.22369384765625,33.69235234723729],[130.22506713867188,33.69235234723729],[130.22506713867188,33.69349495645653],[130.22369384765625,33.69349495645653],[130.22369384765625,33.69235234723729]]],[[[130.40496826171875,33.69235234723729],[130.40634155273438,33.69235234723729],[130.40634155273438,33.69349495645653],[130.40496826171875,33.69349495645653],[130.40496826171875,33.69235234723729]]],[[[131.03805541992188,33.69235234723729],[131.0394287109375,33.69235234723729],[131.0394287109375,33.694637550483186],[131.03805541992188,33.694637550483186],[131.03805541992188,33.69235234723729]]],[[[130.40359497070312,33.691209722825704],[130.40496826171875,33.691209722825704],[130.40496826171875,33.69235234723729],[130.40359497070312,33.69235234723729],[130.40359497070312,33.691209722825704]]],[[[129.98199462890625,33.69006708322201],[129.98336791992188,33.69006708322201],[129.98336791992188,33.691209722825704],[129.98199462890625,33.691209722825704],[129.98199462890625,33.69006708322201]]],[[[130.2374267578125,33.69006708322201],[130.23880004882812,33.69006708322201],[130.23880004882812,33.691209722825704],[130.2374267578125,33.691209722825704],[130.2374267578125,33.69006708322201]]],[[[130.29098510742188,33.69006708322201],[130.29510498046875,33.69006708322201],[130.29510498046875,33.691209722825704],[130.29098510742188,33.691209722825704],[130.29098510742188,33.69006708322201]]],[[[130.4022216796875,33.69006708322201],[130.40359497070312,33.69006708322201],[130.40359497070312,33.691209722825704],[130.4022216796875,33.691209722825704],[130.4022216796875,33.69006708322201]]],[[[131.0394287109375,33.69006708322201],[131.04080200195312,33.69006708322201],[131.04080200195312,33.69235234723729],[131.0394287109375,33.69235234723729],[131.0394287109375,33.69006708322201]]],[[[131.05316162109375,33.69006708322201],[131.05728149414062,33.69006708322201],[131.05728149414062,33.691209722825704],[131.05316162109375,33.691209722825704],[131.05316162109375,33.69006708322201]]],[[[129.98062133789062,33.68892442842648],[129.9847412109375,33.68892442842648],[129.9847412109375,33.69006708322201],[129.98062133789062,33.69006708322201],[129.98062133789062,33.68892442842648]]],[[[130.22369384765625,33.68892442842648],[130.22506713867188,33.68892442842648],[130.22506713867188,33.691209722825704],[130.22369384765625,33.691209722825704],[130.22369384765625,33.68892442842648]]],[[[130.28961181640625,33.68892442842648],[130.29098510742188,33.68892442842648],[130.29098510742188,33.69006708322201],[130.28961181640625,33.69006708322201],[130.28961181640625,33.68892442842648]]],[[[130.2923583984375,33.68892442842648],[130.29373168945312,33.68892442842648],[130.29373168945312,33.69006708322201],[130.2923583984375,33.69006708322201],[130.2923583984375,33.68892442842648]]],[[[130.29510498046875,33.68892442842648],[130.30197143554688,33.68892442842648],[130.30197143554688,33.69006708322201],[130.29510498046875,33.69006708322201],[130.29510498046875,33.68892442842648]]],[[[130.41732788085938,33.68892442842648],[130.42556762695312,33.68892442842648],[130.42556762695312,33.69006708322201],[130.41732788085938,33.69006708322201],[130.41732788085938,33.68892442842648]]],[[[131.04080200195312,33.68892442842648],[131.04354858398438,33.68892442842648],[131.04354858398438,33.69006708322201],[131.04080200195312,33.69006708322201],[131.04080200195312,33.68892442842648]]],[[[131.04629516601562,33.68892442842648],[131.04904174804688,33.68892442842648],[131.04904174804688,33.69006708322201],[131.04629516601562,33.69006708322201],[131.04629516601562,33.68892442842648]]],[[[131.0504150390625,33.68892442842648],[131.05728149414062,33.68892442842648],[131.05728149414062,33.69006708322201],[131.0504150390625,33.69006708322201],[131.0504150390625,33.68892442842648]]],[[[130.22506713867188,33.68778175843937],[130.2264404296875,33.68778175843937],[130.2264404296875,33.68892442842648],[130.22506713867188,33.68892442842648],[130.22506713867188,33.68778175843937]]],[[[130.28823852539062,33.68778175843937],[130.28961181640625,33.68778175843937],[130.28961181640625,33.68892442842648],[130.28823852539062,33.68892442842648],[130.28823852539062,33.68778175843937]]],[[[130.29510498046875,33.68778175843937],[130.29647827148438,33.68778175843937],[130.29647827148438,33.68892442842648],[130.29510498046875,33.68892442842648],[130.29510498046875,33.68778175843937]]],[[[130.30197143554688,33.68778175843937],[130.3033447265625,33.68778175843937],[130.3033447265625,33.68892442842648],[130.30197143554688,33.68892442842648],[130.30197143554688,33.68778175843937]]],[[[130.39947509765625,33.68778175843937],[130.40084838867188,33.68778175843937],[130.40084838867188,33.68892442842648],[130.39947509765625,33.68892442842648],[130.39947509765625,33.68778175843937]]],[[[130.41595458984375,33.68778175843937],[130.4296875,33.68778175843937],[130.4296875,33.68892442842648],[130.41595458984375,33.68892442842648],[130.41595458984375,33.68778175843937]]],[[[131.04354858398438,33.68778175843937],[131.04629516601562,33.68778175843937],[131.04629516601562,33.68892442842648],[131.04354858398438,33.68892442842648],[131.04354858398438,33.68778175843937]]],[[[131.0504150390625,33.68778175843937],[131.055908203125,33.68778175843937],[131.055908203125,33.68892442842648],[131.0504150390625,33.68892442842648],[131.0504150390625,33.68778175843937]]],[[[130.28823852539062,33.68663907326091],[130.29098510742188,33.68663907326091],[130.29098510742188,33.68778175843937],[130.28823852539062,33.68778175843937],[130.28823852539062,33.68663907326091]]],[[[130.30471801757812,33.68663907326091],[130.30609130859375,33.68663907326091],[130.30609130859375,33.68778175843937],[130.30471801757812,33.68778175843937],[130.30471801757812,33.68663907326091]]],[[[130.41458129882812,33.68663907326091],[130.43106079101562,33.68663907326091],[130.43106079101562,33.68778175843937],[130.41458129882812,33.68778175843937],[130.41458129882812,33.68663907326091]]],[[[131.05178833007812,33.68663907326091],[131.05316162109375,33.68663907326091],[131.05316162109375,33.68778175843937],[131.05178833007812,33.68778175843937],[131.05178833007812,33.68663907326091]]],[[[130.2264404296875,33.68549637289137],[130.22781372070312,33.68549637289137],[130.22781372070312,33.68663907326091],[130.2264404296875,33.68663907326091],[130.2264404296875,33.68549637289137]]],[[[130.4132080078125,33.68549637289137],[130.42007446289062,33.68549637289137],[130.42007446289062,33.68663907326091],[130.4132080078125,33.68663907326091],[130.4132080078125,33.68549637289137]]],[[[130.42556762695312,33.68549637289137],[130.42831420898438,33.68549637289137],[130.42831420898438,33.68663907326091],[130.42556762695312,33.68663907326091],[130.42556762695312,33.68549637289137]]],[[[130.4296875,33.68549637289137],[130.43243408203125,33.68549637289137],[130.43243408203125,33.68663907326091],[130.4296875,33.68663907326091],[130.4296875,33.68549637289137]]],[[[131.0504150390625,33.68549637289137],[131.05316162109375,33.68549637289137],[131.05316162109375,33.68663907326091],[131.0504150390625,33.68663907326091],[131.0504150390625,33.68549637289137]]],[[[130.28961181640625,33.684353657331],[130.29098510742188,33.684353657331],[130.29098510742188,33.68549637289137],[130.28961181640625,33.68549637289137],[130.28961181640625,33.684353657331]]],[[[130.30609130859375,33.684353657331],[130.30746459960938,33.684353657331],[130.30746459960938,33.68549637289137],[130.30609130859375,33.68549637289137],[130.30609130859375,33.684353657331]]],[[[130.41183471679688,33.684353657331],[130.418701171875,33.684353657331],[130.418701171875,33.68549637289137],[130.41183471679688,33.68549637289137],[130.41183471679688,33.684353657331]]],[[[130.43106079101562,33.684353657331],[130.43243408203125,33.684353657331],[130.43243408203125,33.68549637289137],[130.43106079101562,33.68549637289137],[130.43106079101562,33.684353657331]]],[[[131.04904174804688,33.684353657331],[131.05316162109375,33.684353657331],[131.05316162109375,33.68549637289137],[131.04904174804688,33.68549637289137],[131.04904174804688,33.684353657331]]],[[[130.22918701171875,33.68321092658006],[130.23056030273438,33.68321092658006],[130.23056030273438,33.684353657331],[130.22918701171875,33.684353657331],[130.22918701171875,33.68321092658006]]],[[[130.2374267578125,33.68321092658006],[130.23880004882812,33.68321092658006],[130.23880004882812,33.68663907326091],[130.2374267578125,33.68663907326091],[130.2374267578125,33.68321092658006]]],[[[130.28823852539062,33.68321092658006],[130.28961181640625,33.68321092658006],[130.28961181640625,33.684353657331],[130.28823852539062,33.684353657331],[130.28823852539062,33.68321092658006]]],[[[130.39260864257812,33.68321092658006],[130.39398193359375,33.68321092658006],[130.39398193359375,33.684353657331],[130.39260864257812,33.684353657331],[130.39260864257812,33.68321092658006]]],[[[130.40634155273438,33.68321092658006],[130.41595458984375,33.68321092658006],[130.41595458984375,33.684353657331],[130.40634155273438,33.684353657331],[130.40634155273438,33.68321092658006]]],[[[131.05178833007812,33.68321092658006],[131.05453491210938,33.68321092658006],[131.05453491210938,33.684353657331],[131.05178833007812,33.684353657331],[131.05178833007812,33.68321092658006]]],[[[130.23056030273438,33.68206818063878],[130.23193359375,33.68206818063878],[130.23193359375,33.68321092658006],[130.23056030273438,33.68321092658006],[130.23056030273438,33.68206818063878]]],[[[130.23330688476562,33.68206818063878],[130.24017333984375,33.68206818063878],[130.24017333984375,33.68321092658006],[130.23330688476562,33.68321092658006],[130.23330688476562,33.68206818063878]]],[[[130.286865234375,33.68206818063878],[130.28961181640625,33.68206818063878],[130.28961181640625,33.68321092658006],[130.286865234375,33.68321092658006],[130.286865234375,33.68206818063878]]],[[[130.3912353515625,33.68206818063878],[130.39260864257812,33.68206818063878],[130.39260864257812,33.68321092658006],[130.3912353515625,33.68321092658006],[130.3912353515625,33.68206818063878]]],[[[130.40359497070312,33.68206818063878],[130.40771484375,33.68206818063878],[130.40771484375,33.68321092658006],[130.40359497070312,33.68321092658006],[130.40359497070312,33.68206818063878]]],[[[130.43106079101562,33.68206818063878],[130.43380737304688,33.68206818063878],[130.43380737304688,33.684353657331],[130.43106079101562,33.684353657331],[130.43106079101562,33.68206818063878]]],[[[131.05316162109375,33.68206818063878],[131.05453491210938,33.68206818063878],[131.05453491210938,33.68321092658006],[131.05316162109375,33.68321092658006],[131.05316162109375,33.68206818063878]]],[[[130.23193359375,33.680925419507446],[130.23468017578125,33.680925419507446],[130.23468017578125,33.68206818063878],[130.23193359375,33.68206818063878],[130.23193359375,33.680925419507446]]],[[[130.23605346679688,33.680925419507446],[130.24017333984375,33.680925419507446],[130.24017333984375,33.68206818063878],[130.23605346679688,33.68206818063878],[130.23605346679688,33.680925419507446]]],[[[130.30746459960938,33.680925419507446],[130.308837890625,33.680925419507446],[130.308837890625,33.68206818063878],[130.30746459960938,33.68206818063878],[130.30746459960938,33.680925419507446]]],[[[130.38986206054688,33.680925419507446],[130.3912353515625,33.680925419507446],[130.3912353515625,33.68206818063878],[130.38986206054688,33.68206818063878],[130.38986206054688,33.680925419507446]]],[[[130.4022216796875,33.680925419507446],[130.40496826171875,33.680925419507446],[130.40496826171875,33.68206818063878],[130.4022216796875,33.68206818063878],[130.4022216796875,33.680925419507446]]],[[[130.43243408203125,33.680925419507446],[130.43380737304688,33.680925419507446],[130.43380737304688,33.68206818063878],[130.43243408203125,33.68206818063878],[130.43243408203125,33.680925419507446]]],[[[131.05178833007812,33.680925419507446],[131.05728149414062,33.680925419507446],[131.05728149414062,33.68206818063878],[131.05178833007812,33.68206818063878],[131.05178833007812,33.680925419507446]]],[[[130.4022216796875,33.67978264318627],[130.40359497070312,33.67978264318627],[130.40359497070312,33.680925419507446],[130.4022216796875,33.680925419507446],[130.4022216796875,33.67978264318627]]],[[[130.308837890625,33.67863985167554],[130.31021118164062,33.67863985167554],[130.31021118164062,33.67978264318627],[130.308837890625,33.67978264318627],[130.308837890625,33.67863985167554]]],[[[130.3857421875,33.67863985167554],[130.38711547851562,33.67863985167554],[130.38711547851562,33.67978264318627],[130.3857421875,33.67978264318627],[130.3857421875,33.67863985167554]]],[[[130.43106079101562,33.67863985167554],[130.43380737304688,33.67863985167554],[130.43380737304688,33.680925419507446],[130.43106079101562,33.680925419507446],[130.43106079101562,33.67863985167554]]],[[[131.05316162109375,33.67863985167554],[131.05728149414062,33.67863985167554],[131.05728149414062,33.680925419507446],[131.05316162109375,33.680925419507446],[131.05316162109375,33.67863985167554]]],[[[130.28549194335938,33.67749704497549],[130.286865234375,33.67749704497549],[130.286865234375,33.67863985167554],[130.28549194335938,33.67863985167554],[130.28549194335938,33.67749704497549]]],[[[130.31021118164062,33.67749704497549],[130.31158447265625,33.67749704497549],[130.31158447265625,33.67863985167554],[130.31021118164062,33.67863985167554],[130.31021118164062,33.67749704497549]]],[[[130.38436889648438,33.67749704497549],[130.3857421875,33.67749704497549],[130.3857421875,33.67863985167554],[130.38436889648438,33.67863985167554],[130.38436889648438,33.67749704497549]]],[[[130.4296875,33.67749704497549],[130.43106079101562,33.67749704497549],[130.43106079101562,33.67863985167554],[130.4296875,33.67863985167554],[130.4296875,33.67749704497549]]],[[[131.05453491210938,33.67749704497549],[131.05728149414062,33.67749704497549],[131.05728149414062,33.67863985167554],[131.05453491210938,33.67863985167554],[131.05453491210938,33.67749704497549]]],[[[130.38162231445312,33.67635422308637],[130.38299560546875,33.67635422308637],[130.38299560546875,33.67749704497549],[130.38162231445312,33.67749704497549],[130.38162231445312,33.67635422308637]]],[[[130.40359497070312,33.67635422308637],[130.40496826171875,33.67635422308637],[130.40496826171875,33.67863985167554],[130.40359497070312,33.67863985167554],[130.40359497070312,33.67635422308637]]],[[[130.40634155273438,33.67635422308637],[130.40908813476562,33.67635422308637],[130.40908813476562,33.67749704497549],[130.40634155273438,33.67749704497549],[130.40634155273438,33.67635422308637]]],[[[130.42831420898438,33.67635422308637],[130.4296875,33.67635422308637],[130.4296875,33.67749704497549],[130.42831420898438,33.67749704497549],[130.42831420898438,33.67635422308637]]],[[[131.05453491210938,33.67635422308637],[131.05865478515625,33.67635422308637],[131.05865478515625,33.67749704497549],[131.05453491210938,33.67749704497549],[131.05453491210938,33.67635422308637]]],[[[130.21682739257812,33.67521138600845],[130.21820068359375,33.67521138600845],[130.21820068359375,33.67749704497549],[130.21682739257812,33.67749704497549],[130.21682739257812,33.67521138600845]]],[[[130.21957397460938,33.67521138600845],[130.220947265625,33.67521138600845],[130.220947265625,33.67635422308637],[130.21957397460938,33.67635422308637],[130.21957397460938,33.67521138600845]]],[[[130.31158447265625,33.67521138600845],[130.31295776367188,33.67521138600845],[130.31295776367188,33.67749704497549],[130.31158447265625,33.67749704497549],[130.31158447265625,33.67521138600845]]],[[[130.40496826171875,33.67521138600845],[130.40771484375,33.67521138600845],[130.40771484375,33.67635422308637],[130.40496826171875,33.67635422308637],[130.40496826171875,33.67521138600845]]],[[[130.41732788085938,33.67521138600845],[130.42144775390625,33.67521138600845],[130.42144775390625,33.67635422308637],[130.41732788085938,33.67635422308637],[130.41732788085938,33.67521138600845]]],[[[130.4241943359375,33.67521138600845],[130.42556762695312,33.67521138600845],[130.42556762695312,33.67635422308637],[130.4241943359375,33.67635422308637],[130.4241943359375,33.67521138600845]]],[[[130.37750244140625,33.674068533741966],[130.37887573242188,33.674068533741966],[130.37887573242188,33.67521138600845],[130.37750244140625,33.67521138600845],[130.37750244140625,33.674068533741966]]],[[[130.40496826171875,33.674068533741966],[130.40634155273438,33.674068533741966],[130.40634155273438,33.67521138600845],[130.40496826171875,33.67521138600845],[130.40496826171875,33.674068533741966]]],[[[130.4132080078125,33.674068533741966],[130.42556762695312,33.674068533741966],[130.42556762695312,33.67521138600845],[130.4132080078125,33.67521138600845],[130.4132080078125,33.674068533741966]]],[[[131.05728149414062,33.674068533741966],[131.05865478515625,33.674068533741966],[131.05865478515625,33.67635422308637],[131.05728149414062,33.67635422308637],[131.05728149414062,33.674068533741966]]],[[[130.28823852539062,33.672925666287185],[130.28961181640625,33.672925666287185],[130.28961181640625,33.674068533741966],[130.28823852539062,33.674068533741966],[130.28823852539062,33.672925666287185]]],[[[130.4022216796875,33.672925666287185],[130.40359497070312,33.672925666287185],[130.40359497070312,33.674068533741966],[130.4022216796875,33.674068533741966],[130.4022216796875,33.672925666287185]]],[[[130.41183471679688,33.672925666287185],[130.4241943359375,33.672925666287185],[130.4241943359375,33.674068533741966],[130.41183471679688,33.674068533741966],[130.41183471679688,33.672925666287185]]],[[[130.42556762695312,33.672925666287185],[130.42694091796875,33.672925666287185],[130.42694091796875,33.674068533741966],[130.42556762695312,33.674068533741966],[130.42556762695312,33.672925666287185]]],[[[131.05728149414062,33.672925666287185],[131.06002807617188,33.672925666287185],[131.06002807617188,33.674068533741966],[131.05728149414062,33.674068533741966],[131.05728149414062,33.672925666287185]]],[[[130.22232055664062,33.67178278364435],[130.22369384765625,33.67178278364435],[130.22369384765625,33.672925666287185],[130.22232055664062,33.672925666287185],[130.22232055664062,33.67178278364435]]],[[[130.31295776367188,33.67178278364435],[130.3143310546875,33.67178278364435],[130.3143310546875,33.672925666287185],[130.31295776367188,33.672925666287185],[130.31295776367188,33.67178278364435]]],[[[130.39947509765625,33.67178278364435],[130.4022216796875,33.67178278364435],[130.4022216796875,33.672925666287185],[130.39947509765625,33.672925666287185],[130.39947509765625,33.67178278364435]]],[[[130.40908813476562,33.67178278364435],[130.42556762695312,33.67178278364435],[130.42556762695312,33.672925666287185],[130.40908813476562,33.672925666287185],[130.40908813476562,33.67178278364435]]],[[[130.42694091796875,33.67178278364435],[130.42831420898438,33.67178278364435],[130.42831420898438,33.672925666287185],[130.42694091796875,33.672925666287185],[130.42694091796875,33.67178278364435]]],[[[131.05728149414062,33.67178278364435],[131.06277465820312,33.67178278364435],[131.06277465820312,33.672925666287185],[131.05728149414062,33.672925666287185],[131.05728149414062,33.67178278364435]]],[[[130.37063598632812,33.67063988581372],[130.37200927734375,33.67063988581372],[130.37200927734375,33.67178278364435],[130.37063598632812,33.67178278364435],[130.37063598632812,33.67063988581372]]],[[[130.39810180664062,33.67063988581372],[130.39947509765625,33.67063988581372],[130.39947509765625,33.67178278364435],[130.39810180664062,33.67178278364435],[130.39810180664062,33.67063988581372]]],[[[130.40771484375,33.67063988581372],[130.41183471679688,33.67063988581372],[130.41183471679688,33.67178278364435],[130.40771484375,33.67178278364435],[130.40771484375,33.67063988581372]]],[[[130.4132080078125,33.67063988581372],[130.42831420898438,33.67063988581372],[130.42831420898438,33.67178278364435],[130.4132080078125,33.67178278364435],[130.4132080078125,33.67063988581372]]],[[[130.28961181640625,33.669496972795535],[130.29098510742188,33.669496972795535],[130.29098510742188,33.67063988581372],[130.28961181640625,33.67063988581372],[130.28961181640625,33.669496972795535]]],[[[130.36788940429688,33.669496972795535],[130.37063598632812,33.669496972795535],[130.37063598632812,33.67063988581372],[130.36788940429688,33.67063988581372],[130.36788940429688,33.669496972795535]]],[[[130.39535522460938,33.669496972795535],[130.396728515625,33.669496972795535],[130.396728515625,33.67063988581372],[130.39535522460938,33.67063988581372],[130.39535522460938,33.669496972795535]]],[[[130.40496826171875,33.669496972795535],[130.41183471679688,33.669496972795535],[130.41183471679688,33.67063988581372],[130.40496826171875,33.67063988581372],[130.40496826171875,33.669496972795535]]],[[[130.41458129882812,33.669496972795535],[130.42694091796875,33.669496972795535],[130.42694091796875,33.67063988581372],[130.41458129882812,33.67063988581372],[130.41458129882812,33.669496972795535]]],[[[131.05865478515625,33.669496972795535],[131.06414794921875,33.669496972795535],[131.06414794921875,33.67178278364435],[131.05865478515625,33.67178278364435],[131.05865478515625,33.669496972795535]]],[[[130.36376953125,33.66835404459007],[130.36788940429688,33.66835404459007],[130.36788940429688,33.669496972795535],[130.36376953125,33.669496972795535],[130.36376953125,33.66835404459007]]],[[[130.38986206054688,33.66835404459007],[130.39260864257812,33.66835404459007],[130.39260864257812,33.669496972795535],[130.38986206054688,33.669496972795535],[130.38986206054688,33.66835404459007]]],[[[130.40359497070312,33.66835404459007],[130.41183471679688,33.66835404459007],[130.41183471679688,33.669496972795535],[130.40359497070312,33.669496972795535],[130.40359497070312,33.66835404459007]]],[[[130.41595458984375,33.66835404459007],[130.42694091796875,33.66835404459007],[130.42694091796875,33.669496972795535],[130.41595458984375,33.669496972795535],[130.41595458984375,33.66835404459007]]],[[[131.06002807617188,33.66835404459007],[131.06414794921875,33.66835404459007],[131.06414794921875,33.669496972795535],[131.06002807617188,33.669496972795535],[131.06002807617188,33.66835404459007]]],[[[130.20858764648438,33.66721110119755],[130.21133422851562,33.66721110119755],[130.21133422851562,33.66835404459007],[130.20858764648438,33.66835404459007],[130.20858764648438,33.66721110119755]]],[[[130.29098510742188,33.66721110119755],[130.2923583984375,33.66721110119755],[130.2923583984375,33.669496972795535],[130.29098510742188,33.669496972795535],[130.29098510742188,33.66721110119755]]],[[[130.3143310546875,33.66721110119755],[130.31570434570312,33.66721110119755],[130.31570434570312,33.66835404459007],[130.3143310546875,33.66835404459007],[130.3143310546875,33.66721110119755]]],[[[130.35003662109375,33.66721110119755],[130.35140991210938,33.66721110119755],[130.35140991210938,33.66835404459007],[130.35003662109375,33.66835404459007],[130.35003662109375,33.66721110119755]]],[[[130.36102294921875,33.66721110119755],[130.36788940429688,33.66721110119755],[130.36788940429688,33.66835404459007],[130.36102294921875,33.66835404459007],[130.36102294921875,33.66721110119755]]],[[[130.374755859375,33.66721110119755],[130.3857421875,33.66721110119755],[130.3857421875,33.66835404459007],[130.374755859375,33.66835404459007],[130.374755859375,33.66721110119755]]],[[[130.40084838867188,33.66721110119755],[130.41183471679688,33.66721110119755],[130.41183471679688,33.66835404459007],[130.40084838867188,33.66835404459007],[130.40084838867188,33.66721110119755]]],[[[130.41732788085938,33.66721110119755],[130.42831420898438,33.66721110119755],[130.42831420898438,33.66835404459007],[130.41732788085938,33.66835404459007],[130.41732788085938,33.66721110119755]]],[[[130.43243408203125,33.66721110119755],[130.43380737304688,33.66721110119755],[130.43380737304688,33.66835404459007],[130.43243408203125,33.66835404459007],[130.43243408203125,33.66721110119755]]],[[[130.29098510742188,33.66606814261825],[130.29373168945312,33.66606814261825],[130.29373168945312,33.66721110119755],[130.29098510742188,33.66721110119755],[130.29098510742188,33.66606814261825]]],[[[130.3472900390625,33.66606814261825],[130.34866333007812,33.66606814261825],[130.34866333007812,33.66835404459007],[130.3472900390625,33.66835404459007],[130.3472900390625,33.66606814261825]]],[[[130.352783203125,33.66606814261825],[130.35415649414062,33.66606814261825],[130.35415649414062,33.66721110119755],[130.352783203125,33.66721110119755],[130.352783203125,33.66606814261825]]],[[[130.35552978515625,33.66606814261825],[130.36239624023438,33.66606814261825],[130.36239624023438,33.66721110119755],[130.35552978515625,33.66721110119755],[130.35552978515625,33.66606814261825]]],[[[130.37200927734375,33.66606814261825],[130.37887573242188,33.66606814261825],[130.37887573242188,33.66721110119755],[130.37200927734375,33.66721110119755],[130.37200927734375,33.66606814261825]]],[[[130.39810180664062,33.66606814261825],[130.41046142578125,33.66606814261825],[130.41046142578125,33.66721110119755],[130.39810180664062,33.66721110119755],[130.39810180664062,33.66606814261825]]],[[[130.42007446289062,33.66606814261825],[130.42831420898438,33.66606814261825],[130.42831420898438,33.66721110119755],[130.42007446289062,33.66721110119755],[130.42007446289062,33.66606814261825]]],[[[130.4296875,33.66606814261825],[130.4351806640625,33.66606814261825],[130.4351806640625,33.66721110119755],[130.4296875,33.66721110119755],[130.4296875,33.66606814261825]]],[[[131.0614013671875,33.66606814261825],[131.06552124023438,33.66606814261825],[131.06552124023438,33.66835404459007],[131.0614013671875,33.66835404459007],[131.0614013671875,33.66606814261825]]],[[[130.21270751953125,33.66492516885243],[130.21408081054688,33.66492516885243],[130.21408081054688,33.66606814261825],[130.21270751953125,33.66606814261825],[130.21270751953125,33.66492516885243]]],[[[130.3143310546875,33.66492516885243],[130.31707763671875,33.66492516885243],[130.31707763671875,33.66721110119755],[130.3143310546875,33.66721110119755],[130.3143310546875,33.66492516885243]]],[[[130.35140991210938,33.66492516885243],[130.352783203125,33.66492516885243],[130.352783203125,33.66606814261825],[130.35140991210938,33.66606814261825],[130.35140991210938,33.66492516885243]]],[[[130.35415649414062,33.66492516885243],[130.35690307617188,33.66492516885243],[130.35690307617188,33.66606814261825],[130.35415649414062,33.66606814261825],[130.35415649414062,33.66492516885243]]],[[[130.36514282226562,33.66492516885243],[130.37200927734375,33.66492516885243],[130.37200927734375,33.66606814261825],[130.36514282226562,33.66606814261825],[130.36514282226562,33.66492516885243]]],[[[130.39535522460938,33.66492516885243],[130.40771484375,33.66492516885243],[130.40771484375,33.66606814261825],[130.39535522460938,33.66606814261825],[130.39535522460938,33.66492516885243]]],[[[130.41458129882812,33.66492516885243],[130.41595458984375,33.66492516885243],[130.41595458984375,33.66606814261825],[130.41458129882812,33.66606814261825],[130.41458129882812,33.66492516885243]]],[[[130.42144775390625,33.66492516885243],[130.42831420898438,33.66492516885243],[130.42831420898438,33.66606814261825],[130.42144775390625,33.66606814261825],[130.42144775390625,33.66492516885243]]],[[[130.43243408203125,33.66492516885243],[130.4351806640625,33.66492516885243],[130.4351806640625,33.66606814261825],[130.43243408203125,33.66606814261825],[130.43243408203125,33.66492516885243]]],[[[130.21408081054688,33.663782179900316],[130.2154541015625,33.663782179900316],[130.2154541015625,33.66492516885243],[130.21408081054688,33.66492516885243],[130.21408081054688,33.663782179900316]]],[[[130.3143310546875,33.663782179900316],[130.31570434570312,33.663782179900316],[130.31570434570312,33.66492516885243],[130.3143310546875,33.66492516885243],[130.3143310546875,33.663782179900316]]],[[[130.34866333007812,33.663782179900316],[130.35140991210938,33.663782179900316],[130.35140991210938,33.66492516885243],[130.34866333007812,33.66492516885243],[130.34866333007812,33.663782179900316]]],[[[130.36376953125,33.663782179900316],[130.3692626953125,33.663782179900316],[130.3692626953125,33.66492516885243],[130.36376953125,33.66492516885243],[130.36376953125,33.663782179900316]]],[[[130.39398193359375,33.663782179900316],[130.40908813476562,33.663782179900316],[130.40908813476562,33.66492516885243],[130.39398193359375,33.66492516885243],[130.39398193359375,33.663782179900316]]],[[[130.41183471679688,33.663782179900316],[130.42831420898438,33.663782179900316],[130.42831420898438,33.66492516885243],[130.41183471679688,33.66492516885243],[130.41183471679688,33.663782179900316]]],[[[130.29373168945312,33.66263917576217],[130.29647827148438,33.66263917576217],[130.29647827148438,33.663782179900316],[130.29373168945312,33.663782179900316],[130.29373168945312,33.66263917576217]]],[[[130.3143310546875,33.66263917576217],[130.31707763671875,33.66263917576217],[130.31707763671875,33.663782179900316],[130.3143310546875,33.663782179900316],[130.3143310546875,33.66263917576217]]],[[[130.3472900390625,33.66263917576217],[130.35003662109375,33.66263917576217],[130.35003662109375,33.663782179900316],[130.3472900390625,33.663782179900316],[130.3472900390625,33.66263917576217]]],[[[130.36239624023438,33.66263917576217],[130.36788940429688,33.66263917576217],[130.36788940429688,33.663782179900316],[130.36239624023438,33.663782179900316],[130.36239624023438,33.66263917576217]]],[[[130.31158447265625,33.66149615643826],[130.31845092773438,33.66149615643826],[130.31845092773438,33.66263917576217],[130.31158447265625,33.66263917576217],[130.31158447265625,33.66149615643826]]],[[[130.34454345703125,33.66149615643826],[130.34866333007812,33.66149615643826],[130.34866333007812,33.66263917576217],[130.34454345703125,33.66263917576217],[130.34454345703125,33.66149615643826]]],[[[130.36102294921875,33.66149615643826],[130.36651611328125,33.66149615643826],[130.36651611328125,33.66263917576217],[130.36102294921875,33.66263917576217],[130.36102294921875,33.66149615643826]]],[[[130.39398193359375,33.66149615643826],[130.42831420898438,33.66149615643826],[130.42831420898438,33.663782179900316],[130.39398193359375,33.663782179900316],[130.39398193359375,33.66149615643826]]],[[[130.43380737304688,33.66149615643826],[130.4351806640625,33.66149615643826],[130.4351806640625,33.66492516885243],[130.43380737304688,33.66492516885243],[130.43380737304688,33.66149615643826]]],[[[131.06277465820312,33.66149615643826],[131.06689453125,33.66149615643826],[131.06689453125,33.66606814261825],[131.06277465820312,33.66606814261825],[131.06277465820312,33.66149615643826]]],[[[130.29647827148438,33.66035312192882],[130.2978515625,33.66035312192882],[130.2978515625,33.66263917576217],[130.29647827148438,33.66263917576217],[130.29647827148438,33.66035312192882]]],[[[130.308837890625,33.66035312192882],[130.31295776367188,33.66035312192882],[130.31295776367188,33.66149615643826],[130.308837890625,33.66149615643826],[130.308837890625,33.66035312192882]]],[[[130.31570434570312,33.66035312192882],[130.32257080078125,33.66035312192882],[130.32257080078125,33.66149615643826],[130.31570434570312,33.66149615643826],[130.31570434570312,33.66035312192882]]],[[[130.33493041992188,33.66035312192882],[130.34591674804688,33.66035312192882],[130.34591674804688,33.66149615643826],[130.33493041992188,33.66149615643826],[130.33493041992188,33.66035312192882]]],[[[130.3582763671875,33.66035312192882],[130.36651611328125,33.66035312192882],[130.36651611328125,33.66149615643826],[130.3582763671875,33.66149615643826],[130.3582763671875,33.66035312192882]]],[[[130.39398193359375,33.66035312192882],[130.42694091796875,33.66035312192882],[130.42694091796875,33.66149615643826],[130.39398193359375,33.66149615643826],[130.39398193359375,33.66035312192882]]],[[[130.42831420898438,33.66035312192882],[130.4296875,33.66035312192882],[130.4296875,33.66149615643826],[130.42831420898438,33.66149615643826],[130.42831420898438,33.66035312192882]]],[[[130.43243408203125,33.66035312192882],[130.4351806640625,33.66035312192882],[130.4351806640625,33.66149615643826],[130.43243408203125,33.66149615643826],[130.43243408203125,33.66035312192882]]],[[[130.30746459960938,33.659210072234124],[130.31021118164062,33.659210072234124],[130.31021118164062,33.66035312192882],[130.30746459960938,33.66035312192882],[130.30746459960938,33.659210072234124]]],[[[130.31845092773438,33.659210072234124],[130.3363037109375,33.659210072234124],[130.3363037109375,33.66035312192882],[130.31845092773438,33.66035312192882],[130.31845092773438,33.659210072234124]]],[[[130.3582763671875,33.659210072234124],[130.36514282226562,33.659210072234124],[130.36514282226562,33.66035312192882],[130.3582763671875,33.66035312192882],[130.3582763671875,33.659210072234124]]],[[[130.39398193359375,33.659210072234124],[130.41183471679688,33.659210072234124],[130.41183471679688,33.66035312192882],[130.39398193359375,33.66035312192882],[130.39398193359375,33.659210072234124]]],[[[130.41458129882812,33.659210072234124],[130.43655395507812,33.659210072234124],[130.43655395507812,33.66035312192882],[130.41458129882812,33.66035312192882],[130.41458129882812,33.659210072234124]]],[[[131.06414794921875,33.659210072234124],[131.06689453125,33.659210072234124],[131.06689453125,33.66149615643826],[131.06414794921875,33.66149615643826],[131.06414794921875,33.659210072234124]]],[[[130.308837890625,33.658067007354404],[130.31158447265625,33.658067007354404],[130.31158447265625,33.659210072234124],[130.308837890625,33.659210072234124],[130.308837890625,33.658067007354404]]],[[[130.3253173828125,33.658067007354404],[130.33355712890625,33.658067007354404],[130.33355712890625,33.659210072234124],[130.3253173828125,33.659210072234124],[130.3253173828125,33.658067007354404]]],[[[130.34454345703125,33.658067007354404],[130.34591674804688,33.658067007354404],[130.34591674804688,33.659210072234124],[130.34454345703125,33.659210072234124],[130.34454345703125,33.658067007354404]]],[[[130.3582763671875,33.658067007354404],[130.36102294921875,33.658067007354404],[130.36102294921875,33.659210072234124],[130.3582763671875,33.659210072234124],[130.3582763671875,33.658067007354404]]],[[[130.39535522460938,33.658067007354404],[130.40084838867188,33.658067007354404],[130.40084838867188,33.659210072234124],[130.39535522460938,33.659210072234124],[130.39535522460938,33.658067007354404]]],[[[130.40359497070312,33.658067007354404],[130.40908813476562,33.658067007354404],[130.40908813476562,33.659210072234124],[130.40359497070312,33.659210072234124],[130.40359497070312,33.658067007354404]]],[[[130.41595458984375,33.658067007354404],[130.43792724609375,33.658067007354404],[130.43792724609375,33.659210072234124],[130.41595458984375,33.659210072234124],[130.41595458984375,33.658067007354404]]],[[[130.32669067382812,33.656923927289924],[130.330810546875,33.656923927289924],[130.330810546875,33.658067007354404],[130.32669067382812,33.658067007354404],[130.32669067382812,33.656923927289924]]],[[[130.34317016601562,33.656923927289924],[130.34591674804688,33.656923927289924],[130.34591674804688,33.658067007354404],[130.34317016601562,33.658067007354404],[130.34317016601562,33.656923927289924]]],[[[130.396728515625,33.656923927289924],[130.39810180664062,33.656923927289924],[130.39810180664062,33.658067007354404],[130.396728515625,33.658067007354404],[130.396728515625,33.656923927289924]]],[[[130.40496826171875,33.656923927289924],[130.40634155273438,33.656923927289924],[130.40634155273438,33.658067007354404],[130.40496826171875,33.658067007354404],[130.40496826171875,33.656923927289924]]],[[[130.41595458984375,33.656923927289924],[130.43930053710938,33.656923927289924],[130.43930053710938,33.658067007354404],[130.41595458984375,33.658067007354404],[130.41595458984375,33.656923927289924]]],[[[131.06277465820312,33.656923927289924],[131.06689453125,33.656923927289924],[131.06689453125,33.659210072234124],[131.06277465820312,33.659210072234124],[131.06277465820312,33.656923927289924]]],[[[130.20584106445312,33.65578083204094],[130.20721435546875,33.65578083204094],[130.20721435546875,33.66035312192882],[130.20584106445312,33.66035312192882],[130.20584106445312,33.65578083204094]]],[[[130.23056030273438,33.65578083204094],[130.23193359375,33.65578083204094],[130.23193359375,33.656923927289924],[130.23056030273438,33.656923927289924],[130.23056030273438,33.65578083204094]]],[[[130.32806396484375,33.65578083204094],[130.33218383789062,33.65578083204094],[130.33218383789062,33.656923927289924],[130.32806396484375,33.656923927289924],[130.32806396484375,33.65578083204094]]],[[[130.33905029296875,33.65578083204094],[130.34591674804688,33.65578083204094],[130.34591674804688,33.656923927289924],[130.33905029296875,33.656923927289924],[130.33905029296875,33.65578083204094]]],[[[130.35690307617188,33.65578083204094],[130.36102294921875,33.65578083204094],[130.36102294921875,33.658067007354404],[130.35690307617188,33.658067007354404],[130.35690307617188,33.65578083204094]]],[[[130.4132080078125,33.65578083204094],[130.42556762695312,33.65578083204094],[130.42556762695312,33.656923927289924],[130.4132080078125,33.656923927289924],[130.4132080078125,33.65578083204094]]],[[[131.0614013671875,33.65578083204094],[131.06826782226562,33.65578083204094],[131.06826782226562,33.656923927289924],[131.0614013671875,33.656923927289924],[131.0614013671875,33.65578083204094]]],[[[131.06964111328125,33.65578083204094],[131.07376098632812,33.65578083204094],[131.07376098632812,33.656923927289924],[131.06964111328125,33.656923927289924],[131.06964111328125,33.65578083204094]]],[[[130.32806396484375,33.6546377216077],[130.330810546875,33.6546377216077],[130.330810546875,33.65578083204094],[130.32806396484375,33.65578083204094],[130.32806396484375,33.6546377216077]]],[[[130.33905029296875,33.6546377216077],[130.3472900390625,33.6546377216077],[130.3472900390625,33.65578083204094],[130.33905029296875,33.65578083204094],[130.33905029296875,33.6546377216077]]],[[[130.3582763671875,33.6546377216077],[130.36102294921875,33.6546377216077],[130.36102294921875,33.65578083204094],[130.3582763671875,33.65578083204094],[130.3582763671875,33.6546377216077]]],[[[130.41046142578125,33.6546377216077],[130.42282104492188,33.6546377216077],[130.42282104492188,33.65578083204094],[130.41046142578125,33.65578083204094],[130.41046142578125,33.6546377216077]]],[[[130.42694091796875,33.6546377216077],[130.440673828125,33.6546377216077],[130.440673828125,33.656923927289924],[130.42694091796875,33.656923927289924],[130.42694091796875,33.6546377216077]]],[[[131.06277465820312,33.6546377216077],[131.07513427734375,33.6546377216077],[131.07513427734375,33.65578083204094],[131.06277465820312,33.65578083204094],[131.06277465820312,33.6546377216077]]],[[[130.20721435546875,33.65349459599045],[130.2099609375,33.65349459599045],[130.2099609375,33.6546377216077],[130.20721435546875,33.6546377216077],[130.20721435546875,33.65349459599045]]],[[[130.33905029296875,33.65349459599045],[130.34866333007812,33.65349459599045],[130.34866333007812,33.6546377216077],[130.33905029296875,33.6546377216077],[130.33905029296875,33.65349459599045]]],[[[130.3582763671875,33.65349459599045],[130.35964965820312,33.65349459599045],[130.35964965820312,33.6546377216077],[130.3582763671875,33.6546377216077],[130.3582763671875,33.65349459599045]]],[[[130.40771484375,33.65349459599045],[130.41732788085938,33.65349459599045],[130.41732788085938,33.6546377216077],[130.40771484375,33.6546377216077],[130.40771484375,33.65349459599045]]],[[[130.42831420898438,33.65349459599045],[130.43930053710938,33.65349459599045],[130.43930053710938,33.6546377216077],[130.42831420898438,33.6546377216077],[130.42831420898438,33.65349459599045]]],[[[130.2044677734375,33.65235145518946],[130.20721435546875,33.65235145518946],[130.20721435546875,33.65349459599045],[130.2044677734375,33.65349459599045],[130.2044677734375,33.65235145518946]]],[[[130.20858764648438,33.65235145518946],[130.2099609375,33.65235145518946],[130.2099609375,33.65349459599045],[130.20858764648438,33.65349459599045],[130.20858764648438,33.65235145518946]]],[[[130.23193359375,33.65235145518946],[130.23330688476562,33.65235145518946],[130.23330688476562,33.65349459599045],[130.23193359375,33.65349459599045],[130.23193359375,33.65235145518946]]],[[[130.32943725585938,33.65235145518946],[130.33218383789062,33.65235145518946],[130.33218383789062,33.6546377216077],[130.32943725585938,33.6546377216077],[130.32943725585938,33.65235145518946]]],[[[130.33767700195312,33.65235145518946],[130.352783203125,33.65235145518946],[130.352783203125,33.65349459599045],[130.33767700195312,33.65349459599045],[130.33767700195312,33.65235145518946]]],[[[130.35690307617188,33.65235145518946],[130.35964965820312,33.65235145518946],[130.35964965820312,33.65349459599045],[130.35690307617188,33.65349459599045],[130.35690307617188,33.65235145518946]]],[[[130.4296875,33.65235145518946],[130.4351806640625,33.65235145518946],[130.4351806640625,33.65349459599045],[130.4296875,33.65349459599045],[130.4296875,33.65235145518946]]],[[[131.06552124023438,33.65235145518946],[131.07650756835938,33.65235145518946],[131.07650756835938,33.6546377216077],[131.06552124023438,33.6546377216077],[131.06552124023438,33.65235145518946]]],[[[130.2044677734375,33.65120829920498],[130.20584106445312,33.65120829920498],[130.20584106445312,33.65235145518946],[130.2044677734375,33.65235145518946],[130.2044677734375,33.65120829920498]]],[[[130.20721435546875,33.65120829920498],[130.2099609375,33.65120829920498],[130.2099609375,33.65235145518946],[130.20721435546875,33.65235145518946],[130.20721435546875,33.65120829920498]]],[[[130.330810546875,33.65120829920498],[130.33218383789062,33.65120829920498],[130.33218383789062,33.65235145518946],[130.330810546875,33.65235145518946],[130.330810546875,33.65120829920498]]],[[[130.3363037109375,33.65120829920498],[130.352783203125,33.65120829920498],[130.352783203125,33.65235145518946],[130.3363037109375,33.65235145518946],[130.3363037109375,33.65120829920498]]],[[[130.4296875,33.65120829920498],[130.43380737304688,33.65120829920498],[130.43380737304688,33.65235145518946],[130.4296875,33.65235145518946],[130.4296875,33.65120829920498]]],[[[131.06689453125,33.65120829920498],[131.077880859375,33.65120829920498],[131.077880859375,33.65235145518946],[131.06689453125,33.65235145518946],[131.06689453125,33.65120829920498]]],[[[130.23330688476562,33.65006512803725],[130.23605346679688,33.65006512803725],[130.23605346679688,33.65120829920498],[130.23330688476562,33.65120829920498],[130.23330688476562,33.65006512803725]]],[[[130.33218383789062,33.65006512803725],[130.33767700195312,33.65006512803725],[130.33767700195312,33.65120829920498],[130.33218383789062,33.65120829920498],[130.33218383789062,33.65006512803725]]],[[[130.34042358398438,33.65006512803725],[130.35140991210938,33.65006512803725],[130.35140991210938,33.65120829920498],[130.34042358398438,33.65120829920498],[130.34042358398438,33.65006512803725]]],[[[130.3582763671875,33.65006512803725],[130.35964965820312,33.65006512803725],[130.35964965820312,33.65235145518946],[130.3582763671875,33.65235145518946],[130.3582763671875,33.65006512803725]]],[[[130.40496826171875,33.65006512803725],[130.41732788085938,33.65006512803725],[130.41732788085938,33.65349459599045],[130.40496826171875,33.65349459599045],[130.40496826171875,33.65006512803725]]],[[[130.43106079101562,33.65006512803725],[130.43243408203125,33.65006512803725],[130.43243408203125,33.65120829920498],[130.43106079101562,33.65120829920498],[130.43106079101562,33.65006512803725]]],[[[131.06826782226562,33.65006512803725],[131.07925415039062,33.65006512803725],[131.07925415039062,33.65120829920498],[131.06826782226562,33.65120829920498],[131.06826782226562,33.65006512803725]]],[[[130.20584106445312,33.64892194168654],[130.20858764648438,33.64892194168654],[130.20858764648438,33.65120829920498],[130.20584106445312,33.65120829920498],[130.20584106445312,33.64892194168654]]],[[[130.33218383789062,33.64892194168654],[130.33493041992188,33.64892194168654],[130.33493041992188,33.65006512803725],[130.33218383789062,33.65006512803725],[130.33218383789062,33.64892194168654]]],[[[130.34317016601562,33.64892194168654],[130.352783203125,33.64892194168654],[130.352783203125,33.65006512803725],[130.34317016601562,33.65006512803725],[130.34317016601562,33.64892194168654]]],[[[130.40634155273438,33.64892194168654],[130.418701171875,33.64892194168654],[130.418701171875,33.65006512803725],[130.40634155273438,33.65006512803725],[130.40634155273438,33.64892194168654]]],[[[130.20721435546875,33.64777874015309],[130.20858764648438,33.64777874015309],[130.20858764648438,33.64892194168654],[130.20721435546875,33.64892194168654],[130.20721435546875,33.64777874015309]]],[[[130.34591674804688,33.64777874015309],[130.35415649414062,33.64777874015309],[130.35415649414062,33.64892194168654],[130.34591674804688,33.64892194168654],[130.34591674804688,33.64777874015309]]],[[[130.35690307617188,33.64777874015309],[130.35964965820312,33.64777874015309],[130.35964965820312,33.65006512803725],[130.35690307617188,33.65006512803725],[130.35690307617188,33.64777874015309]]],[[[130.40908813476562,33.64777874015309],[130.41595458984375,33.64777874015309],[130.41595458984375,33.64892194168654],[130.40908813476562,33.64892194168654],[130.40908813476562,33.64777874015309]]],[[[130.41732788085938,33.64777874015309],[130.418701171875,33.64777874015309],[130.418701171875,33.64892194168654],[130.41732788085938,33.64892194168654],[130.41732788085938,33.64777874015309]]],[[[131.06826782226562,33.64777874015309],[131.08062744140625,33.64777874015309],[131.08062744140625,33.65006512803725],[131.06826782226562,33.65006512803725],[131.06826782226562,33.64777874015309]]],[[[130.20584106445312,33.646635523437155],[130.20721435546875,33.646635523437155],[130.20721435546875,33.64777874015309],[130.20584106445312,33.64777874015309],[130.20584106445312,33.646635523437155]]],[[[130.35003662109375,33.646635523437155],[130.35552978515625,33.646635523437155],[130.35552978515625,33.64777874015309],[130.35003662109375,33.64777874015309],[130.35003662109375,33.646635523437155]]],[[[130.35690307617188,33.646635523437155],[130.36102294921875,33.646635523437155],[130.36102294921875,33.64777874015309],[130.35690307617188,33.64777874015309],[130.35690307617188,33.646635523437155]]],[[[130.42144775390625,33.646635523437155],[130.42282104492188,33.646635523437155],[130.42282104492188,33.64777874015309],[130.42144775390625,33.64777874015309],[130.42144775390625,33.646635523437155]]],[[[130.19760131835938,33.645492291539],[130.20584106445312,33.645492291539],[130.20584106445312,33.646635523437155],[130.19760131835938,33.646635523437155],[130.19760131835938,33.645492291539]]],[[[130.23605346679688,33.645492291539],[130.2374267578125,33.645492291539],[130.2374267578125,33.646635523437155],[130.23605346679688,33.646635523437155],[130.23605346679688,33.645492291539]]],[[[130.35140991210938,33.645492291539],[130.36239624023438,33.645492291539],[130.36239624023438,33.646635523437155],[130.35140991210938,33.646635523437155],[130.35140991210938,33.645492291539]]],[[[130.23468017578125,33.644349044458856],[130.23605346679688,33.644349044458856],[130.23605346679688,33.645492291539],[130.23468017578125,33.645492291539],[130.23468017578125,33.644349044458856]]],[[[130.352783203125,33.644349044458856],[130.36239624023438,33.644349044458856],[130.36239624023438,33.645492291539],[130.352783203125,33.645492291539],[130.352783203125,33.644349044458856]]],[[[130.198974609375,33.64320578219701],[130.20034790039062,33.64320578219701],[130.20034790039062,33.645492291539],[130.198974609375,33.645492291539],[130.198974609375,33.64320578219701]]],[[[130.23193359375,33.64320578219701],[130.23605346679688,33.64320578219701],[130.23605346679688,33.644349044458856],[130.23193359375,33.644349044458856],[130.23193359375,33.64320578219701]]],[[[130.35415649414062,33.64320578219701],[130.36239624023438,33.64320578219701],[130.36239624023438,33.644349044458856],[130.35415649414062,33.644349044458856],[130.35415649414062,33.64320578219701]]],[[[130.41046142578125,33.64320578219701],[130.4132080078125,33.64320578219701],[130.4132080078125,33.644349044458856],[130.41046142578125,33.644349044458856],[130.41046142578125,33.64320578219701]]],[[[130.42007446289062,33.64320578219701],[130.42144775390625,33.64320578219701],[130.42144775390625,33.645492291539],[130.42007446289062,33.645492291539],[130.42007446289062,33.64320578219701]]],[[[131.06826782226562,33.64320578219701],[131.08200073242188,33.64320578219701],[131.08200073242188,33.64777874015309],[131.06826782226562,33.64777874015309],[131.06826782226562,33.64320578219701]]],[[[130.20034790039062,33.64206250475369],[130.20172119140625,33.64206250475369],[130.20172119140625,33.64320578219701],[130.20034790039062,33.64320578219701],[130.20034790039062,33.64206250475369]]],[[[130.33493041992188,33.64206250475369],[130.33767700195312,33.64206250475369],[130.33767700195312,33.644349044458856],[130.33493041992188,33.644349044458856],[130.33493041992188,33.64206250475369]]],[[[130.40634155273438,33.64206250475369],[130.40908813476562,33.64206250475369],[130.40908813476562,33.64320578219701],[130.40634155273438,33.64320578219701],[130.40634155273438,33.64206250475369]]],[[[130.41046142578125,33.64206250475369],[130.418701171875,33.64206250475369],[130.418701171875,33.64320578219701],[130.41046142578125,33.64320578219701],[130.41046142578125,33.64206250475369]]],[[[130.42007446289062,33.64206250475369],[130.42282104492188,33.64206250475369],[130.42282104492188,33.64320578219701],[130.42007446289062,33.64320578219701],[130.42007446289062,33.64206250475369]]],[[[130.198974609375,33.64091921212916],[130.20034790039062,33.64091921212916],[130.20034790039062,33.64206250475369],[130.198974609375,33.64206250475369],[130.198974609375,33.64091921212916]]],[[[130.22781372070312,33.64091921212916],[130.23056030273438,33.64091921212916],[130.23056030273438,33.64206250475369],[130.22781372070312,33.64206250475369],[130.22781372070312,33.64091921212916]]],[[[130.23193359375,33.64091921212916],[130.23468017578125,33.64091921212916],[130.23468017578125,33.64320578219701],[130.23193359375,33.64320578219701],[130.23193359375,33.64091921212916]]],[[[130.40634155273438,33.64091921212916],[130.42282104492188,33.64091921212916],[130.42282104492188,33.64206250475369],[130.40634155273438,33.64206250475369],[130.40634155273438,33.64091921212916]]],[[[130.19485473632812,33.63977590432366],[130.198974609375,33.63977590432366],[130.198974609375,33.64091921212916],[130.19485473632812,33.64091921212916],[130.19485473632812,33.63977590432366]]],[[[130.22781372070312,33.63977590432366],[130.22918701171875,33.63977590432366],[130.22918701171875,33.64091921212916],[130.22781372070312,33.64091921212916],[130.22781372070312,33.63977590432366]]],[[[130.40634155273438,33.63977590432366],[130.4241943359375,33.63977590432366],[130.4241943359375,33.64091921212916],[130.40634155273438,33.64091921212916],[130.40634155273438,33.63977590432366]]],[[[131.06964111328125,33.63977590432366],[131.0833740234375,33.63977590432366],[131.0833740234375,33.64320578219701],[131.06964111328125,33.64320578219701],[131.06964111328125,33.63977590432366]]],[[[130.19485473632812,33.638632581337475],[130.19622802734375,33.638632581337475],[130.19622802734375,33.63977590432366],[130.19485473632812,33.63977590432366],[130.19485473632812,33.638632581337475]]],[[[130.40496826171875,33.638632581337475],[130.4241943359375,33.638632581337475],[130.4241943359375,33.63977590432366],[130.40496826171875,33.63977590432366],[130.40496826171875,33.638632581337475]]],[[[131.07101440429688,33.638632581337475],[131.0833740234375,33.638632581337475],[131.0833740234375,33.63977590432366],[131.07101440429688,33.63977590432366],[131.07101440429688,33.638632581337475]]],[[[130.19210815429688,33.63748924317082],[130.1934814453125,33.63748924317082],[130.1934814453125,33.638632581337475],[130.19210815429688,33.638632581337475],[130.19210815429688,33.63748924317082]]],[[[130.22918701171875,33.63748924317082],[130.23056030273438,33.63748924317082],[130.23056030273438,33.63977590432366],[130.22918701171875,33.63977590432366],[130.22918701171875,33.63748924317082]]],[[[130.30471801757812,33.63748924317082],[130.30609130859375,33.63748924317082],[130.30609130859375,33.638632581337475],[130.30471801757812,33.638632581337475],[130.30471801757812,33.63748924317082]]],[[[130.40496826171875,33.63748924317082],[130.42556762695312,33.63748924317082],[130.42556762695312,33.638632581337475],[130.40496826171875,33.638632581337475],[130.40496826171875,33.63748924317082]]],[[[131.07101440429688,33.63748924317082],[131.0723876953125,33.63748924317082],[131.0723876953125,33.638632581337475],[131.07101440429688,33.638632581337475],[131.07101440429688,33.63748924317082]]],[[[131.07650756835938,33.63748924317082],[131.08474731445312,33.63748924317082],[131.08474731445312,33.638632581337475],[131.07650756835938,33.638632581337475],[131.07650756835938,33.63748924317082]]],[[[130.22506713867188,33.636345889823964],[130.22918701171875,33.636345889823964],[130.22918701171875,33.63748924317082],[130.22506713867188,33.63748924317082],[130.22506713867188,33.636345889823964]]],[[[130.2978515625,33.636345889823964],[130.29922485351562,33.636345889823964],[130.29922485351562,33.63748924317082],[130.2978515625,33.63748924317082],[130.2978515625,33.636345889823964]]],[[[130.40359497070312,33.636345889823964],[130.42556762695312,33.636345889823964],[130.42556762695312,33.63748924317082],[130.40359497070312,33.63748924317082],[130.40359497070312,33.636345889823964]]],[[[130.22506713867188,33.635202521297174],[130.2264404296875,33.635202521297174],[130.2264404296875,33.636345889823964],[130.22506713867188,33.636345889823964],[130.22506713867188,33.635202521297174]]],[[[130.30746459960938,33.635202521297174],[130.308837890625,33.635202521297174],[130.308837890625,33.636345889823964],[130.30746459960938,33.636345889823964],[130.30746459960938,33.635202521297174]]],[[[131.077880859375,33.635202521297174],[131.08474731445312,33.635202521297174],[131.08474731445312,33.63748924317082],[131.077880859375,33.63748924317082],[131.077880859375,33.635202521297174]]],[[[131.08612060546875,33.635202521297174],[131.0888671875,33.635202521297174],[131.0888671875,33.636345889823964],[131.08612060546875,33.636345889823964],[131.08612060546875,33.635202521297174]]],[[[130.40359497070312,33.63405913759069],[130.42694091796875,33.63405913759069],[130.42694091796875,33.636345889823964],[130.40359497070312,33.636345889823964],[130.40359497070312,33.63405913759069]]],[[[131.077880859375,33.63405913759069],[131.0888671875,33.63405913759069],[131.0888671875,33.635202521297174],[131.077880859375,33.635202521297174],[131.077880859375,33.63405913759069]]],[[[130.17974853515625,33.63291573870477],[130.18112182617188,33.63291573870477],[130.18112182617188,33.63405913759069],[130.17974853515625,33.63405913759069],[130.17974853515625,33.63291573870477]]],[[[130.18386840820312,33.63291573870477],[130.18661499023438,33.63291573870477],[130.18661499023438,33.63405913759069],[130.18386840820312,33.63405913759069],[130.18386840820312,33.63291573870477]]],[[[130.22369384765625,33.63291573870477],[130.22506713867188,33.63291573870477],[130.22506713867188,33.63405913759069],[130.22369384765625,33.63405913759069],[130.22369384765625,33.63291573870477]]],[[[130.40496826171875,33.63291573870477],[130.42831420898438,33.63291573870477],[130.42831420898438,33.63405913759069],[130.40496826171875,33.63405913759069],[130.40496826171875,33.63291573870477]]],[[[130.4296875,33.63291573870477],[130.43106079101562,33.63291573870477],[130.43106079101562,33.63405913759069],[130.4296875,33.63405913759069],[130.4296875,33.63291573870477]]],[[[131.08200073242188,33.63291573870477],[131.09024047851562,33.63291573870477],[131.09024047851562,33.63405913759069],[131.08200073242188,33.63405913759069],[131.08200073242188,33.63291573870477]]],[[[130.16464233398438,33.63177232463966],[130.166015625,33.63177232463966],[130.166015625,33.63291573870477],[130.16464233398438,33.63291573870477],[130.16464233398438,33.63177232463966]]],[[[130.16738891601562,33.63177232463966],[130.16876220703125,33.63177232463966],[130.16876220703125,33.63291573870477],[130.16738891601562,33.63291573870477],[130.16738891601562,33.63177232463966]]],[[[130.177001953125,33.63177232463966],[130.17837524414062,33.63177232463966],[130.17837524414062,33.63291573870477],[130.177001953125,33.63291573870477],[130.177001953125,33.63177232463966]]],[[[130.1824951171875,33.63177232463966],[130.18386840820312,33.63177232463966],[130.18386840820312,33.63291573870477],[130.1824951171875,33.63291573870477],[130.1824951171875,33.63177232463966]]],[[[130.22369384765625,33.63177232463966],[130.2264404296875,33.63177232463966],[130.2264404296875,33.63291573870477],[130.22369384765625,33.63291573870477],[130.22369384765625,33.63177232463966]]],[[[130.40908813476562,33.63177232463966],[130.43655395507812,33.63177232463966],[130.43655395507812,33.63291573870477],[130.40908813476562,33.63291573870477],[130.40908813476562,33.63177232463966]]],[[[131.0833740234375,33.63177232463966],[131.08474731445312,33.63177232463966],[131.08474731445312,33.63291573870477],[131.0833740234375,33.63291573870477],[131.0833740234375,33.63177232463966]]],[[[131.08749389648438,33.63177232463966],[131.09161376953125,33.63177232463966],[131.09161376953125,33.63291573870477],[131.08749389648438,33.63291573870477],[131.08749389648438,33.63177232463966]]],[[[130.15914916992188,33.63062889539563],[130.1605224609375,33.63062889539563],[130.1605224609375,33.63177232463966],[130.15914916992188,33.63177232463966],[130.15914916992188,33.63062889539563]]],[[[130.16189575195312,33.63062889539563],[130.16326904296875,33.63062889539563],[130.16326904296875,33.63177232463966],[130.16189575195312,33.63177232463966],[130.16189575195312,33.63062889539563]]],[[[130.17562866210938,33.63062889539563],[130.177001953125,33.63062889539563],[130.177001953125,33.63177232463966],[130.17562866210938,33.63177232463966],[130.17562866210938,33.63062889539563]]],[[[130.22506713867188,33.63062889539563],[130.2264404296875,33.63062889539563],[130.2264404296875,33.63177232463966],[130.22506713867188,33.63177232463966],[130.22506713867188,33.63062889539563]]],[[[130.40771484375,33.63062889539563],[130.43655395507812,33.63062889539563],[130.43655395507812,33.63177232463966],[130.40771484375,33.63177232463966],[130.40771484375,33.63062889539563]]],[[[131.0888671875,33.63062889539563],[131.09298706054688,33.63062889539563],[131.09298706054688,33.63177232463966],[131.0888671875,33.63177232463966],[131.0888671875,33.63062889539563]]],[[[130.15777587890625,33.629485450972915],[130.15914916992188,33.629485450972915],[130.15914916992188,33.63062889539563],[130.15777587890625,33.63062889539563],[130.15777587890625,33.629485450972915]]],[[[130.17013549804688,33.629485450972915],[130.17562866210938,33.629485450972915],[130.17562866210938,33.63062889539563],[130.17013549804688,33.63062889539563],[130.17013549804688,33.629485450972915]]],[[[130.2264404296875,33.629485450972915],[130.22781372070312,33.629485450972915],[130.22781372070312,33.63062889539563],[130.2264404296875,33.63062889539563],[130.2264404296875,33.629485450972915]]],[[[130.28961181640625,33.629485450972915],[130.29098510742188,33.629485450972915],[130.29098510742188,33.63062889539563],[130.28961181640625,33.63062889539563],[130.28961181640625,33.629485450972915]]],[[[130.30746459960938,33.629485450972915],[130.308837890625,33.629485450972915],[130.308837890625,33.63177232463966],[130.30746459960938,33.63177232463966],[130.30746459960938,33.629485450972915]]],[[[130.40771484375,33.629485450972915],[130.43792724609375,33.629485450972915],[130.43792724609375,33.63062889539563],[130.40771484375,33.63062889539563],[130.40771484375,33.629485450972915]]],[[[131.09024047851562,33.629485450972915],[131.09298706054688,33.629485450972915],[131.09298706054688,33.63062889539563],[131.09024047851562,33.63062889539563],[131.09024047851562,33.629485450972915]]],[[[130.15640258789062,33.62834199137179],[130.15777587890625,33.62834199137179],[130.15777587890625,33.629485450972915],[130.15640258789062,33.629485450972915],[130.15640258789062,33.62834199137179]]],[[[130.23193359375,33.62834199137179],[130.23330688476562,33.62834199137179],[130.23330688476562,33.629485450972915],[130.23193359375,33.629485450972915],[130.23193359375,33.62834199137179]]],[[[130.40496826171875,33.62834199137179],[130.44204711914062,33.62834199137179],[130.44204711914062,33.629485450972915],[130.40496826171875,33.629485450972915],[130.40496826171875,33.62834199137179]]],[[[131.09298706054688,33.62834199137179],[131.0943603515625,33.62834199137179],[131.0943603515625,33.629485450972915],[131.09298706054688,33.629485450972915],[131.09298706054688,33.62834199137179]]],[[[131.11495971679688,33.62834199137179],[131.121826171875,33.62834199137179],[131.121826171875,33.63062889539563],[131.11495971679688,33.63062889539563],[131.11495971679688,33.62834199137179]]],[[[131.1273193359375,33.62834199137179],[131.13006591796875,33.62834199137179],[131.13006591796875,33.63177232463966],[131.1273193359375,33.63177232463966],[131.1273193359375,33.62834199137179]]],[[[130.22781372070312,33.62719851659248],[130.23330688476562,33.62719851659248],[130.23330688476562,33.62834199137179],[130.22781372070312,33.62834199137179],[130.22781372070312,33.62719851659248]]],[[[130.308837890625,33.62719851659248],[130.31021118164062,33.62719851659248],[130.31021118164062,33.62834199137179],[130.308837890625,33.62834199137179],[130.308837890625,33.62719851659248]]],[[[130.40359497070312,33.62719851659248],[130.44204711914062,33.62719851659248],[130.44204711914062,33.62834199137179],[130.40359497070312,33.62834199137179],[130.40359497070312,33.62719851659248]]],[[[131.11495971679688,33.62719851659248],[131.12319946289062,33.62719851659248],[131.12319946289062,33.62834199137179],[131.11495971679688,33.62834199137179],[131.11495971679688,33.62719851659248]]],[[[131.1273193359375,33.62719851659248],[131.1328125,33.62719851659248],[131.1328125,33.62834199137179],[131.1273193359375,33.62834199137179],[131.1273193359375,33.62719851659248]]],[[[130.155029296875,33.62605502663528],[130.15640258789062,33.62605502663528],[130.15640258789062,33.62834199137179],[130.155029296875,33.62834199137179],[130.155029296875,33.62605502663528]]],[[[130.22918701171875,33.62605502663528],[130.23056030273438,33.62605502663528],[130.23056030273438,33.62719851659248],[130.22918701171875,33.62719851659248],[130.22918701171875,33.62605502663528]]],[[[131.09298706054688,33.62605502663528],[131.09573364257812,33.62605502663528],[131.09573364257812,33.62834199137179],[131.09298706054688,33.62834199137179],[131.09298706054688,33.62605502663528]]],[[[131.11495971679688,33.62605502663528],[131.1273193359375,33.62605502663528],[131.1273193359375,33.62719851659248],[131.11495971679688,33.62719851659248],[131.11495971679688,33.62605502663528]]],[[[131.12869262695312,33.62605502663528],[131.1328125,33.62605502663528],[131.1328125,33.62719851659248],[131.12869262695312,33.62719851659248],[131.12869262695312,33.62605502663528]]],[[[130.23193359375,33.6249115215004],[130.23330688476562,33.6249115215004],[130.23330688476562,33.62605502663528],[130.23193359375,33.62605502663528],[130.23193359375,33.6249115215004]]],[[[130.40359497070312,33.6249115215004],[130.440673828125,33.6249115215004],[130.440673828125,33.62719851659248],[130.40359497070312,33.62719851659248],[130.40359497070312,33.6249115215004]]],[[[131.12045288085938,33.6249115215004],[131.1328125,33.6249115215004],[131.1328125,33.62605502663528],[131.12045288085938,33.62605502663528],[131.12045288085938,33.6249115215004]]],[[[130.2978515625,33.62376800118812],[130.29922485351562,33.62376800118812],[130.29922485351562,33.6249115215004],[130.2978515625,33.6249115215004],[130.2978515625,33.62376800118812]]],[[[130.4022216796875,33.62376800118812],[130.440673828125,33.62376800118812],[130.440673828125,33.6249115215004],[130.4022216796875,33.6249115215004],[130.4022216796875,33.62376800118812]]],[[[131.09298706054688,33.62376800118812],[131.0943603515625,33.62376800118812],[131.0943603515625,33.6249115215004],[131.09298706054688,33.6249115215004],[131.09298706054688,33.62376800118812]]],[[[131.11495971679688,33.62376800118812],[131.11907958984375,33.62376800118812],[131.11907958984375,33.62605502663528],[131.11495971679688,33.62605502663528],[131.11495971679688,33.62376800118812]]],[[[131.12045288085938,33.62376800118812],[131.12319946289062,33.62376800118812],[131.12319946289062,33.6249115215004],[131.12045288085938,33.6249115215004],[131.12045288085938,33.62376800118812]]],[[[131.12594604492188,33.62376800118812],[131.1328125,33.62376800118812],[131.1328125,33.6249115215004],[131.12594604492188,33.6249115215004],[131.12594604492188,33.62376800118812]]],[[[130.22918701171875,33.622624465698685],[130.23056030273438,33.622624465698685],[130.23056030273438,33.62376800118812],[130.22918701171875,33.62376800118812],[130.22918701171875,33.622624465698685]]],[[[130.4022216796875,33.622624465698685],[130.43930053710938,33.622624465698685],[130.43930053710938,33.62376800118812],[130.4022216796875,33.62376800118812],[130.4022216796875,33.622624465698685]]],[[[131.09161376953125,33.622624465698685],[131.09848022460938,33.622624465698685],[131.09848022460938,33.62376800118812],[131.09161376953125,33.62376800118812],[131.09161376953125,33.622624465698685]]],[[[131.1273193359375,33.622624465698685],[131.1328125,33.622624465698685],[131.1328125,33.62376800118812],[131.1273193359375,33.62376800118812],[131.1273193359375,33.622624465698685]]],[[[130.40359497070312,33.62148091503236],[130.43930053710938,33.62148091503236],[130.43930053710938,33.622624465698685],[130.40359497070312,33.622624465698685],[130.40359497070312,33.62148091503236]]],[[[131.1163330078125,33.62148091503236],[131.11770629882812,33.62148091503236],[131.11770629882812,33.62376800118812],[131.1163330078125,33.62376800118812],[131.1163330078125,33.62148091503236]]],[[[131.12869262695312,33.62148091503236],[131.1328125,33.62148091503236],[131.1328125,33.622624465698685],[131.12869262695312,33.622624465698685],[131.12869262695312,33.62148091503236]]],[[[130.23056030273438,33.620337349189384],[130.23193359375,33.620337349189384],[130.23193359375,33.622624465698685],[130.23056030273438,33.622624465698685],[130.23056030273438,33.620337349189384]]],[[[130.40771484375,33.620337349189384],[130.42831420898438,33.620337349189384],[130.42831420898438,33.62148091503236],[130.40771484375,33.62148091503236],[130.40771484375,33.620337349189384]]],[[[130.43106079101562,33.620337349189384],[130.43930053710938,33.620337349189384],[130.43930053710938,33.62148091503236],[130.43106079101562,33.62148091503236],[130.43106079101562,33.620337349189384]]],[[[131.09710693359375,33.620337349189384],[131.09848022460938,33.620337349189384],[131.09848022460938,33.622624465698685],[131.09710693359375,33.622624465698685],[131.09710693359375,33.620337349189384]]],[[[131.10671997070312,33.620337349189384],[131.11358642578125,33.620337349189384],[131.11358642578125,33.6249115215004],[131.10671997070312,33.6249115215004],[131.10671997070312,33.620337349189384]]],[[[130.31295776367188,33.619193768170035],[130.3143310546875,33.619193768170035],[130.3143310546875,33.620337349189384],[130.31295776367188,33.620337349189384],[130.31295776367188,33.619193768170035]]],[[[130.40359497070312,33.619193768170035],[130.40634155273438,33.619193768170035],[130.40634155273438,33.620337349189384],[130.40359497070312,33.620337349189384],[130.40359497070312,33.619193768170035]]],[[[130.41183471679688,33.619193768170035],[130.42831420898438,33.619193768170035],[130.42831420898438,33.620337349189384],[130.41183471679688,33.620337349189384],[130.41183471679688,33.619193768170035]]],[[[131.09710693359375,33.619193768170035],[131.099853515625,33.619193768170035],[131.099853515625,33.620337349189384],[131.09710693359375,33.620337349189384],[131.09710693359375,33.619193768170035]]],[[[131.11495971679688,33.619193768170035],[131.11770629882812,33.619193768170035],[131.11770629882812,33.62148091503236],[131.11495971679688,33.62148091503236],[131.11495971679688,33.619193768170035]]],[[[129.86114501953125,33.61805017197453],[129.8638916015625,33.61805017197453],[129.8638916015625,33.619193768170035],[129.86114501953125,33.619193768170035],[129.86114501953125,33.61805017197453]]],[[[130.23193359375,33.61805017197453],[130.23330688476562,33.61805017197453],[130.23330688476562,33.620337349189384],[130.23193359375,33.620337349189384],[130.23193359375,33.61805017197453]]],[[[130.40084838867188,33.61805017197453],[130.41046142578125,33.61805017197453],[130.41046142578125,33.619193768170035],[130.40084838867188,33.619193768170035],[130.40084838867188,33.61805017197453]]],[[[130.41183471679688,33.61805017197453],[130.42694091796875,33.61805017197453],[130.42694091796875,33.619193768170035],[130.41183471679688,33.619193768170035],[130.41183471679688,33.61805017197453]]],[[[130.43243408203125,33.61805017197453],[130.43930053710938,33.61805017197453],[130.43930053710938,33.620337349189384],[130.43243408203125,33.620337349189384],[130.43243408203125,33.61805017197453]]],[[[131.09848022460938,33.61805017197453],[131.10122680664062,33.61805017197453],[131.10122680664062,33.619193768170035],[131.09848022460938,33.619193768170035],[131.09848022460938,33.61805017197453]]],[[[131.10809326171875,33.61805017197453],[131.11358642578125,33.61805017197453],[131.11358642578125,33.620337349189384],[131.10809326171875,33.620337349189384],[131.10809326171875,33.61805017197453]]],[[[131.11495971679688,33.61805017197453],[131.1163330078125,33.61805017197453],[131.1163330078125,33.619193768170035],[131.11495971679688,33.619193768170035],[131.11495971679688,33.61805017197453]]],[[[130.155029296875,33.616906560603155],[130.15640258789062,33.616906560603155],[130.15640258789062,33.61805017197453],[130.155029296875,33.61805017197453],[130.155029296875,33.616906560603155]]],[[[130.23056030273438,33.616906560603155],[130.23193359375,33.616906560603155],[130.23193359375,33.61805017197453],[130.23056030273438,33.61805017197453],[130.23056030273438,33.616906560603155]]],[[[130.2923583984375,33.616906560603155],[130.29510498046875,33.616906560603155],[130.29510498046875,33.61805017197453],[130.2923583984375,33.61805017197453],[130.2923583984375,33.616906560603155]]],[[[130.39947509765625,33.616906560603155],[130.42694091796875,33.616906560603155],[130.42694091796875,33.61805017197453],[130.39947509765625,33.61805017197453],[130.39947509765625,33.616906560603155]]],[[[130.4296875,33.616906560603155],[130.43930053710938,33.616906560603155],[130.43930053710938,33.61805017197453],[130.4296875,33.61805017197453],[130.4296875,33.616906560603155]]],[[[131.09710693359375,33.616906560603155],[131.11083984375,33.616906560603155],[131.11083984375,33.61805017197453],[131.09710693359375,33.61805017197453],[131.09710693359375,33.616906560603155]]],[[[131.11221313476562,33.616906560603155],[131.1163330078125,33.616906560603155],[131.1163330078125,33.61805017197453],[131.11221313476562,33.61805017197453],[131.11221313476562,33.616906560603155]]],[[[130.15640258789062,33.61576293405615],[130.15777587890625,33.61576293405615],[130.15777587890625,33.616906560603155],[130.15640258789062,33.616906560603155],[130.15640258789062,33.61576293405615]]],[[[130.23193359375,33.61576293405615],[130.23330688476562,33.61576293405615],[130.23330688476562,33.616906560603155],[130.23193359375,33.616906560603155],[130.23193359375,33.61576293405615]]],[[[130.29098510742188,33.61576293405615],[130.29373168945312,33.61576293405615],[130.29373168945312,33.616906560603155],[130.29098510742188,33.616906560603155],[130.29098510742188,33.61576293405615]]],[[[130.39947509765625,33.61576293405615],[130.42144775390625,33.61576293405615],[130.42144775390625,33.616906560603155],[130.39947509765625,33.616906560603155],[130.39947509765625,33.61576293405615]]],[[[130.42694091796875,33.61576293405615],[130.43930053710938,33.61576293405615],[130.43930053710938,33.616906560603155],[130.42694091796875,33.616906560603155],[130.42694091796875,33.61576293405615]]],[[[131.099853515625,33.61576293405615],[131.10260009765625,33.61576293405615],[131.10260009765625,33.616906560603155],[131.099853515625,33.616906560603155],[131.099853515625,33.61576293405615]]],[[[130.155029296875,33.61461929233377],[130.16189575195312,33.61461929233377],[130.16189575195312,33.61576293405615],[130.155029296875,33.61576293405615],[130.155029296875,33.61461929233377]]],[[[130.23330688476562,33.61461929233377],[130.23605346679688,33.61461929233377],[130.23605346679688,33.61576293405615],[130.23330688476562,33.61576293405615],[130.23330688476562,33.61461929233377]]],[[[130.42831420898438,33.61461929233377],[130.43792724609375,33.61461929233377],[130.43792724609375,33.61576293405615],[130.42831420898438,33.61576293405615],[130.42831420898438,33.61461929233377]]],[[[130.155029296875,33.61347563543629],[130.16326904296875,33.61347563543629],[130.16326904296875,33.61461929233377],[130.155029296875,33.61461929233377],[130.155029296875,33.61347563543629]]],[[[130.2374267578125,33.61347563543629],[130.24017333984375,33.61347563543629],[130.24017333984375,33.61461929233377],[130.2374267578125,33.61461929233377],[130.2374267578125,33.61347563543629]]],[[[130.39947509765625,33.61347563543629],[130.42007446289062,33.61347563543629],[130.42007446289062,33.61576293405615],[130.39947509765625,33.61576293405615],[130.39947509765625,33.61347563543629]]],[[[130.4296875,33.61347563543629],[130.43243408203125,33.61347563543629],[130.43243408203125,33.61461929233377],[130.4296875,33.61461929233377],[130.4296875,33.61347563543629]]],[[[130.4351806640625,33.61347563543629],[130.43655395507812,33.61347563543629],[130.43655395507812,33.61461929233377],[130.4351806640625,33.61461929233377],[130.4351806640625,33.61347563543629]]],[[[129.85702514648438,33.61233196336393],[129.8583984375,33.61233196336393],[129.8583984375,33.61347563543629],[129.85702514648438,33.61347563543629],[129.85702514648438,33.61233196336393]]],[[[130.24154663085938,33.61233196336393],[130.242919921875,33.61233196336393],[130.242919921875,33.61347563543629],[130.24154663085938,33.61347563543629],[130.24154663085938,33.61233196336393]]],[[[130.264892578125,33.61233196336393],[130.26626586914062,33.61233196336393],[130.26626586914062,33.61347563543629],[130.264892578125,33.61347563543629],[130.264892578125,33.61233196336393]]],[[[130.26901245117188,33.61233196336393],[130.2703857421875,33.61233196336393],[130.2703857421875,33.61347563543629],[130.26901245117188,33.61347563543629],[130.26901245117188,33.61233196336393]]],[[[130.29373168945312,33.61233196336393],[130.29510498046875,33.61233196336393],[130.29510498046875,33.61576293405615],[130.29373168945312,33.61576293405615],[130.29373168945312,33.61233196336393]]],[[[130.31158447265625,33.61233196336393],[130.31295776367188,33.61233196336393],[130.31295776367188,33.61347563543629],[130.31158447265625,33.61347563543629],[130.31158447265625,33.61233196336393]]],[[[130.39810180664062,33.61233196336393],[130.41732788085938,33.61233196336393],[130.41732788085938,33.61347563543629],[130.39810180664062,33.61347563543629],[130.39810180664062,33.61233196336393]]],[[[130.16189575195312,33.61118827611696],[130.16464233398438,33.61118827611696],[130.16464233398438,33.61347563543629],[130.16189575195312,33.61347563543629],[130.16189575195312,33.61118827611696]]],[[[130.2484130859375,33.61118827611696],[130.25115966796875,33.61118827611696],[130.25115966796875,33.61233196336393],[130.2484130859375,33.61233196336393],[130.2484130859375,33.61118827611696]]],[[[130.29510498046875,33.61118827611696],[130.29647827148438,33.61118827611696],[130.29647827148438,33.61233196336393],[130.29510498046875,33.61233196336393],[130.29510498046875,33.61118827611696]]],[[[130.308837890625,33.61118827611696],[130.31158447265625,33.61118827611696],[130.31158447265625,33.61233196336393],[130.308837890625,33.61233196336393],[130.308837890625,33.61118827611696]]],[[[130.396728515625,33.61118827611696],[130.41732788085938,33.61118827611696],[130.41732788085938,33.61233196336393],[130.396728515625,33.61233196336393],[130.396728515625,33.61118827611696]]],[[[130.27450561523438,33.61004457369563],[130.27587890625,33.61004457369563],[130.27587890625,33.61118827611696],[130.27450561523438,33.61118827611696],[130.27450561523438,33.61004457369563]]],[[[130.308837890625,33.61004457369563],[130.31021118164062,33.61004457369563],[130.31021118164062,33.61118827611696],[130.308837890625,33.61118827611696],[130.308837890625,33.61004457369563]]],[[[130.39535522460938,33.61004457369563],[130.40359497070312,33.61004457369563],[130.40359497070312,33.61118827611696],[130.39535522460938,33.61118827611696],[130.39535522460938,33.61004457369563]]],[[[130.40496826171875,33.61004457369563],[130.41595458984375,33.61004457369563],[130.41595458984375,33.61118827611696],[130.40496826171875,33.61118827611696],[130.40496826171875,33.61004457369563]]],[[[130.14404296875,33.60890085610021],[130.14541625976562,33.60890085610021],[130.14541625976562,33.61004457369563],[130.14404296875,33.61004457369563],[130.14404296875,33.60890085610021]]],[[[130.1605224609375,33.60890085610021],[130.16189575195312,33.60890085610021],[130.16189575195312,33.61118827611696],[130.1605224609375,33.61118827611696],[130.1605224609375,33.60890085610021]]],[[[130.30746459960938,33.60890085610021],[130.31021118164062,33.60890085610021],[130.31021118164062,33.61004457369563],[130.30746459960938,33.61004457369563],[130.30746459960938,33.60890085610021]]],[[[130.38711547851562,33.60890085610021],[130.3912353515625,33.60890085610021],[130.3912353515625,33.61004457369563],[130.38711547851562,33.61004457369563],[130.38711547851562,33.60890085610021]]],[[[130.39535522460938,33.60890085610021],[130.41183471679688,33.60890085610021],[130.41183471679688,33.61004457369563],[130.39535522460938,33.61004457369563],[130.39535522460938,33.60890085610021]]],[[[130.14404296875,33.60775712333094],[130.14678955078125,33.60775712333094],[130.14678955078125,33.60890085610021],[130.14404296875,33.60890085610021],[130.14404296875,33.60775712333094]]],[[[130.15640258789062,33.60775712333094],[130.1605224609375,33.60775712333094],[130.1605224609375,33.60890085610021],[130.15640258789062,33.60890085610021],[130.15640258789062,33.60775712333094]]],[[[130.24978637695312,33.60775712333094],[130.25115966796875,33.60775712333094],[130.25115966796875,33.60890085610021],[130.24978637695312,33.60890085610021],[130.24978637695312,33.60775712333094]]],[[[130.27587890625,33.60775712333094],[130.27725219726562,33.60775712333094],[130.27725219726562,33.60890085610021],[130.27587890625,33.60890085610021],[130.27587890625,33.60775712333094]]],[[[130.29647827148438,33.60775712333094],[130.2978515625,33.60775712333094],[130.2978515625,33.60890085610021],[130.29647827148438,33.60890085610021],[130.29647827148438,33.60775712333094]]],[[[130.3033447265625,33.60775712333094],[130.308837890625,33.60775712333094],[130.308837890625,33.60890085610021],[130.3033447265625,33.60890085610021],[130.3033447265625,33.60775712333094]]],[[[130.38436889648438,33.60775712333094],[130.3912353515625,33.60775712333094],[130.3912353515625,33.60890085610021],[130.38436889648438,33.60890085610021],[130.38436889648438,33.60775712333094]]],[[[130.396728515625,33.60775712333094],[130.4132080078125,33.60775712333094],[130.4132080078125,33.60890085610021],[130.396728515625,33.60890085610021],[130.396728515625,33.60775712333094]]],[[[130.2484130859375,33.606613375388086],[130.25253295898438,33.606613375388086],[130.25253295898438,33.60775712333094],[130.2484130859375,33.60775712333094],[130.2484130859375,33.606613375388086]]],[[[130.27725219726562,33.606613375388086],[130.27862548828125,33.606613375388086],[130.27862548828125,33.60775712333094],[130.27725219726562,33.60775712333094],[130.27725219726562,33.606613375388086]]],[[[130.2978515625,33.606613375388086],[130.30471801757812,33.606613375388086],[130.30471801757812,33.60775712333094],[130.2978515625,33.60775712333094],[130.2978515625,33.606613375388086]]],[[[130.38436889648438,33.606613375388086],[130.39260864257812,33.606613375388086],[130.39260864257812,33.60775712333094],[130.38436889648438,33.60775712333094],[130.38436889648438,33.606613375388086]]],[[[130.39947509765625,33.606613375388086],[130.41458129882812,33.606613375388086],[130.41458129882812,33.60775712333094],[130.39947509765625,33.60775712333094],[130.39947509765625,33.606613375388086]]],[[[129.86251831054688,33.60546961227188],[129.8638916015625,33.60546961227188],[129.8638916015625,33.606613375388086],[129.86251831054688,33.606613375388086],[129.86251831054688,33.60546961227188]]],[[[130.15777587890625,33.60546961227188],[130.15914916992188,33.60546961227188],[130.15914916992188,33.60775712333094],[130.15777587890625,33.60775712333094],[130.15777587890625,33.60546961227188]]],[[[130.2484130859375,33.60546961227188],[130.25390625,33.60546961227188],[130.25390625,33.606613375388086],[130.2484130859375,33.606613375388086],[130.2484130859375,33.60546961227188]]],[[[130.36514282226562,33.60546961227188],[130.36651611328125,33.60546961227188],[130.36651611328125,33.606613375388086],[130.36514282226562,33.606613375388086],[130.36514282226562,33.60546961227188]]],[[[130.38436889648438,33.60546961227188],[130.39398193359375,33.60546961227188],[130.39398193359375,33.606613375388086],[130.38436889648438,33.606613375388086],[130.38436889648438,33.60546961227188]]],[[[130.396728515625,33.60546961227188],[130.39810180664062,33.60546961227188],[130.39810180664062,33.606613375388086],[130.396728515625,33.606613375388086],[130.396728515625,33.60546961227188]]],[[[130.39947509765625,33.60546961227188],[130.4132080078125,33.60546961227188],[130.4132080078125,33.606613375388086],[130.39947509765625,33.606613375388086],[130.39947509765625,33.60546961227188]]],[[[129.84878540039062,33.6043258339826],[129.8529052734375,33.6043258339826],[129.8529052734375,33.60546961227188],[129.84878540039062,33.60546961227188],[129.84878540039062,33.6043258339826]]],[[[129.86114501953125,33.6043258339826],[129.86251831054688,33.6043258339826],[129.86251831054688,33.60546961227188],[129.86114501953125,33.60546961227188],[129.86114501953125,33.6043258339826]]],[[[130.15640258789062,33.6043258339826],[130.15777587890625,33.6043258339826],[130.15777587890625,33.60546961227188],[130.15640258789062,33.60546961227188],[130.15640258789062,33.6043258339826]]],[[[130.2484130859375,33.6043258339826],[130.25527954101562,33.6043258339826],[130.25527954101562,33.60546961227188],[130.2484130859375,33.60546961227188],[130.2484130859375,33.6043258339826]]],[[[130.27450561523438,33.6043258339826],[130.27725219726562,33.6043258339826],[130.27725219726562,33.60546961227188],[130.27450561523438,33.60546961227188],[130.27450561523438,33.6043258339826]]],[[[130.36651611328125,33.6043258339826],[130.36788940429688,33.6043258339826],[130.36788940429688,33.60546961227188],[130.36651611328125,33.60546961227188],[130.36651611328125,33.6043258339826]]],[[[130.37338256835938,33.6043258339826],[130.37887573242188,33.6043258339826],[130.37887573242188,33.60546961227188],[130.37338256835938,33.60546961227188],[130.37338256835938,33.6043258339826]]],[[[130.3857421875,33.6043258339826],[130.39398193359375,33.6043258339826],[130.39398193359375,33.60546961227188],[130.3857421875,33.60546961227188],[130.3857421875,33.6043258339826]]],[[[130.39535522460938,33.6043258339826],[130.41183471679688,33.6043258339826],[130.41183471679688,33.60546961227188],[130.39535522460938,33.60546961227188],[130.39535522460938,33.6043258339826]]],[[[129.84878540039062,33.603182040520494],[129.85153198242188,33.603182040520494],[129.85153198242188,33.6043258339826],[129.84878540039062,33.6043258339826],[129.84878540039062,33.603182040520494]]],[[[129.8968505859375,33.603182040520494],[129.90097045898438,33.603182040520494],[129.90097045898438,33.6043258339826],[129.8968505859375,33.6043258339826],[129.8968505859375,33.603182040520494]]],[[[130.2484130859375,33.603182040520494],[130.25665283203125,33.603182040520494],[130.25665283203125,33.6043258339826],[130.2484130859375,33.6043258339826],[130.2484130859375,33.603182040520494]]],[[[130.27313232421875,33.603182040520494],[130.27587890625,33.603182040520494],[130.27587890625,33.6043258339826],[130.27313232421875,33.6043258339826],[130.27313232421875,33.603182040520494]]],[[[130.37338256835938,33.603182040520494],[130.3802490234375,33.603182040520494],[130.3802490234375,33.6043258339826],[130.37338256835938,33.6043258339826],[130.37338256835938,33.603182040520494]]],[[[130.3857421875,33.603182040520494],[130.39535522460938,33.603182040520494],[130.39535522460938,33.6043258339826],[130.3857421875,33.6043258339826],[130.3857421875,33.603182040520494]]],[[[130.396728515625,33.603182040520494],[130.41046142578125,33.603182040520494],[130.41046142578125,33.6043258339826],[130.396728515625,33.6043258339826],[130.396728515625,33.603182040520494]]],[[[129.89410400390625,33.6020382318858],[129.8968505859375,33.6020382318858],[129.8968505859375,33.603182040520494],[129.89410400390625,33.603182040520494],[129.89410400390625,33.6020382318858]]],[[[129.90234375,33.6020382318858],[129.90371704101562,33.6020382318858],[129.90371704101562,33.603182040520494],[129.90234375,33.603182040520494],[129.90234375,33.6020382318858]]],[[[130.155029296875,33.6020382318858],[130.15640258789062,33.6020382318858],[130.15640258789062,33.6043258339826],[130.155029296875,33.6043258339826],[130.155029296875,33.6020382318858]]],[[[130.2484130859375,33.6020382318858],[130.2593994140625,33.6020382318858],[130.2593994140625,33.603182040520494],[130.2484130859375,33.603182040520494],[130.2484130859375,33.6020382318858]]],[[[130.26214599609375,33.6020382318858],[130.26351928710938,33.6020382318858],[130.26351928710938,33.603182040520494],[130.26214599609375,33.603182040520494],[130.26214599609375,33.6020382318858]]],[[[130.27175903320312,33.6020382318858],[130.27450561523438,33.6020382318858],[130.27450561523438,33.603182040520494],[130.27175903320312,33.603182040520494],[130.27175903320312,33.6020382318858]]],[[[130.3692626953125,33.6020382318858],[130.38162231445312,33.6020382318858],[130.38162231445312,33.603182040520494],[130.3692626953125,33.603182040520494],[130.3692626953125,33.6020382318858]]],[[[130.38711547851562,33.6020382318858],[130.41183471679688,33.6020382318858],[130.41183471679688,33.603182040520494],[130.38711547851562,33.603182040520494],[130.38711547851562,33.6020382318858]]],[[[130.2484130859375,33.6008944080788],[130.26351928710938,33.6008944080788],[130.26351928710938,33.6020382318858],[130.2484130859375,33.6020382318858],[130.2484130859375,33.6008944080788]]],[[[130.36514282226562,33.6008944080788],[130.37063598632812,33.6008944080788],[130.37063598632812,33.6020382318858],[130.36514282226562,33.6020382318858],[130.36514282226562,33.6008944080788]]],[[[130.37200927734375,33.6008944080788],[130.37338256835938,33.6008944080788],[130.37338256835938,33.6020382318858],[130.37200927734375,33.6020382318858],[130.37200927734375,33.6008944080788]]],[[[130.3857421875,33.6008944080788],[130.41183471679688,33.6008944080788],[130.41183471679688,33.6020382318858],[130.3857421875,33.6020382318858],[130.3857421875,33.6008944080788]]],[[[129.847412109375,33.59975056909973],[129.84878540039062,33.59975056909973],[129.84878540039062,33.6008944080788],[129.847412109375,33.6008944080788],[129.847412109375,33.59975056909973]]],[[[130.15228271484375,33.59975056909973],[130.15365600585938,33.59975056909973],[130.15365600585938,33.6008944080788],[130.15228271484375,33.6008944080788],[130.15228271484375,33.59975056909973]]],[[[130.2484130859375,33.59975056909973],[130.25527954101562,33.59975056909973],[130.25527954101562,33.6008944080788],[130.2484130859375,33.6008944080788],[130.2484130859375,33.59975056909973]]],[[[130.36239624023438,33.59975056909973],[130.37200927734375,33.59975056909973],[130.37200927734375,33.6008944080788],[130.36239624023438,33.6008944080788],[130.36239624023438,33.59975056909973]]],[[[130.3802490234375,33.59975056909973],[130.38299560546875,33.59975056909973],[130.38299560546875,33.6020382318858],[130.3802490234375,33.6020382318858],[130.3802490234375,33.59975056909973]]],[[[130.38436889648438,33.59975056909973],[130.39535522460938,33.59975056909973],[130.39535522460938,33.6008944080788],[130.38436889648438,33.6008944080788],[130.38436889648438,33.59975056909973]]],[[[130.396728515625,33.59975056909973],[130.41183471679688,33.59975056909973],[130.41183471679688,33.6008944080788],[130.396728515625,33.6008944080788],[130.396728515625,33.59975056909973]]],[[[129.86114501953125,33.59860671494885],[129.86251831054688,33.59860671494885],[129.86251831054688,33.59975056909973],[129.86114501953125,33.59975056909973],[129.86114501953125,33.59860671494885]]],[[[129.89273071289062,33.59860671494885],[129.89410400390625,33.59860671494885],[129.89410400390625,33.6020382318858],[129.89273071289062,33.6020382318858],[129.89273071289062,33.59860671494885]]],[[[129.90234375,33.59860671494885],[129.90371704101562,33.59860671494885],[129.90371704101562,33.59975056909973],[129.90234375,33.59975056909973],[129.90234375,33.59860671494885]]],[[[130.15090942382812,33.59860671494885],[130.15228271484375,33.59860671494885],[130.15228271484375,33.59975056909973],[130.15090942382812,33.59975056909973],[130.15090942382812,33.59860671494885]]],[[[130.24703979492188,33.59860671494885],[130.25115966796875,33.59860671494885],[130.25115966796875,33.59975056909973],[130.24703979492188,33.59975056909973],[130.24703979492188,33.59860671494885]]],[[[130.27175903320312,33.59860671494885],[130.27313232421875,33.59860671494885],[130.27313232421875,33.59975056909973],[130.27175903320312,33.59975056909973],[130.27175903320312,33.59860671494885]]],[[[130.32943725585938,33.59860671494885],[130.330810546875,33.59860671494885],[130.330810546875,33.59975056909973],[130.32943725585938,33.59975056909973],[130.32943725585938,33.59860671494885]]],[[[130.35964965820312,33.59860671494885],[130.37063598632812,33.59860671494885],[130.37063598632812,33.59975056909973],[130.35964965820312,33.59975056909973],[130.35964965820312,33.59860671494885]]],[[[130.38436889648438,33.59860671494885],[130.41183471679688,33.59860671494885],[130.41183471679688,33.59975056909973],[130.38436889648438,33.59975056909973],[130.38436889648438,33.59860671494885]]],[[[129.86251831054688,33.597462845626424],[129.8638916015625,33.597462845626424],[129.8638916015625,33.59860671494885],[129.86251831054688,33.59860671494885],[129.86251831054688,33.597462845626424]]],[[[130.1495361328125,33.597462845626424],[130.15090942382812,33.597462845626424],[130.15090942382812,33.59860671494885],[130.1495361328125,33.59860671494885],[130.1495361328125,33.597462845626424]]],[[[130.242919921875,33.597462845626424],[130.24429321289062,33.597462845626424],[130.24429321289062,33.59860671494885],[130.242919921875,33.59860671494885],[130.242919921875,33.597462845626424]]],[[[130.24566650390625,33.597462845626424],[130.25253295898438,33.597462845626424],[130.25253295898438,33.59860671494885],[130.24566650390625,33.59860671494885],[130.24566650390625,33.597462845626424]]],[[[130.26351928710938,33.597462845626424],[130.264892578125,33.597462845626424],[130.264892578125,33.6008944080788],[130.26351928710938,33.6008944080788],[130.26351928710938,33.597462845626424]]],[[[130.31158447265625,33.597462845626424],[130.32394409179688,33.597462845626424],[130.32394409179688,33.59860671494885],[130.31158447265625,33.59860671494885],[130.31158447265625,33.597462845626424]]],[[[130.32669067382812,33.597462845626424],[130.33218383789062,33.597462845626424],[130.33218383789062,33.59860671494885],[130.32669067382812,33.59860671494885],[130.32669067382812,33.597462845626424]]],[[[130.35552978515625,33.597462845626424],[130.35690307617188,33.597462845626424],[130.35690307617188,33.59860671494885],[130.35552978515625,33.59860671494885],[130.35552978515625,33.597462845626424]]],[[[130.35964965820312,33.597462845626424],[130.3692626953125,33.597462845626424],[130.3692626953125,33.59860671494885],[130.35964965820312,33.59860671494885],[130.35964965820312,33.597462845626424]]],[[[130.38162231445312,33.597462845626424],[130.38299560546875,33.597462845626424],[130.38299560546875,33.59975056909973],[130.38162231445312,33.59975056909973],[130.38162231445312,33.597462845626424]]],[[[130.3912353515625,33.597462845626424],[130.40634155273438,33.597462845626424],[130.40634155273438,33.59860671494885],[130.3912353515625,33.59860671494885],[130.3912353515625,33.597462845626424]]],[[[129.84878540039062,33.596318961132695],[129.85015869140625,33.596318961132695],[129.85015869140625,33.597462845626424],[129.84878540039062,33.597462845626424],[129.84878540039062,33.596318961132695]]],[[[129.89273071289062,33.596318961132695],[129.89410400390625,33.596318961132695],[129.89410400390625,33.597462845626424],[129.89273071289062,33.597462845626424],[129.89273071289062,33.596318961132695]]],[[[130.14816284179688,33.596318961132695],[130.1495361328125,33.596318961132695],[130.1495361328125,33.597462845626424],[130.14816284179688,33.597462845626424],[130.14816284179688,33.596318961132695]]],[[[130.24154663085938,33.596318961132695],[130.25253295898438,33.596318961132695],[130.25253295898438,33.597462845626424],[130.24154663085938,33.597462845626424],[130.24154663085938,33.596318961132695]]],[[[130.264892578125,33.596318961132695],[130.26763916015625,33.596318961132695],[130.26763916015625,33.597462845626424],[130.264892578125,33.597462845626424],[130.264892578125,33.596318961132695]]],[[[130.2703857421875,33.596318961132695],[130.27175903320312,33.596318961132695],[130.27175903320312,33.597462845626424],[130.2703857421875,33.597462845626424],[130.2703857421875,33.596318961132695]]],[[[130.31158447265625,33.596318961132695],[130.31295776367188,33.596318961132695],[130.31295776367188,33.597462845626424],[130.31158447265625,33.597462845626424],[130.31158447265625,33.596318961132695]]],[[[130.31982421875,33.596318961132695],[130.32394409179688,33.596318961132695],[130.32394409179688,33.597462845626424],[130.31982421875,33.597462845626424],[130.31982421875,33.596318961132695]]],[[[130.32669067382812,33.596318961132695],[130.34591674804688,33.596318961132695],[130.34591674804688,33.597462845626424],[130.32669067382812,33.597462845626424],[130.32669067382812,33.596318961132695]]],[[[130.35415649414062,33.596318961132695],[130.3692626953125,33.596318961132695],[130.3692626953125,33.597462845626424],[130.35415649414062,33.597462845626424],[130.35415649414062,33.596318961132695]]],[[[130.37887573242188,33.596318961132695],[130.38436889648438,33.596318961132695],[130.38436889648438,33.597462845626424],[130.37887573242188,33.597462845626424],[130.37887573242188,33.596318961132695]]],[[[130.3857421875,33.596318961132695],[130.38848876953125,33.596318961132695],[130.38848876953125,33.597462845626424],[130.3857421875,33.597462845626424],[130.3857421875,33.596318961132695]]],[[[130.38986206054688,33.596318961132695],[130.4022216796875,33.596318961132695],[130.4022216796875,33.597462845626424],[130.38986206054688,33.597462845626424],[130.38986206054688,33.596318961132695]]],[[[130.10971069335938,33.595175061467906],[130.11245727539062,33.595175061467906],[130.11245727539062,33.596318961132695],[130.10971069335938,33.596318961132695],[130.10971069335938,33.595175061467906]]],[[[130.14541625976562,33.595175061467906],[130.14816284179688,33.595175061467906],[130.14816284179688,33.596318961132695],[130.14541625976562,33.596318961132695],[130.14541625976562,33.595175061467906]]],[[[130.23880004882812,33.595175061467906],[130.25390625,33.595175061467906],[130.25390625,33.596318961132695],[130.23880004882812,33.596318961132695],[130.23880004882812,33.595175061467906]]],[[[130.264892578125,33.595175061467906],[130.27175903320312,33.595175061467906],[130.27175903320312,33.596318961132695],[130.264892578125,33.596318961132695],[130.264892578125,33.595175061467906]]],[[[130.308837890625,33.595175061467906],[130.31021118164062,33.595175061467906],[130.31021118164062,33.596318961132695],[130.308837890625,33.596318961132695],[130.308837890625,33.595175061467906]]],[[[130.33218383789062,33.595175061467906],[130.3472900390625,33.595175061467906],[130.3472900390625,33.596318961132695],[130.33218383789062,33.596318961132695],[130.33218383789062,33.595175061467906]]],[[[130.35003662109375,33.595175061467906],[130.3692626953125,33.595175061467906],[130.3692626953125,33.596318961132695],[130.35003662109375,33.596318961132695],[130.35003662109375,33.595175061467906]]],[[[130.37887573242188,33.595175061467906],[130.38162231445312,33.595175061467906],[130.38162231445312,33.596318961132695],[130.37887573242188,33.596318961132695],[130.37887573242188,33.595175061467906]]],[[[130.38299560546875,33.595175061467906],[130.3857421875,33.595175061467906],[130.3857421875,33.596318961132695],[130.38299560546875,33.596318961132695],[130.38299560546875,33.595175061467906]]],[[[130.38711547851562,33.595175061467906],[130.39947509765625,33.595175061467906],[130.39947509765625,33.596318961132695],[130.38711547851562,33.596318961132695],[130.38711547851562,33.595175061467906]]],[[[129.88998413085938,33.59403114663235],[129.89410400390625,33.59403114663235],[129.89410400390625,33.595175061467906],[129.88998413085938,33.595175061467906],[129.88998413085938,33.59403114663235]]],[[[129.89822387695312,33.59403114663235],[129.89959716796875,33.59403114663235],[129.89959716796875,33.596318961132695],[129.89822387695312,33.596318961132695],[129.89822387695312,33.59403114663235]]],[[[130.111083984375,33.59403114663235],[130.11520385742188,33.59403114663235],[130.11520385742188,33.595175061467906],[130.111083984375,33.595175061467906],[130.111083984375,33.59403114663235]]],[[[130.14404296875,33.59403114663235],[130.14541625976562,33.59403114663235],[130.14541625976562,33.595175061467906],[130.14404296875,33.595175061467906],[130.14404296875,33.59403114663235]]],[[[130.23605346679688,33.59403114663235],[130.25665283203125,33.59403114663235],[130.25665283203125,33.595175061467906],[130.23605346679688,33.595175061467906],[130.23605346679688,33.59403114663235]]],[[[130.26351928710938,33.59403114663235],[130.26901245117188,33.59403114663235],[130.26901245117188,33.595175061467906],[130.26351928710938,33.595175061467906],[130.26351928710938,33.59403114663235]]],[[[130.31158447265625,33.59403114663235],[130.31295776367188,33.59403114663235],[130.31295776367188,33.595175061467906],[130.31158447265625,33.595175061467906],[130.31158447265625,33.59403114663235]]],[[[130.32669067382812,33.59403114663235],[130.32943725585938,33.59403114663235],[130.32943725585938,33.596318961132695],[130.32669067382812,33.596318961132695],[130.32669067382812,33.59403114663235]]],[[[130.33493041992188,33.59403114663235],[130.36788940429688,33.59403114663235],[130.36788940429688,33.595175061467906],[130.33493041992188,33.595175061467906],[130.33493041992188,33.59403114663235]]],[[[130.37887573242188,33.59403114663235],[130.39810180664062,33.59403114663235],[130.39810180664062,33.595175061467906],[130.37887573242188,33.595175061467906],[130.37887573242188,33.59403114663235]]],[[[129.86663818359375,33.59288721662624],[129.86801147460938,33.59288721662624],[129.86801147460938,33.59403114663235],[129.86663818359375,33.59403114663235],[129.86663818359375,33.59288721662624]]],[[[129.88998413085938,33.59288721662624],[129.89547729492188,33.59288721662624],[129.89547729492188,33.59403114663235],[129.88998413085938,33.59403114663235],[129.88998413085938,33.59288721662624]]],[[[129.89959716796875,33.59288721662624],[129.90234375,33.59288721662624],[129.90234375,33.59403114663235],[129.89959716796875,33.59403114663235],[129.89959716796875,33.59288721662624]]],[[[130.1055908203125,33.59288721662624],[130.10696411132812,33.59288721662624],[130.10696411132812,33.595175061467906],[130.1055908203125,33.595175061467906],[130.1055908203125,33.59288721662624]]],[[[130.11383056640625,33.59288721662624],[130.1165771484375,33.59288721662624],[130.1165771484375,33.59403114663235],[130.11383056640625,33.59403114663235],[130.11383056640625,33.59288721662624]]],[[[130.14129638671875,33.59288721662624],[130.14266967773438,33.59288721662624],[130.14266967773438,33.59403114663235],[130.14129638671875,33.59403114663235],[130.14129638671875,33.59288721662624]]],[[[130.23468017578125,33.59288721662624],[130.25802612304688,33.59288721662624],[130.25802612304688,33.59403114663235],[130.23468017578125,33.59403114663235],[130.23468017578125,33.59288721662624]]],[[[130.2593994140625,33.59288721662624],[130.26214599609375,33.59288721662624],[130.26214599609375,33.59403114663235],[130.2593994140625,33.59403114663235],[130.2593994140625,33.59288721662624]]],[[[130.264892578125,33.59288721662624],[130.26901245117188,33.59288721662624],[130.26901245117188,33.59403114663235],[130.264892578125,33.59403114663235],[130.264892578125,33.59288721662624]]],[[[130.31295776367188,33.59288721662624],[130.3143310546875,33.59288721662624],[130.3143310546875,33.59403114663235],[130.31295776367188,33.59403114663235],[130.31295776367188,33.59288721662624]]],[[[130.32257080078125,33.59288721662624],[130.32394409179688,33.59288721662624],[130.32394409179688,33.596318961132695],[130.32257080078125,33.596318961132695],[130.32257080078125,33.59288721662624]]],[[[130.3253173828125,33.59288721662624],[130.32806396484375,33.59288721662624],[130.32806396484375,33.59403114663235],[130.3253173828125,33.59403114663235],[130.3253173828125,33.59288721662624]]],[[[130.33767700195312,33.59288721662624],[130.3582763671875,33.59288721662624],[130.3582763671875,33.59403114663235],[130.33767700195312,33.59403114663235],[130.33767700195312,33.59288721662624]]],[[[130.36376953125,33.59288721662624],[130.36788940429688,33.59288721662624],[130.36788940429688,33.59403114663235],[130.36376953125,33.59403114663235],[130.36376953125,33.59288721662624]]],[[[130.37887573242188,33.59288721662624],[130.39535522460938,33.59288721662624],[130.39535522460938,33.59403114663235],[130.37887573242188,33.59403114663235],[130.37887573242188,33.59288721662624]]],[[[130.11520385742188,33.59174327144984],[130.11795043945312,33.59174327144984],[130.11795043945312,33.59288721662624],[130.11520385742188,33.59288721662624],[130.11520385742188,33.59174327144984]]],[[[130.13717651367188,33.59174327144984],[130.13992309570312,33.59174327144984],[130.13992309570312,33.59288721662624],[130.13717651367188,33.59288721662624],[130.13717651367188,33.59174327144984]]],[[[130.23056030273438,33.59174327144984],[130.24154663085938,33.59174327144984],[130.24154663085938,33.59288721662624],[130.23056030273438,33.59288721662624],[130.23056030273438,33.59174327144984]]],[[[130.33905029296875,33.59174327144984],[130.35690307617188,33.59174327144984],[130.35690307617188,33.59288721662624],[130.33905029296875,33.59288721662624],[130.33905029296875,33.59174327144984]]],[[[130.36651611328125,33.59174327144984],[130.36788940429688,33.59174327144984],[130.36788940429688,33.59288721662624],[130.36651611328125,33.59288721662624],[130.36651611328125,33.59174327144984]]],[[[130.37887573242188,33.59174327144984],[130.39398193359375,33.59174327144984],[130.39398193359375,33.59288721662624],[130.37887573242188,33.59288721662624],[130.37887573242188,33.59174327144984]]],[[[129.86801147460938,33.590599311103425],[129.869384765625,33.590599311103425],[129.869384765625,33.59174327144984],[129.86801147460938,33.59174327144984],[129.86801147460938,33.590599311103425]]],[[[130.1165771484375,33.590599311103425],[130.1220703125,33.590599311103425],[130.1220703125,33.59174327144984],[130.1165771484375,33.59174327144984],[130.1165771484375,33.590599311103425]]],[[[130.133056640625,33.590599311103425],[130.13442993164062,33.590599311103425],[130.13442993164062,33.59174327144984],[130.133056640625,33.59174327144984],[130.133056640625,33.590599311103425]]],[[[130.23193359375,33.590599311103425],[130.24017333984375,33.590599311103425],[130.24017333984375,33.59174327144984],[130.23193359375,33.59174327144984],[130.23193359375,33.590599311103425]]],[[[130.242919921875,33.590599311103425],[130.26077270507812,33.590599311103425],[130.26077270507812,33.59288721662624],[130.242919921875,33.59288721662624],[130.242919921875,33.590599311103425]]],[[[130.31158447265625,33.590599311103425],[130.3143310546875,33.590599311103425],[130.3143310546875,33.59288721662624],[130.31158447265625,33.59288721662624],[130.31158447265625,33.590599311103425]]],[[[130.35003662109375,33.590599311103425],[130.35690307617188,33.590599311103425],[130.35690307617188,33.59174327144984],[130.35003662109375,33.59174327144984],[130.35003662109375,33.590599311103425]]],[[[130.37887573242188,33.590599311103425],[130.38162231445312,33.590599311103425],[130.38162231445312,33.59174327144984],[130.37887573242188,33.59174327144984],[130.37887573242188,33.590599311103425]]],[[[130.38711547851562,33.590599311103425],[130.39260864257812,33.590599311103425],[130.39260864257812,33.59174327144984],[130.38711547851562,33.59174327144984],[130.38711547851562,33.590599311103425]]],[[[129.847412109375,33.58945533558724],[129.84878540039062,33.58945533558724],[129.84878540039062,33.59174327144984],[129.847412109375,33.59174327144984],[129.847412109375,33.58945533558724]]],[[[129.86801147460938,33.58945533558724],[129.87075805664062,33.58945533558724],[129.87075805664062,33.590599311103425],[129.86801147460938,33.590599311103425],[129.86801147460938,33.58945533558724]]],[[[130.1055908203125,33.58945533558724],[130.10833740234375,33.58945533558724],[130.10833740234375,33.59288721662624],[130.1055908203125,33.59288721662624],[130.1055908203125,33.58945533558724]]],[[[130.11932373046875,33.58945533558724],[130.1275634765625,33.58945533558724],[130.1275634765625,33.590599311103425],[130.11932373046875,33.590599311103425],[130.11932373046875,33.58945533558724]]],[[[130.23330688476562,33.58945533558724],[130.24017333984375,33.58945533558724],[130.24017333984375,33.590599311103425],[130.23330688476562,33.590599311103425],[130.23330688476562,33.58945533558724]]],[[[130.352783203125,33.58945533558724],[130.35690307617188,33.58945533558724],[130.35690307617188,33.590599311103425],[130.352783203125,33.590599311103425],[130.352783203125,33.58945533558724]]],[[[129.85702514648438,33.588311344901534],[129.8583984375,33.588311344901534],[129.8583984375,33.58945533558724],[129.85702514648438,33.58945533558724],[129.85702514648438,33.588311344901534]]],[[[130.10696411132812,33.588311344901534],[130.10971069335938,33.588311344901534],[130.10971069335938,33.58945533558724],[130.10696411132812,33.58945533558724],[130.10696411132812,33.588311344901534]]],[[[130.1220703125,33.588311344901534],[130.12344360351562,33.588311344901534],[130.12344360351562,33.58945533558724],[130.1220703125,33.58945533558724],[130.1220703125,33.588311344901534]]],[[[130.23330688476562,33.588311344901534],[130.23880004882812,33.588311344901534],[130.23880004882812,33.58945533558724],[130.23330688476562,33.58945533558724],[130.23330688476562,33.588311344901534]]],[[[130.24429321289062,33.588311344901534],[130.25802612304688,33.588311344901534],[130.25802612304688,33.590599311103425],[130.24429321289062,33.590599311103425],[130.24429321289062,33.588311344901534]]],[[[130.264892578125,33.588311344901534],[130.26626586914062,33.588311344901534],[130.26626586914062,33.59288721662624],[130.264892578125,33.59288721662624],[130.264892578125,33.588311344901534]]],[[[130.31021118164062,33.588311344901534],[130.31570434570312,33.588311344901534],[130.31570434570312,33.590599311103425],[130.31021118164062,33.590599311103425],[130.31021118164062,33.588311344901534]]],[[[130.35415649414062,33.588311344901534],[130.35690307617188,33.588311344901534],[130.35690307617188,33.58945533558724],[130.35415649414062,33.58945533558724],[130.35415649414062,33.588311344901534]]],[[[129.85702514648438,33.587167339046566],[129.85977172851562,33.587167339046566],[129.85977172851562,33.588311344901534],[129.85702514648438,33.588311344901534],[129.85702514648438,33.587167339046566]]],[[[129.8638916015625,33.587167339046566],[129.86526489257812,33.587167339046566],[129.86526489257812,33.588311344901534],[129.8638916015625,33.588311344901534],[129.8638916015625,33.587167339046566]]],[[[130.22918701171875,33.587167339046566],[130.2374267578125,33.587167339046566],[130.2374267578125,33.588311344901534],[130.22918701171875,33.588311344901534],[130.22918701171875,33.587167339046566]]],[[[130.24566650390625,33.587167339046566],[130.2593994140625,33.587167339046566],[130.2593994140625,33.588311344901534],[130.24566650390625,33.588311344901534],[130.24566650390625,33.587167339046566]]],[[[130.26626586914062,33.587167339046566],[130.26763916015625,33.587167339046566],[130.26763916015625,33.588311344901534],[130.26626586914062,33.588311344901534],[130.26626586914062,33.587167339046566]]],[[[130.31021118164062,33.587167339046566],[130.31707763671875,33.587167339046566],[130.31707763671875,33.588311344901534],[130.31021118164062,33.588311344901534],[130.31021118164062,33.587167339046566]]],[[[129.84603881835938,33.58602331802259],[129.847412109375,33.58602331802259],[129.847412109375,33.587167339046566],[129.84603881835938,33.587167339046566],[129.84603881835938,33.58602331802259]]],[[[129.86114501953125,33.58602331802259],[129.86251831054688,33.58602331802259],[129.86251831054688,33.587167339046566],[129.86114501953125,33.587167339046566],[129.86114501953125,33.58602331802259]]],[[[130.09048461914062,33.58602331802259],[130.09323120117188,33.58602331802259],[130.09323120117188,33.587167339046566],[130.09048461914062,33.587167339046566],[130.09048461914062,33.58602331802259]]],[[[130.09597778320312,33.58602331802259],[130.10009765625,33.58602331802259],[130.10009765625,33.587167339046566],[130.09597778320312,33.587167339046566],[130.09597778320312,33.58602331802259]]],[[[130.10833740234375,33.58602331802259],[130.10971069335938,33.58602331802259],[130.10971069335938,33.588311344901534],[130.10833740234375,33.588311344901534],[130.10833740234375,33.58602331802259]]],[[[130.264892578125,33.58602331802259],[130.26901245117188,33.58602331802259],[130.26901245117188,33.587167339046566],[130.264892578125,33.587167339046566],[130.264892578125,33.58602331802259]]],[[[130.30746459960938,33.58602331802259],[130.31707763671875,33.58602331802259],[130.31707763671875,33.587167339046566],[130.30746459960938,33.587167339046566],[130.30746459960938,33.58602331802259]]],[[[129.86801147460938,33.58487928182986],[129.869384765625,33.58487928182986],[129.869384765625,33.58602331802259],[129.86801147460938,33.58602331802259],[129.86801147460938,33.58487928182986]]],[[[129.9078369140625,33.58487928182986],[129.90921020507812,33.58487928182986],[129.90921020507812,33.58602331802259],[129.9078369140625,33.58602331802259],[129.9078369140625,33.58487928182986]]],[[[130.09048461914062,33.58487928182986],[130.09185791015625,33.58487928182986],[130.09185791015625,33.58602331802259],[130.09048461914062,33.58602331802259],[130.09048461914062,33.58487928182986]]],[[[130.1055908203125,33.58487928182986],[130.10833740234375,33.58487928182986],[130.10833740234375,33.58602331802259],[130.1055908203125,33.58602331802259],[130.1055908203125,33.58487928182986]]],[[[130.23056030273438,33.58487928182986],[130.2374267578125,33.58487928182986],[130.2374267578125,33.587167339046566],[130.23056030273438,33.587167339046566],[130.23056030273438,33.58487928182986]]],[[[130.264892578125,33.58487928182986],[130.2703857421875,33.58487928182986],[130.2703857421875,33.58602331802259],[130.264892578125,33.58602331802259],[130.264892578125,33.58487928182986]]],[[[130.30609130859375,33.58487928182986],[130.31570434570312,33.58487928182986],[130.31570434570312,33.58602331802259],[130.30609130859375,33.58602331802259],[130.30609130859375,33.58487928182986]]],[[[129.9078369140625,33.58373523046864],[129.91195678710938,33.58373523046864],[129.91195678710938,33.58487928182986],[129.9078369140625,33.58487928182986],[129.9078369140625,33.58373523046864]]],[[[130.24017333984375,33.58373523046864],[130.24154663085938,33.58373523046864],[130.24154663085938,33.587167339046566],[130.24017333984375,33.587167339046566],[130.24017333984375,33.58373523046864]]],[[[130.24703979492188,33.58373523046864],[130.26077270507812,33.58373523046864],[130.26077270507812,33.587167339046566],[130.24703979492188,33.587167339046566],[130.24703979492188,33.58373523046864]]],[[[130.264892578125,33.58373523046864],[130.27175903320312,33.58373523046864],[130.27175903320312,33.58487928182986],[130.264892578125,33.58487928182986],[130.264892578125,33.58373523046864]]],[[[130.3033447265625,33.58373523046864],[130.30746459960938,33.58373523046864],[130.30746459960938,33.58487928182986],[130.3033447265625,33.58487928182986],[130.3033447265625,33.58373523046864]]],[[[130.31158447265625,33.58373523046864],[130.3143310546875,33.58373523046864],[130.3143310546875,33.58487928182986],[130.31158447265625,33.58487928182986],[130.31158447265625,33.58373523046864]]],[[[129.759521484375,33.58259116393917],[129.76226806640625,33.58259116393917],[129.76226806640625,33.58373523046864],[129.759521484375,33.58373523046864],[129.759521484375,33.58259116393917]]],[[[129.83230590820312,33.58259116393917],[129.83917236328125,33.58259116393917],[129.83917236328125,33.58373523046864],[129.83230590820312,33.58373523046864],[129.83230590820312,33.58259116393917]]],[[[130.23880004882812,33.58259116393917],[130.24154663085938,33.58259116393917],[130.24154663085938,33.58373523046864],[130.23880004882812,33.58373523046864],[130.23880004882812,33.58259116393917]]],[[[130.24429321289062,33.58259116393917],[130.26214599609375,33.58259116393917],[130.26214599609375,33.58373523046864],[130.24429321289062,33.58373523046864],[130.24429321289062,33.58259116393917]]],[[[130.26351928710938,33.58259116393917],[130.27450561523438,33.58259116393917],[130.27450561523438,33.58373523046864],[130.26351928710938,33.58373523046864],[130.26351928710938,33.58259116393917]]],[[[130.30059814453125,33.58259116393917],[130.30471801757812,33.58259116393917],[130.30471801757812,33.58373523046864],[130.30059814453125,33.58373523046864],[130.30059814453125,33.58259116393917]]],[[[129.83642578125,33.581447082241716],[129.83917236328125,33.581447082241716],[129.83917236328125,33.58259116393917],[129.83642578125,33.58259116393917],[129.83642578125,33.581447082241716]]],[[[130.08636474609375,33.581447082241716],[130.08773803710938,33.581447082241716],[130.08773803710938,33.58373523046864],[130.08636474609375,33.58373523046864],[130.08636474609375,33.581447082241716]]],[[[130.24017333984375,33.581447082241716],[130.25665283203125,33.581447082241716],[130.25665283203125,33.58259116393917],[130.24017333984375,33.58259116393917],[130.24017333984375,33.581447082241716]]],[[[130.25802612304688,33.581447082241716],[130.27725219726562,33.581447082241716],[130.27725219726562,33.58259116393917],[130.25802612304688,33.58259116393917],[130.25802612304688,33.581447082241716]]],[[[130.2978515625,33.581447082241716],[130.30197143554688,33.581447082241716],[130.30197143554688,33.58259116393917],[130.2978515625,33.58259116393917],[130.2978515625,33.581447082241716]]],[[[130.31295776367188,33.581447082241716],[130.3143310546875,33.581447082241716],[130.3143310546875,33.58373523046864],[130.31295776367188,33.58373523046864],[130.31295776367188,33.581447082241716]]],[[[129.7540283203125,33.58030298537654],[129.75540161132812,33.58030298537654],[129.75540161132812,33.581447082241716],[129.7540283203125,33.581447082241716],[129.7540283203125,33.58030298537654]]],[[[129.90371704101562,33.58030298537654],[129.90509033203125,33.58030298537654],[129.90509033203125,33.581447082241716],[129.90371704101562,33.581447082241716],[129.90371704101562,33.58030298537654]]],[[[129.90921020507812,33.58030298537654],[129.91195678710938,33.58030298537654],[129.91195678710938,33.58373523046864],[129.90921020507812,33.58373523046864],[129.90921020507812,33.58030298537654]]],[[[130.24017333984375,33.58030298537654],[130.24566650390625,33.58030298537654],[130.24566650390625,33.581447082241716],[130.24017333984375,33.581447082241716],[130.24017333984375,33.58030298537654]]],[[[130.26351928710938,33.58030298537654],[130.26626586914062,33.58030298537654],[130.26626586914062,33.581447082241716],[130.26351928710938,33.581447082241716],[130.26351928710938,33.58030298537654]]],[[[130.2703857421875,33.58030298537654],[130.28274536132812,33.58030298537654],[130.28274536132812,33.581447082241716],[130.2703857421875,33.581447082241716],[130.2703857421875,33.58030298537654]]],[[[130.2923583984375,33.58030298537654],[130.29510498046875,33.58030298537654],[130.29510498046875,33.581447082241716],[130.2923583984375,33.581447082241716],[130.2923583984375,33.58030298537654]]],[[[130.29647827148438,33.58030298537654],[130.2978515625,33.58030298537654],[130.2978515625,33.581447082241716],[130.29647827148438,33.581447082241716],[130.29647827148438,33.58030298537654]]],[[[129.74990844726562,33.57915887334387],[129.75128173828125,33.57915887334387],[129.75128173828125,33.58030298537654],[129.74990844726562,33.58030298537654],[129.74990844726562,33.57915887334387]]],[[[130.27725219726562,33.57915887334387],[130.28274536132812,33.57915887334387],[130.28274536132812,33.58030298537654],[130.27725219726562,33.58030298537654],[130.27725219726562,33.57915887334387]]],[[[129.90234375,33.578014746144],[129.90509033203125,33.578014746144],[129.90509033203125,33.58030298537654],[129.90234375,33.58030298537654],[129.90234375,33.578014746144]]],[[[130.08636474609375,33.578014746144],[130.08773803710938,33.578014746144],[130.08773803710938,33.57915887334387],[130.08636474609375,33.57915887334387],[130.08636474609375,33.578014746144]]],[[[129.74166870117188,33.57572644624358],[129.74441528320312,33.57572644624358],[129.74441528320312,33.576870603777145],[129.74166870117188,33.576870603777145],[129.74166870117188,33.57572644624358]]],[[[129.77325439453125,33.57572644624358],[129.77462768554688,33.57572644624358],[129.77462768554688,33.578014746144],[129.77325439453125,33.578014746144],[129.77325439453125,33.57572644624358]]],[[[130.045166015625,33.57572644624358],[130.05203247070312,33.57572644624358],[130.05203247070312,33.576870603777145],[130.045166015625,33.576870603777145],[130.045166015625,33.57572644624358]]],[[[130.08636474609375,33.57572644624358],[130.09048461914062,33.57572644624358],[130.09048461914062,33.576870603777145],[130.08636474609375,33.576870603777145],[130.08636474609375,33.57572644624358]]],[[[129.73617553710938,33.57458227354356],[129.73892211914062,33.57458227354356],[129.73892211914062,33.576870603777145],[129.73617553710938,33.576870603777145],[129.73617553710938,33.57458227354356]]],[[[130.05203247070312,33.57458227354356],[130.05340576171875,33.57458227354356],[130.05340576171875,33.57572644624358],[130.05203247070312,33.57572644624358],[130.05203247070312,33.57458227354356]]],[[[130.09048461914062,33.57458227354356],[130.09735107421875,33.57458227354356],[130.09735107421875,33.57572644624358],[130.09048461914062,33.57572644624358],[130.09048461914062,33.57458227354356]]],[[[130.11932373046875,33.57458227354356],[130.12069702148438,33.57458227354356],[130.12069702148438,33.57572644624358],[130.11932373046875,33.57572644624358],[130.11932373046875,33.57458227354356]]],[[[130.04379272460938,33.573438085677346],[130.045166015625,33.573438085677346],[130.045166015625,33.57458227354356],[130.04379272460938,33.57458227354356],[130.04379272460938,33.573438085677346]]],[[[130.09597778320312,33.573438085677346],[130.09735107421875,33.573438085677346],[130.09735107421875,33.57458227354356],[130.09597778320312,33.57458227354356],[130.09597778320312,33.573438085677346]]],[[[130.11932373046875,33.573438085677346],[130.12344360351562,33.573438085677346],[130.12344360351562,33.57458227354356],[130.11932373046875,33.57458227354356],[130.11932373046875,33.573438085677346]]],[[[130.12344360351562,33.57229388264518],[130.12619018554688,33.57229388264518],[130.12619018554688,33.573438085677346],[130.12344360351562,33.573438085677346],[130.12344360351562,33.57229388264518]]],[[[129.74029541015625,33.57114966444732],[129.74166870117188,33.57114966444732],[129.74166870117188,33.57229388264518],[129.74029541015625,33.57229388264518],[129.74029541015625,33.57114966444732]]],[[[130.09185791015625,33.57114966444732],[130.09323120117188,33.57114966444732],[130.09323120117188,33.57229388264518],[130.09185791015625,33.57229388264518],[130.09185791015625,33.57114966444732]]],[[[130.11520385742188,33.57114966444732],[130.1165771484375,33.57114966444732],[130.1165771484375,33.57229388264518],[130.11520385742188,33.57229388264518],[130.11520385742188,33.57114966444732]]],[[[130.11795043945312,33.57114966444732],[130.11932373046875,33.57114966444732],[130.11932373046875,33.573438085677346],[130.11795043945312,33.573438085677346],[130.11795043945312,33.57114966444732]]],[[[130.12619018554688,33.57114966444732],[130.1275634765625,33.57114966444732],[130.1275634765625,33.57229388264518],[130.12619018554688,33.57229388264518],[130.12619018554688,33.57114966444732]]],[[[129.7430419921875,33.57000543108403],[129.74441528320312,33.57000543108403],[129.74441528320312,33.57114966444732],[129.7430419921875,33.57114966444732],[129.7430419921875,33.57000543108403]]],[[[129.77188110351562,33.57000543108403],[129.77325439453125,33.57000543108403],[129.77325439453125,33.57114966444732],[129.77188110351562,33.57114966444732],[129.77188110351562,33.57000543108403]]],[[[130.10971069335938,33.57000543108403],[130.111083984375,33.57000543108403],[130.111083984375,33.57114966444732],[130.10971069335938,33.57114966444732],[130.10971069335938,33.57000543108403]]],[[[130.05340576171875,33.56886118255556],[130.05477905273438,33.56886118255556],[130.05477905273438,33.57000543108403],[130.05340576171875,33.57000543108403],[130.05340576171875,33.56886118255556]]],[[[130.1275634765625,33.56886118255556],[130.12893676757812,33.56886118255556],[130.12893676757812,33.57114966444732],[130.1275634765625,33.57114966444732],[130.1275634765625,33.56886118255556]]],[[[129.88037109375,33.56771691886217],[129.88311767578125,33.56771691886217],[129.88311767578125,33.56886118255556],[129.88037109375,33.56886118255556],[129.88037109375,33.56771691886217]]],[[[130.04379272460938,33.56771691886217],[130.045166015625,33.56771691886217],[130.045166015625,33.56886118255556],[130.04379272460938,33.56886118255556],[130.04379272460938,33.56771691886217]]],[[[130.089111328125,33.56771691886217],[130.09048461914062,33.56771691886217],[130.09048461914062,33.56886118255556],[130.089111328125,33.56886118255556],[130.089111328125,33.56771691886217]]],[[[130.12893676757812,33.56771691886217],[130.13031005859375,33.56771691886217],[130.13031005859375,33.56886118255556],[130.12893676757812,33.56886118255556],[130.12893676757812,33.56771691886217]]],[[[130.13168334960938,33.56771691886217],[130.13717651367188,33.56771691886217],[130.13717651367188,33.56886118255556],[130.13168334960938,33.56886118255556],[130.13168334960938,33.56771691886217]]],[[[129.74990844726562,33.566572640004104],[129.75128173828125,33.566572640004104],[129.75128173828125,33.56771691886217],[129.74990844726562,33.56771691886217],[129.74990844726562,33.566572640004104]]],[[[129.7650146484375,33.566572640004104],[129.76638793945312,33.566572640004104],[129.76638793945312,33.56771691886217],[129.7650146484375,33.56771691886217],[129.7650146484375,33.566572640004104]]],[[[129.88311767578125,33.566572640004104],[129.88449096679688,33.566572640004104],[129.88449096679688,33.56771691886217],[129.88311767578125,33.56771691886217],[129.88311767578125,33.566572640004104]]],[[[130.045166015625,33.566572640004104],[130.04791259765625,33.566572640004104],[130.04791259765625,33.56771691886217],[130.045166015625,33.56771691886217],[130.045166015625,33.566572640004104]]],[[[130.05203247070312,33.566572640004104],[130.05340576171875,33.566572640004104],[130.05340576171875,33.56771691886217],[130.05203247070312,33.56771691886217],[130.05203247070312,33.566572640004104]]],[[[130.08773803710938,33.566572640004104],[130.089111328125,33.566572640004104],[130.089111328125,33.56771691886217],[130.08773803710938,33.56771691886217],[130.08773803710938,33.566572640004104]]],[[[130.10696411132812,33.566572640004104],[130.10833740234375,33.566572640004104],[130.10833740234375,33.56886118255556],[130.10696411132812,33.56886118255556],[130.10696411132812,33.566572640004104]]],[[[130.1275634765625,33.566572640004104],[130.13168334960938,33.566572640004104],[130.13168334960938,33.56771691886217],[130.1275634765625,33.56771691886217],[130.1275634765625,33.566572640004104]]],[[[130.133056640625,33.566572640004104],[130.13717651367188,33.566572640004104],[130.13717651367188,33.56771691886217],[130.133056640625,33.56771691886217],[130.133056640625,33.566572640004104]]],[[[129.74853515625,33.56542834598162],[129.75128173828125,33.56542834598162],[129.75128173828125,33.566572640004104],[129.74853515625,33.566572640004104],[129.74853515625,33.56542834598162]]],[[[129.75265502929688,33.56542834598162],[129.7540283203125,33.56542834598162],[129.7540283203125,33.566572640004104],[129.75265502929688,33.566572640004104],[129.75265502929688,33.56542834598162]]],[[[129.76364135742188,33.56542834598162],[129.7650146484375,33.56542834598162],[129.7650146484375,33.566572640004104],[129.76364135742188,33.566572640004104],[129.76364135742188,33.56542834598162]]],[[[130.04791259765625,33.56542834598162],[130.04928588867188,33.56542834598162],[130.04928588867188,33.566572640004104],[130.04791259765625,33.566572640004104],[130.04791259765625,33.56542834598162]]],[[[130.0506591796875,33.56542834598162],[130.05340576171875,33.56542834598162],[130.05340576171875,33.566572640004104],[130.0506591796875,33.566572640004104],[130.0506591796875,33.56542834598162]]],[[[129.88449096679688,33.56428403679499],[129.8858642578125,33.56428403679499],[129.8858642578125,33.56542834598162],[129.88449096679688,33.56542834598162],[129.88449096679688,33.56428403679499]]],[[[130.04928588867188,33.56428403679499],[130.05340576171875,33.56428403679499],[130.05340576171875,33.56542834598162],[130.04928588867188,33.56542834598162],[130.04928588867188,33.56428403679499]]],[[[130.09735107421875,33.56428403679499],[130.09872436523438,33.56428403679499],[130.09872436523438,33.57000543108403],[130.09735107421875,33.57000543108403],[130.09735107421875,33.56428403679499]]],[[[130.10421752929688,33.56428403679499],[130.1055908203125,33.56428403679499],[130.1055908203125,33.56542834598162],[130.10421752929688,33.56542834598162],[130.10421752929688,33.56428403679499]]],[[[130.13442993164062,33.56428403679499],[130.13717651367188,33.56428403679499],[130.13717651367188,33.566572640004104],[130.13442993164062,33.566572640004104],[130.13442993164062,33.56428403679499]]],[[[129.74853515625,33.563139712444446],[129.74990844726562,33.563139712444446],[129.74990844726562,33.56428403679499],[129.74853515625,33.56428403679499],[129.74853515625,33.563139712444446]]],[[[129.89547729492188,33.563139712444446],[129.89822387695312,33.563139712444446],[129.89822387695312,33.56542834598162],[129.89547729492188,33.56542834598162],[129.89547729492188,33.563139712444446]]],[[[130.0506591796875,33.563139712444446],[130.05203247070312,33.563139712444446],[130.05203247070312,33.56428403679499],[130.0506591796875,33.56428403679499],[130.0506591796875,33.563139712444446]]],[[[130.09735107421875,33.563139712444446],[130.10284423828125,33.563139712444446],[130.10284423828125,33.56428403679499],[130.09735107421875,33.56428403679499],[130.09735107421875,33.563139712444446]]],[[[129.759521484375,33.56199537293026],[129.76089477539062,33.56199537293026],[129.76089477539062,33.563139712444446],[129.759521484375,33.563139712444446],[129.759521484375,33.56199537293026]]],[[[129.88723754882812,33.56199537293026],[129.88861083984375,33.56199537293026],[129.88861083984375,33.563139712444446],[129.88723754882812,33.563139712444446],[129.88723754882812,33.56199537293026]]],[[[130.13442993164062,33.56085101825269],[130.13580322265625,33.56085101825269],[130.13580322265625,33.56428403679499],[130.13442993164062,33.56428403679499],[130.13442993164062,33.56085101825269]]],[[[130.15228271484375,33.56085101825269],[130.15365600585938,33.56085101825269],[130.15365600585938,33.56199537293026],[130.15228271484375,33.56199537293026],[130.15228271484375,33.56085101825269]]],[[[130.12619018554688,33.559706648411975],[130.1275634765625,33.559706648411975],[130.1275634765625,33.56199537293026],[130.12619018554688,33.56199537293026],[130.12619018554688,33.559706648411975]]],[[[130.133056640625,33.559706648411975],[130.13442993164062,33.559706648411975],[130.13442993164062,33.56085101825269],[130.133056640625,33.56085101825269],[130.133056640625,33.559706648411975]]],[[[130.15228271484375,33.559706648411975],[130.16464233398438,33.559706648411975],[130.16464233398438,33.56085101825269],[130.15228271484375,33.56085101825269],[130.15228271484375,33.559706648411975]]],[[[130.11932373046875,33.55856226340838],[130.12069702148438,33.55856226340838],[130.12069702148438,33.559706648411975],[130.11932373046875,33.559706648411975],[130.11932373046875,33.55856226340838]]],[[[130.13168334960938,33.55856226340838],[130.133056640625,33.55856226340838],[130.133056640625,33.559706648411975],[130.13168334960938,33.559706648411975],[130.13168334960938,33.55856226340838]]],[[[130.15228271484375,33.55856226340838],[130.15640258789062,33.55856226340838],[130.15640258789062,33.559706648411975],[130.15228271484375,33.559706648411975],[130.15228271484375,33.55856226340838]]],[[[130.16464233398438,33.55856226340838],[130.166015625,33.55856226340838],[130.166015625,33.559706648411975],[130.16464233398438,33.559706648411975],[130.16464233398438,33.55856226340838]]],[[[130.12619018554688,33.557417863242165],[130.13168334960938,33.557417863242165],[130.13168334960938,33.55856226340838],[130.12619018554688,33.55856226340838],[130.12619018554688,33.557417863242165]]],[[[130.15090942382812,33.557417863242165],[130.155029296875,33.557417863242165],[130.155029296875,33.55856226340838],[130.15090942382812,33.55856226340838],[130.15090942382812,33.557417863242165]]],[[[130.16464233398438,33.557417863242165],[130.16876220703125,33.557417863242165],[130.16876220703125,33.55856226340838],[130.16464233398438,33.55856226340838],[130.16464233398438,33.557417863242165]]],[[[129.84878540039062,33.556273447913576],[129.85153198242188,33.556273447913576],[129.85153198242188,33.557417863242165],[129.84878540039062,33.557417863242165],[129.84878540039062,33.556273447913576]]],[[[129.891357421875,33.556273447913576],[129.89273071289062,33.556273447913576],[129.89273071289062,33.557417863242165],[129.891357421875,33.557417863242165],[129.891357421875,33.556273447913576]]],[[[130.11795043945312,33.556273447913576],[130.11932373046875,33.556273447913576],[130.11932373046875,33.557417863242165],[130.11795043945312,33.557417863242165],[130.11795043945312,33.556273447913576]]],[[[130.12619018554688,33.556273447913576],[130.12893676757812,33.556273447913576],[130.12893676757812,33.557417863242165],[130.12619018554688,33.557417863242165],[130.12619018554688,33.556273447913576]]],[[[130.15090942382812,33.556273447913576],[130.15365600585938,33.556273447913576],[130.15365600585938,33.557417863242165],[130.15090942382812,33.557417863242165],[130.15090942382812,33.556273447913576]]],[[[130.16464233398438,33.556273447913576],[130.17013549804688,33.556273447913576],[130.17013549804688,33.557417863242165],[130.16464233398438,33.557417863242165],[130.16464233398438,33.556273447913576]]],[[[129.84466552734375,33.55512901742288],[129.84603881835938,33.55512901742288],[129.84603881835938,33.557417863242165],[129.84466552734375,33.557417863242165],[129.84466552734375,33.55512901742288]]],[[[129.847412109375,33.55512901742288],[129.84878540039062,33.55512901742288],[129.84878540039062,33.556273447913576],[129.847412109375,33.556273447913576],[129.847412109375,33.55512901742288]]],[[[129.85153198242188,33.55512901742288],[129.8529052734375,33.55512901742288],[129.8529052734375,33.556273447913576],[129.85153198242188,33.556273447913576],[129.85153198242188,33.55512901742288]]],[[[130.12481689453125,33.55512901742288],[130.13168334960938,33.55512901742288],[130.13168334960938,33.556273447913576],[130.12481689453125,33.556273447913576],[130.12481689453125,33.55512901742288]]],[[[130.1495361328125,33.55512901742288],[130.15228271484375,33.55512901742288],[130.15228271484375,33.556273447913576],[130.1495361328125,33.556273447913576],[130.1495361328125,33.55512901742288]]],[[[130.16464233398438,33.55512901742288],[130.17288208007812,33.55512901742288],[130.17288208007812,33.556273447913576],[130.16464233398438,33.556273447913576],[130.16464233398438,33.55512901742288]]],[[[129.84466552734375,33.55398457177033],[129.8529052734375,33.55398457177033],[129.8529052734375,33.55512901742288],[129.84466552734375,33.55512901742288],[129.84466552734375,33.55398457177033]]],[[[130.111083984375,33.55398457177033],[130.11245727539062,33.55398457177033],[130.11245727539062,33.55512901742288],[130.111083984375,33.55512901742288],[130.111083984375,33.55398457177033]]],[[[130.12481689453125,33.55398457177033],[130.12619018554688,33.55398457177033],[130.12619018554688,33.55512901742288],[130.12481689453125,33.55512901742288],[130.12481689453125,33.55398457177033]]],[[[130.13580322265625,33.55398457177033],[130.13717651367188,33.55398457177033],[130.13717651367188,33.55512901742288],[130.13580322265625,33.55512901742288],[130.13580322265625,33.55398457177033]]],[[[130.1495361328125,33.55398457177033],[130.15090942382812,33.55398457177033],[130.15090942382812,33.55512901742288],[130.1495361328125,33.55512901742288],[130.1495361328125,33.55398457177033]]],[[[130.16464233398438,33.55398457177033],[130.166015625,33.55398457177033],[130.166015625,33.55512901742288],[130.16464233398438,33.55512901742288],[130.16464233398438,33.55398457177033]]],[[[130.16738891601562,33.55398457177033],[130.17425537109375,33.55398457177033],[130.17425537109375,33.55512901742288],[130.16738891601562,33.55512901742288],[130.16738891601562,33.55398457177033]]],[[[129.847412109375,33.552840110956154],[129.84878540039062,33.552840110956154],[129.84878540039062,33.55398457177033],[129.847412109375,33.55398457177033],[129.847412109375,33.552840110956154]]],[[[129.85015869140625,33.552840110956154],[129.85153198242188,33.552840110956154],[129.85153198242188,33.55398457177033],[129.85015869140625,33.55398457177033],[129.85015869140625,33.552840110956154]]],[[[129.87350463867188,33.552840110956154],[129.8748779296875,33.552840110956154],[129.8748779296875,33.55398457177033],[129.87350463867188,33.55398457177033],[129.87350463867188,33.552840110956154]]],[[[130.12344360351562,33.552840110956154],[130.12619018554688,33.552840110956154],[130.12619018554688,33.55398457177033],[130.12344360351562,33.55398457177033],[130.12344360351562,33.552840110956154]]],[[[130.13717651367188,33.552840110956154],[130.1385498046875,33.552840110956154],[130.1385498046875,33.55398457177033],[130.13717651367188,33.55398457177033],[130.13717651367188,33.552840110956154]]],[[[130.14678955078125,33.552840110956154],[130.15090942382812,33.552840110956154],[130.15090942382812,33.55398457177033],[130.14678955078125,33.55398457177033],[130.14678955078125,33.552840110956154]]],[[[130.16326904296875,33.552840110956154],[130.17562866210938,33.552840110956154],[130.17562866210938,33.55398457177033],[130.16326904296875,33.55398457177033],[130.16326904296875,33.552840110956154]]],[[[129.85565185546875,33.55169563498065],[129.85702514648438,33.55169563498065],[129.85702514648438,33.552840110956154],[129.85565185546875,33.552840110956154],[129.85565185546875,33.55169563498065]]],[[[130.1385498046875,33.55169563498065],[130.13992309570312,33.55169563498065],[130.13992309570312,33.552840110956154],[130.1385498046875,33.552840110956154],[130.1385498046875,33.55169563498065]]],[[[130.14816284179688,33.55169563498065],[130.1495361328125,33.55169563498065],[130.1495361328125,33.552840110956154],[130.14816284179688,33.552840110956154],[130.14816284179688,33.55169563498065]]],[[[130.16326904296875,33.55169563498065],[130.177001953125,33.55169563498065],[130.177001953125,33.552840110956154],[130.16326904296875,33.552840110956154],[130.16326904296875,33.55169563498065]]],[[[130.1220703125,33.55055114384406],[130.12344360351562,33.55055114384406],[130.12344360351562,33.55169563498065],[130.1220703125,33.55169563498065],[130.1220703125,33.55055114384406]]],[[[130.14404296875,33.55055114384406],[130.14541625976562,33.55055114384406],[130.14541625976562,33.55169563498065],[130.14404296875,33.55169563498065],[130.14404296875,33.55055114384406]]],[[[130.16326904296875,33.55055114384406],[130.1715087890625,33.55055114384406],[130.1715087890625,33.55169563498065],[130.16326904296875,33.55169563498065],[130.16326904296875,33.55055114384406]]],[[[129.84878540039062,33.54940663754663],[129.85015869140625,33.54940663754663],[129.85015869140625,33.552840110956154],[129.84878540039062,33.552840110956154],[129.84878540039062,33.54940663754663]]],[[[129.8583984375,33.54940663754663],[129.85977172851562,33.54940663754663],[129.85977172851562,33.55055114384406],[129.8583984375,33.55055114384406],[129.8583984375,33.54940663754663]]],[[[129.86114501953125,33.54940663754663],[129.86663818359375,33.54940663754663],[129.86663818359375,33.55055114384406],[129.86114501953125,33.55055114384406],[129.86114501953125,33.54940663754663]]],[[[129.8748779296875,33.54940663754663],[129.87625122070312,33.54940663754663],[129.87625122070312,33.55055114384406],[129.8748779296875,33.55055114384406],[129.8748779296875,33.54940663754663]]],[[[129.89547729492188,33.54940663754663],[129.89822387695312,33.54940663754663],[129.89822387695312,33.55055114384406],[129.89547729492188,33.55055114384406],[129.89547729492188,33.54940663754663]]],[[[129.9078369140625,33.54940663754663],[129.90921020507812,33.54940663754663],[129.90921020507812,33.55055114384406],[129.9078369140625,33.55055114384406],[129.9078369140625,33.54940663754663]]],[[[129.93255615234375,33.54940663754663],[129.93392944335938,33.54940663754663],[129.93392944335938,33.55055114384406],[129.93255615234375,33.55055114384406],[129.93255615234375,33.54940663754663]]],[[[130.13992309570312,33.54940663754663],[130.14129638671875,33.54940663754663],[130.14129638671875,33.55055114384406],[130.13992309570312,33.55055114384406],[130.13992309570312,33.54940663754663]]],[[[130.1605224609375,33.54940663754663],[130.16738891601562,33.54940663754663],[130.16738891601562,33.55055114384406],[130.1605224609375,33.55055114384406],[130.1605224609375,33.54940663754663]]],[[[129.87350463867188,33.54826211608862],[129.8748779296875,33.54826211608862],[129.8748779296875,33.54940663754663],[129.87350463867188,33.54940663754663],[129.87350463867188,33.54826211608862]]],[[[129.8858642578125,33.54826211608862],[129.88723754882812,33.54826211608862],[129.88723754882812,33.54940663754663],[129.8858642578125,33.54940663754663],[129.8858642578125,33.54826211608862]]],[[[129.89410400390625,33.54826211608862],[129.89547729492188,33.54826211608862],[129.89547729492188,33.54940663754663],[129.89410400390625,33.54940663754663],[129.89410400390625,33.54826211608862]]],[[[129.90371704101562,33.54826211608862],[129.9078369140625,33.54826211608862],[129.9078369140625,33.54940663754663],[129.90371704101562,33.54940663754663],[129.90371704101562,33.54826211608862]]],[[[130.12069702148438,33.54826211608862],[130.1220703125,33.54826211608862],[130.1220703125,33.54940663754663],[130.12069702148438,33.54940663754663],[130.12069702148438,33.54826211608862]]],[[[130.15914916992188,33.54826211608862],[130.166015625,33.54826211608862],[130.166015625,33.54940663754663],[130.15914916992188,33.54940663754663],[130.15914916992188,33.54826211608862]]],[[[129.84603881835938,33.547117579470296],[129.84878540039062,33.547117579470296],[129.84878540039062,33.54826211608862],[129.84603881835938,33.54826211608862],[129.84603881835938,33.547117579470296]]],[[[129.88449096679688,33.547117579470296],[129.8858642578125,33.547117579470296],[129.8858642578125,33.54826211608862],[129.88449096679688,33.54826211608862],[129.88449096679688,33.547117579470296]]],[[[129.891357421875,33.547117579470296],[129.89410400390625,33.547117579470296],[129.89410400390625,33.54826211608862],[129.891357421875,33.54826211608862],[129.891357421875,33.547117579470296]]],[[[129.90371704101562,33.547117579470296],[129.90646362304688,33.547117579470296],[129.90646362304688,33.54826211608862],[129.90371704101562,33.54826211608862],[129.90371704101562,33.547117579470296]]],[[[129.84603881835938,33.54597302769189],[129.847412109375,33.54597302769189],[129.847412109375,33.547117579470296],[129.84603881835938,33.547117579470296],[129.84603881835938,33.54597302769189]]],[[[129.85702514648438,33.54597302769189],[129.85977172851562,33.54597302769189],[129.85977172851562,33.547117579470296],[129.85702514648438,33.547117579470296],[129.85702514648438,33.54597302769189]]],[[[129.87075805664062,33.54597302769189],[129.87350463867188,33.54597302769189],[129.87350463867188,33.54826211608862],[129.87075805664062,33.54826211608862],[129.87075805664062,33.54597302769189]]],[[[129.90097045898438,33.54597302769189],[129.90371704101562,33.54597302769189],[129.90371704101562,33.547117579470296],[129.90097045898438,33.547117579470296],[129.90097045898438,33.54597302769189]]],[[[129.90509033203125,33.54597302769189],[129.90646362304688,33.54597302769189],[129.90646362304688,33.547117579470296],[129.90509033203125,33.547117579470296],[129.90509033203125,33.54597302769189]]],[[[129.92706298828125,33.54597302769189],[129.92843627929688,33.54597302769189],[129.92843627929688,33.54826211608862],[129.92706298828125,33.54826211608862],[129.92706298828125,33.54597302769189]]],[[[130.11383056640625,33.54597302769189],[130.11520385742188,33.54597302769189],[130.11520385742188,33.547117579470296],[130.11383056640625,33.547117579470296],[130.11383056640625,33.54597302769189]]],[[[129.85702514648438,33.544828460753685],[129.8583984375,33.544828460753685],[129.8583984375,33.54597302769189],[129.85702514648438,33.54597302769189],[129.85702514648438,33.544828460753685]]],[[[129.88998413085938,33.544828460753685],[129.891357421875,33.544828460753685],[129.891357421875,33.547117579470296],[129.88998413085938,33.547117579470296],[129.88998413085938,33.544828460753685]]],[[[129.90234375,33.544828460753685],[129.90646362304688,33.544828460753685],[129.90646362304688,33.54597302769189],[129.90234375,33.54597302769189],[129.90234375,33.544828460753685]]],[[[129.92431640625,33.544828460753685],[129.92568969726562,33.544828460753685],[129.92568969726562,33.54597302769189],[129.92431640625,33.54597302769189],[129.92431640625,33.544828460753685]]],[[[129.93118286132812,33.544828460753685],[129.93255615234375,33.544828460753685],[129.93255615234375,33.54597302769189],[129.93118286132812,33.54597302769189],[129.93118286132812,33.544828460753685]]],[[[130.15777587890625,33.544828460753685],[130.15914916992188,33.544828460753685],[130.15914916992188,33.54826211608862],[130.15777587890625,33.54826211608862],[130.15777587890625,33.544828460753685]]],[[[129.847412109375,33.54368387865591],[129.84878540039062,33.54368387865591],[129.84878540039062,33.544828460753685],[129.847412109375,33.544828460753685],[129.847412109375,33.54368387865591]]],[[[129.8583984375,33.54368387865591],[129.85977172851562,33.54368387865591],[129.85977172851562,33.544828460753685],[129.8583984375,33.544828460753685],[129.8583984375,33.54368387865591]]],[[[129.87213134765625,33.54368387865591],[129.87350463867188,33.54368387865591],[129.87350463867188,33.54597302769189],[129.87213134765625,33.54597302769189],[129.87213134765625,33.54368387865591]]],[[[129.87762451171875,33.54368387865591],[129.87899780273438,33.54368387865591],[129.87899780273438,33.544828460753685],[129.87762451171875,33.544828460753685],[129.87762451171875,33.54368387865591]]],[[[129.88037109375,33.54368387865591],[129.88174438476562,33.54368387865591],[129.88174438476562,33.544828460753685],[129.88037109375,33.544828460753685],[129.88037109375,33.54368387865591]]],[[[129.88998413085938,33.54368387865591],[129.89273071289062,33.54368387865591],[129.89273071289062,33.544828460753685],[129.88998413085938,33.544828460753685],[129.88998413085938,33.54368387865591]]],[[[129.91058349609375,33.54368387865591],[129.91195678710938,33.54368387865591],[129.91195678710938,33.544828460753685],[129.91058349609375,33.544828460753685],[129.91058349609375,33.54368387865591]]],[[[129.92156982421875,33.54368387865591],[129.92294311523438,33.54368387865591],[129.92294311523438,33.544828460753685],[129.92156982421875,33.544828460753685],[129.92156982421875,33.54368387865591]]],[[[129.84603881835938,33.54253928139885],[129.847412109375,33.54253928139885],[129.847412109375,33.54368387865591],[129.84603881835938,33.54368387865591],[129.84603881835938,33.54253928139885]]],[[[129.891357421875,33.54253928139885],[129.89273071289062,33.54253928139885],[129.89273071289062,33.54368387865591],[129.891357421875,33.54368387865591],[129.891357421875,33.54253928139885]]],[[[129.91195678710938,33.54253928139885],[129.913330078125,33.54253928139885],[129.913330078125,33.54368387865591],[129.91195678710938,33.54368387865591],[129.91195678710938,33.54253928139885]]],[[[129.92019653320312,33.54253928139885],[129.92156982421875,33.54253928139885],[129.92156982421875,33.54368387865591],[129.92019653320312,33.54368387865591],[129.92019653320312,33.54253928139885]]],[[[129.84466552734375,33.54139466898275],[129.85015869140625,33.54139466898275],[129.85015869140625,33.54253928139885],[129.84466552734375,33.54253928139885],[129.84466552734375,33.54139466898275]]],[[[129.8858642578125,33.54139466898275],[129.88723754882812,33.54139466898275],[129.88723754882812,33.54253928139885],[129.8858642578125,33.54253928139885],[129.8858642578125,33.54139466898275]]],[[[129.88998413085938,33.54139466898275],[129.89410400390625,33.54139466898275],[129.89410400390625,33.54253928139885],[129.88998413085938,33.54253928139885],[129.88998413085938,33.54139466898275]]],[[[129.96688842773438,33.54139466898275],[129.96963500976562,33.54139466898275],[129.96963500976562,33.54253928139885],[129.96688842773438,33.54253928139885],[129.96688842773438,33.54139466898275]]],[[[129.86526489257812,33.540250041407845],[129.86663818359375,33.540250041407845],[129.86663818359375,33.54139466898275],[129.86526489257812,33.54139466898275],[129.86526489257812,33.540250041407845]]],[[[129.88037109375,33.540250041407845],[129.88311767578125,33.540250041407845],[129.88311767578125,33.54253928139885],[129.88037109375,33.54253928139885],[129.88037109375,33.540250041407845]]],[[[129.88449096679688,33.540250041407845],[129.8858642578125,33.540250041407845],[129.8858642578125,33.54139466898275],[129.88449096679688,33.54139466898275],[129.88449096679688,33.540250041407845]]],[[[129.89273071289062,33.540250041407845],[129.89410400390625,33.540250041407845],[129.89410400390625,33.54139466898275],[129.89273071289062,33.54139466898275],[129.89273071289062,33.540250041407845]]],[[[129.9298095703125,33.540250041407845],[129.93118286132812,33.540250041407845],[129.93118286132812,33.54139466898275],[129.9298095703125,33.54139466898275],[129.9298095703125,33.540250041407845]]],[[[129.96688842773438,33.540250041407845],[129.96826171875,33.540250041407845],[129.96826171875,33.54139466898275],[129.96688842773438,33.54139466898275],[129.96688842773438,33.540250041407845]]],[[[129.84603881835938,33.53910539867443],[129.847412109375,33.53910539867443],[129.847412109375,33.540250041407845],[129.84603881835938,33.540250041407845],[129.84603881835938,33.53910539867443]]],[[[129.85015869140625,33.53910539867443],[129.85153198242188,33.53910539867443],[129.85153198242188,33.540250041407845],[129.85015869140625,33.540250041407845],[129.85015869140625,33.53910539867443]]],[[[129.96551513671875,33.53910539867443],[129.96826171875,33.53910539867443],[129.96826171875,33.540250041407845],[129.96551513671875,33.540250041407845],[129.96551513671875,33.53910539867443]]],[[[129.97787475585938,33.53910539867443],[129.979248046875,33.53910539867443],[129.979248046875,33.540250041407845],[129.97787475585938,33.540250041407845],[129.97787475585938,33.53910539867443]]],[[[129.84603881835938,33.53796074078272],[129.84878540039062,33.53796074078272],[129.84878540039062,33.53910539867443],[129.84603881835938,33.53910539867443],[129.84603881835938,33.53796074078272]]],[[[129.89273071289062,33.53796074078272],[129.89547729492188,33.53796074078272],[129.89547729492188,33.540250041407845],[129.89273071289062,33.540250041407845],[129.89273071289062,33.53796074078272]]],[[[129.96963500976562,33.53796074078272],[129.97100830078125,33.53796074078272],[129.97100830078125,33.540250041407845],[129.96963500976562,33.540250041407845],[129.96963500976562,33.53796074078272]]],[[[130.15365600585938,33.53796074078272],[130.155029296875,33.53796074078272],[130.155029296875,33.54368387865591],[130.15365600585938,33.54368387865591],[130.15365600585938,33.53796074078272]]],[[[129.87625122070312,33.53681606773301],[129.87762451171875,33.53681606773301],[129.87762451171875,33.53796074078272],[129.87625122070312,33.53796074078272],[129.87625122070312,33.53681606773301]]],[[[129.88311767578125,33.53681606773301],[129.88449096679688,33.53681606773301],[129.88449096679688,33.53910539867443],[129.88311767578125,33.53910539867443],[129.88311767578125,33.53681606773301]]],[[[129.891357421875,33.53681606773301],[129.89410400390625,33.53681606773301],[129.89410400390625,33.53796074078272],[129.891357421875,33.53796074078272],[129.891357421875,33.53681606773301]]],[[[129.96414184570312,33.53681606773301],[129.96688842773438,33.53681606773301],[129.96688842773438,33.53910539867443],[129.96414184570312,33.53910539867443],[129.96414184570312,33.53681606773301]]],[[[130.14541625976562,33.53681606773301],[130.14816284179688,33.53681606773301],[130.14816284179688,33.53796074078272],[130.14541625976562,33.53796074078272],[130.14541625976562,33.53681606773301]]],[[[130.15090942382812,33.53681606773301],[130.15365600585938,33.53681606773301],[130.15365600585938,33.53796074078272],[130.15090942382812,33.53796074078272],[130.15090942382812,33.53681606773301]]],[[[129.84878540039062,33.53567137952553],[129.85153198242188,33.53567137952553],[129.85153198242188,33.53681606773301],[129.84878540039062,33.53681606773301],[129.84878540039062,33.53567137952553]]],[[[129.87762451171875,33.53567137952553],[129.87899780273438,33.53567137952553],[129.87899780273438,33.53681606773301],[129.87762451171875,33.53681606773301],[129.87762451171875,33.53567137952553]]],[[[129.93118286132812,33.53567137952553],[129.93255615234375,33.53567137952553],[129.93255615234375,33.53681606773301],[129.93118286132812,33.53681606773301],[129.93118286132812,33.53567137952553]]],[[[129.96826171875,33.53567137952553],[129.96963500976562,33.53567137952553],[129.96963500976562,33.53796074078272],[129.96826171875,33.53796074078272],[129.96826171875,33.53567137952553]]],[[[129.93255615234375,33.534526676160546],[129.93392944335938,33.534526676160546],[129.93392944335938,33.53567137952553],[129.93255615234375,33.53567137952553],[129.93255615234375,33.534526676160546]]],[[[129.85427856445312,33.533381957638305],[129.85565185546875,33.533381957638305],[129.85565185546875,33.534526676160546],[129.85427856445312,33.534526676160546],[129.85427856445312,33.533381957638305]]],[[[129.87899780273438,33.533381957638305],[129.88037109375,33.533381957638305],[129.88037109375,33.534526676160546],[129.87899780273438,33.534526676160546],[129.87899780273438,33.533381957638305]]],[[[129.96688842773438,33.533381957638305],[129.96826171875,33.533381957638305],[129.96826171875,33.534526676160546],[129.96688842773438,33.534526676160546],[129.96688842773438,33.533381957638305]]],[[[129.97787475585938,33.533381957638305],[129.979248046875,33.533381957638305],[129.979248046875,33.53796074078272],[129.97787475585938,33.53796074078272],[129.97787475585938,33.533381957638305]]],[[[130.14129638671875,33.533381957638305],[130.14266967773438,33.533381957638305],[130.14266967773438,33.534526676160546],[130.14129638671875,33.534526676160546],[130.14129638671875,33.533381957638305]]],[[[129.96551513671875,33.53223722395907],[129.96688842773438,33.53223722395907],[129.96688842773438,33.533381957638305],[129.96551513671875,33.533381957638305],[129.96551513671875,33.53223722395907]]],[[[130.13992309570312,33.53223722395907],[130.14129638671875,33.53223722395907],[130.14129638671875,33.533381957638305],[130.13992309570312,33.533381957638305],[130.13992309570312,33.53223722395907]]],[[[129.87899780273438,33.53109247512311],[129.88037109375,33.53109247512311],[129.88037109375,33.53223722395907],[129.87899780273438,33.53223722395907],[129.87899780273438,33.53109247512311]]],[[[129.9407958984375,33.53109247512311],[129.94216918945312,33.53109247512311],[129.94216918945312,33.53223722395907],[129.9407958984375,33.53223722395907],[129.9407958984375,33.53109247512311]]],[[[129.96414184570312,33.53109247512311],[129.96551513671875,33.53109247512311],[129.96551513671875,33.53223722395907],[129.96414184570312,33.53223722395907],[129.96414184570312,33.53109247512311]]],[[[130.1385498046875,33.53109247512311],[130.13992309570312,33.53109247512311],[130.13992309570312,33.53223722395907],[130.1385498046875,33.53223722395907],[130.1385498046875,33.53109247512311]]],[[[129.88174438476562,33.52994771113065],[129.88311767578125,33.52994771113065],[129.88311767578125,33.53223722395907],[129.88174438476562,33.53223722395907],[129.88174438476562,33.52994771113065]]],[[[129.95040893554688,33.52994771113065],[129.95315551757812,33.52994771113065],[129.95315551757812,33.53109247512311],[129.95040893554688,33.53109247512311],[129.95040893554688,33.52994771113065]]],[[[129.957275390625,33.52994771113065],[129.95864868164062,33.52994771113065],[129.95864868164062,33.53109247512311],[129.957275390625,33.53109247512311],[129.957275390625,33.52994771113065]]],[[[129.97650146484375,33.52994771113065],[129.97787475585938,33.52994771113065],[129.97787475585938,33.53109247512311],[129.97650146484375,33.53109247512311],[129.97650146484375,33.52994771113065]]],[[[130.13717651367188,33.52994771113065],[130.1385498046875,33.52994771113065],[130.1385498046875,33.53109247512311],[130.13717651367188,33.53109247512311],[130.13717651367188,33.52994771113065]]],[[[129.94491577148438,33.528802931981986],[129.9462890625,33.528802931981986],[129.9462890625,33.52994771113065],[129.94491577148438,33.52994771113065],[129.94491577148438,33.528802931981986]]],[[[129.97512817382812,33.528802931981986],[129.97650146484375,33.528802931981986],[129.97650146484375,33.52994771113065],[129.97512817382812,33.52994771113065],[129.97512817382812,33.528802931981986]]],[[[130.13031005859375,33.528802931981986],[130.13580322265625,33.528802931981986],[130.13580322265625,33.52994771113065],[130.13031005859375,33.52994771113065],[130.13031005859375,33.528802931981986]]],[[[129.88037109375,33.52765813767734],[129.88174438476562,33.52765813767734],[129.88174438476562,33.52994771113065],[129.88037109375,33.52994771113065],[129.88037109375,33.52765813767734]]],[[[129.9462890625,33.52765813767734],[129.95040893554688,33.52765813767734],[129.95040893554688,33.528802931981986],[129.9462890625,33.528802931981986],[129.9462890625,33.52765813767734]]],[[[129.96414184570312,33.52765813767734],[129.96551513671875,33.52765813767734],[129.96551513671875,33.528802931981986],[129.96414184570312,33.528802931981986],[129.96414184570312,33.52765813767734]]],[[[129.97100830078125,33.52765813767734],[129.97512817382812,33.52765813767734],[129.97512817382812,33.528802931981986],[129.97100830078125,33.528802931981986],[129.97100830078125,33.52765813767734]]],[[[129.87899780273438,33.52651332821697],[129.88037109375,33.52651332821697],[129.88037109375,33.52765813767734],[129.87899780273438,33.52765813767734],[129.87899780273438,33.52651332821697]]],[[[129.95315551757812,33.52651332821697],[129.95452880859375,33.52651332821697],[129.95452880859375,33.52765813767734],[129.95315551757812,33.52765813767734],[129.95315551757812,33.52651332821697]]],[[[129.96551513671875,33.52651332821697],[129.96963500976562,33.52651332821697],[129.96963500976562,33.52765813767734],[129.96551513671875,33.52765813767734],[129.96551513671875,33.52651332821697]]],[[[130.1275634765625,33.52651332821697],[130.12893676757812,33.52651332821697],[130.12893676757812,33.528802931981986],[130.1275634765625,33.528802931981986],[130.1275634765625,33.52651332821697]]],[[[129.95315551757812,33.52536850360117],[129.95864868164062,33.52536850360117],[129.95864868164062,33.52651332821697],[129.95315551757812,33.52651332821697],[129.95315551757812,33.52536850360117]]],[[[130.12344360351562,33.524223663830156],[130.12481689453125,33.524223663830156],[130.12481689453125,33.52651332821697],[130.12344360351562,33.52651332821697],[130.12344360351562,33.524223663830156]]],[[[129.95452880859375,33.52307880890421],[129.957275390625,33.52307880890421],[129.957275390625,33.52536850360117],[129.95452880859375,33.52536850360117],[129.95452880859375,33.52307880890421]]],[[[130.12481689453125,33.52307880890421],[130.12619018554688,33.52307880890421],[130.12619018554688,33.524223663830156],[130.12481689453125,33.524223663830156],[130.12481689453125,33.52307880890421]]],[[[129.83917236328125,33.521933938823565],[129.84054565429688,33.521933938823565],[129.84054565429688,33.52307880890421],[129.83917236328125,33.52307880890421],[129.83917236328125,33.521933938823565]]],[[[129.85153198242188,33.521933938823565],[129.8529052734375,33.521933938823565],[129.8529052734375,33.524223663830156],[129.85153198242188,33.524223663830156],[129.85153198242188,33.521933938823565]]],[[[129.87762451171875,33.521933938823565],[129.87899780273438,33.521933938823565],[129.87899780273438,33.52307880890421],[129.87762451171875,33.52307880890421],[129.87762451171875,33.521933938823565]]],[[[129.957275390625,33.521933938823565],[129.95864868164062,33.521933938823565],[129.95864868164062,33.52307880890421],[129.957275390625,33.52307880890421],[129.957275390625,33.521933938823565]]],[[[130.12893676757812,33.521933938823565],[130.13168334960938,33.521933938823565],[130.13168334960938,33.52307880890421],[130.12893676757812,33.52307880890421],[130.12893676757812,33.521933938823565]]],[[[129.84466552734375,33.52078905358849],[129.84603881835938,33.52078905358849],[129.84603881835938,33.521933938823565],[129.84466552734375,33.521933938823565],[129.84466552734375,33.52078905358849]]],[[[130.13168334960938,33.52078905358849],[130.13442993164062,33.52078905358849],[130.13442993164062,33.521933938823565],[130.13168334960938,33.521933938823565],[130.13168334960938,33.52078905358849]]],[[[129.82955932617188,33.51964415319925],[129.83230590820312,33.51964415319925],[129.83230590820312,33.52078905358849],[129.82955932617188,33.52078905358849],[129.82955932617188,33.51964415319925]]],[[[129.8748779296875,33.51964415319925],[129.87762451171875,33.51964415319925],[129.87762451171875,33.52078905358849],[129.8748779296875,33.52078905358849],[129.8748779296875,33.51964415319925]]],[[[129.82818603515625,33.51849923765609],[129.82955932617188,33.51849923765609],[129.82955932617188,33.51964415319925],[129.82818603515625,33.51964415319925],[129.82818603515625,33.51849923765609]]],[[[129.83779907226562,33.51849923765609],[129.83917236328125,33.51849923765609],[129.83917236328125,33.51964415319925],[129.83779907226562,33.51964415319925],[129.83779907226562,33.51849923765609]]],[[[130.133056640625,33.51849923765609],[130.13442993164062,33.51849923765609],[130.13442993164062,33.52078905358849],[130.133056640625,33.52078905358849],[130.133056640625,33.51849923765609]]],[[[129.82681274414062,33.51735430695927],[129.82818603515625,33.51735430695927],[129.82818603515625,33.51849923765609],[129.82681274414062,33.51849923765609],[129.82681274414062,33.51735430695927]]],[[[129.84054565429688,33.51735430695927],[129.84329223632812,33.51735430695927],[129.84329223632812,33.51849923765609],[129.84054565429688,33.51849923765609],[129.84054565429688,33.51735430695927]]],[[[129.84603881835938,33.51735430695927],[129.847412109375,33.51735430695927],[129.847412109375,33.51849923765609],[129.84603881835938,33.51849923765609],[129.84603881835938,33.51735430695927]]],[[[129.95590209960938,33.51735430695927],[129.957275390625,33.51735430695927],[129.957275390625,33.51964415319925],[129.95590209960938,33.51964415319925],[129.95590209960938,33.51735430695927]]],[[[129.82818603515625,33.51620936110905],[129.82955932617188,33.51620936110905],[129.82955932617188,33.51735430695927],[129.82818603515625,33.51735430695927],[129.82818603515625,33.51620936110905]]],[[[129.957275390625,33.51620936110905],[129.95864868164062,33.51620936110905],[129.95864868164062,33.51735430695927],[129.957275390625,33.51735430695927],[129.957275390625,33.51620936110905]]],[[[130.13168334960938,33.51620936110905],[130.133056640625,33.51620936110905],[130.133056640625,33.51849923765609],[130.13168334960938,33.51849923765609],[130.13168334960938,33.51620936110905]]],[[[129.8748779296875,33.51506440010567],[129.87625122070312,33.51506440010567],[129.87625122070312,33.51735430695927],[129.8748779296875,33.51735430695927],[129.8748779296875,33.51506440010567]]],[[[129.95864868164062,33.51506440010567],[129.96002197265625,33.51506440010567],[129.96002197265625,33.51620936110905],[129.95864868164062,33.51620936110905],[129.95864868164062,33.51506440010567]]],[[[129.82955932617188,33.51391942394941],[129.8309326171875,33.51391942394941],[129.8309326171875,33.51506440010567],[129.82955932617188,33.51506440010567],[129.82955932617188,33.51391942394941]]],[[[129.84878540039062,33.51391942394941],[129.85015869140625,33.51391942394941],[129.85015869140625,33.51506440010567],[129.84878540039062,33.51506440010567],[129.84878540039062,33.51391942394941]]],[[[129.96002197265625,33.51391942394941],[129.9627685546875,33.51391942394941],[129.9627685546875,33.51506440010567],[129.96002197265625,33.51506440010567],[129.96002197265625,33.51391942394941]]],[[[130.13031005859375,33.51391942394941],[130.13168334960938,33.51391942394941],[130.13168334960938,33.51620936110905],[130.13031005859375,33.51620936110905],[130.13031005859375,33.51391942394941]]],[[[130.09735107421875,33.51277443264051],[130.09872436523438,33.51277443264051],[130.09872436523438,33.51506440010567],[130.09735107421875,33.51506440010567],[130.09735107421875,33.51277443264051]]],[[[130.10284423828125,33.51277443264051],[130.1055908203125,33.51277443264051],[130.1055908203125,33.51391942394941],[130.10284423828125,33.51391942394941],[130.10284423828125,33.51277443264051]]],[[[130.12893676757812,33.51277443264051],[130.13031005859375,33.51277443264051],[130.13031005859375,33.51391942394941],[130.12893676757812,33.51391942394941],[130.12893676757812,33.51277443264051]]],[[[129.83230590820312,33.51162942617925],[129.83367919921875,33.51162942617925],[129.83367919921875,33.51277443264051],[129.83230590820312,33.51277443264051],[129.83230590820312,33.51162942617925]]],[[[129.83505249023438,33.51162942617925],[129.83642578125,33.51162942617925],[129.83642578125,33.51277443264051],[129.83505249023438,33.51277443264051],[129.83505249023438,33.51162942617925]]],[[[129.85015869140625,33.51162942617925],[129.85153198242188,33.51162942617925],[129.85153198242188,33.51277443264051],[129.85015869140625,33.51277443264051],[129.85015869140625,33.51162942617925]]],[[[130.09735107421875,33.51162942617925],[130.10009765625,33.51162942617925],[130.10009765625,33.51277443264051],[130.09735107421875,33.51277443264051],[130.09735107421875,33.51162942617925]]],[[[130.10147094726562,33.51162942617925],[130.10421752929688,33.51162942617925],[130.10421752929688,33.51277443264051],[130.10147094726562,33.51277443264051],[130.10147094726562,33.51162942617925]]],[[[130.1275634765625,33.51162942617925],[130.12893676757812,33.51162942617925],[130.12893676757812,33.51277443264051],[130.1275634765625,33.51277443264051],[130.1275634765625,33.51162942617925]]],[[[129.85427856445312,33.51048440456585],[129.85565185546875,33.51048440456585],[129.85565185546875,33.51162942617925],[129.85427856445312,33.51162942617925],[129.85427856445312,33.51048440456585]]],[[[130.06851196289062,33.51048440456585],[130.06988525390625,33.51048440456585],[130.06988525390625,33.51162942617925],[130.06851196289062,33.51162942617925],[130.06851196289062,33.51048440456585]]],[[[130.09872436523438,33.51048440456585],[130.10009765625,33.51048440456585],[130.10009765625,33.51162942617925],[130.09872436523438,33.51162942617925],[130.09872436523438,33.51048440456585]]],[[[130.10284423828125,33.51048440456585],[130.1055908203125,33.51048440456585],[130.1055908203125,33.51162942617925],[130.10284423828125,33.51162942617925],[130.10284423828125,33.51048440456585]]],[[[130.111083984375,33.51048440456585],[130.11245727539062,33.51048440456585],[130.11245727539062,33.51162942617925],[130.111083984375,33.51162942617925],[130.111083984375,33.51048440456585]]],[[[130.12619018554688,33.51048440456585],[130.1275634765625,33.51048440456585],[130.1275634765625,33.51162942617925],[130.12619018554688,33.51162942617925],[130.12619018554688,33.51048440456585]]],[[[129.96826171875,33.5093393678006],[129.96963500976562,33.5093393678006],[129.96963500976562,33.51048440456585],[129.96826171875,33.51048440456585],[129.96826171875,33.5093393678006]]],[[[130.09735107421875,33.5093393678006],[130.09872436523438,33.5093393678006],[130.09872436523438,33.51048440456585],[130.09735107421875,33.51048440456585],[130.09735107421875,33.5093393678006]]],[[[130.10421752929688,33.5093393678006],[130.10971069335938,33.5093393678006],[130.10971069335938,33.51048440456585],[130.10421752929688,33.51048440456585],[130.10421752929688,33.5093393678006]]],[[[130.12344360351562,33.5093393678006],[130.12481689453125,33.5093393678006],[130.12481689453125,33.51048440456585],[130.12344360351562,33.51048440456585],[130.12344360351562,33.5093393678006]]],[[[130.08224487304688,33.50819431588374],[130.0836181640625,33.50819431588374],[130.0836181640625,33.5093393678006],[130.08224487304688,33.5093393678006],[130.08224487304688,33.50819431588374]]],[[[130.09597778320312,33.50819431588374],[130.09735107421875,33.50819431588374],[130.09735107421875,33.5093393678006],[130.09597778320312,33.5093393678006],[130.09597778320312,33.50819431588374]]],[[[130.11245727539062,33.50819431588374],[130.11383056640625,33.50819431588374],[130.11383056640625,33.5093393678006],[130.11245727539062,33.5093393678006],[130.11245727539062,33.50819431588374]]],[[[130.11932373046875,33.50819431588374],[130.12069702148438,33.50819431588374],[130.12069702148438,33.5093393678006],[130.11932373046875,33.5093393678006],[130.11932373046875,33.50819431588374]]],[[[129.83230590820312,33.50704924881552],[129.83367919921875,33.50704924881552],[129.83367919921875,33.5093393678006],[129.83230590820312,33.5093393678006],[129.83230590820312,33.50704924881552]]],[[[129.95590209960938,33.50704924881552],[129.957275390625,33.50704924881552],[129.957275390625,33.50819431588374],[129.95590209960938,33.50819431588374],[129.95590209960938,33.50704924881552]]],[[[130.06851196289062,33.50704924881552],[130.06988525390625,33.50704924881552],[130.06988525390625,33.50819431588374],[130.06851196289062,33.50819431588374],[130.06851196289062,33.50704924881552]]],[[[130.09323120117188,33.50704924881552],[130.09597778320312,33.50704924881552],[130.09597778320312,33.50819431588374],[130.09323120117188,33.50819431588374],[130.09323120117188,33.50704924881552]]],[[[129.95590209960938,33.50590416659622],[129.96002197265625,33.50590416659622],[129.96002197265625,33.50704924881552],[129.95590209960938,33.50704924881552],[129.95590209960938,33.50590416659622]]],[[[130.06576538085938,33.50590416659622],[130.06988525390625,33.50590416659622],[130.06988525390625,33.50704924881552],[130.06576538085938,33.50704924881552],[130.06576538085938,33.50590416659622]]],[[[130.08224487304688,33.50590416659622],[130.08499145507812,33.50590416659622],[130.08499145507812,33.50819431588374],[130.08224487304688,33.50819431588374],[130.08224487304688,33.50590416659622]]],[[[130.09048461914062,33.50590416659622],[130.09323120117188,33.50590416659622],[130.09323120117188,33.50704924881552],[130.09048461914062,33.50704924881552],[130.09048461914062,33.50590416659622]]],[[[129.95452880859375,33.504759069226075],[129.96002197265625,33.504759069226075],[129.96002197265625,33.50590416659622],[129.95452880859375,33.50590416659622],[129.95452880859375,33.504759069226075]]],[[[130.0616455078125,33.504759069226075],[130.06301879882812,33.504759069226075],[130.06301879882812,33.50590416659622],[130.0616455078125,33.50590416659622],[130.0616455078125,33.504759069226075]]],[[[130.07949829101562,33.504759069226075],[130.08087158203125,33.504759069226075],[130.08087158203125,33.50590416659622],[130.07949829101562,33.50590416659622],[130.07949829101562,33.504759069226075]]],[[[130.0836181640625,33.504759069226075],[130.089111328125,33.504759069226075],[130.089111328125,33.50590416659622],[130.0836181640625,33.50590416659622],[130.0836181640625,33.504759069226075]]],[[[129.95315551757812,33.50361395670535],[129.95590209960938,33.50361395670535],[129.95590209960938,33.504759069226075],[129.95315551757812,33.504759069226075],[129.95315551757812,33.50361395670535]]],[[[129.95864868164062,33.50361395670535],[129.9627685546875,33.50361395670535],[129.9627685546875,33.504759069226075],[129.95864868164062,33.504759069226075],[129.95864868164062,33.50361395670535]]],[[[130.078125,33.50361395670535],[130.08087158203125,33.50361395670535],[130.08087158203125,33.504759069226075],[130.078125,33.504759069226075],[130.078125,33.50361395670535]]],[[[129.8309326171875,33.502468829034314],[129.83230590820312,33.502468829034314],[129.83230590820312,33.50361395670535],[129.8309326171875,33.50361395670535],[129.8309326171875,33.502468829034314]]],[[[129.9517822265625,33.502468829034314],[129.95452880859375,33.502468829034314],[129.95452880859375,33.50361395670535],[129.9517822265625,33.50361395670535],[129.9517822265625,33.502468829034314]]],[[[130.06988525390625,33.502468829034314],[130.07400512695312,33.502468829034314],[130.07400512695312,33.50361395670535],[130.06988525390625,33.50361395670535],[130.06988525390625,33.502468829034314]]],[[[129.83230590820312,33.501323686213205],[129.83367919921875,33.501323686213205],[129.83367919921875,33.502468829034314],[129.83230590820312,33.502468829034314],[129.83230590820312,33.501323686213205]]],[[[130.067138671875,33.501323686213205],[130.06851196289062,33.501323686213205],[130.06851196289062,33.502468829034314],[130.067138671875,33.502468829034314],[130.067138671875,33.501323686213205]]],[[[129.9517822265625,33.500178528242294],[129.95315551757812,33.500178528242294],[129.95315551757812,33.502468829034314],[129.9517822265625,33.502468829034314],[129.9517822265625,33.500178528242294]]],[[[130.06301879882812,33.500178528242294],[130.067138671875,33.500178528242294],[130.067138671875,33.501323686213205],[130.06301879882812,33.501323686213205],[130.06301879882812,33.500178528242294]]],[[[130.06301879882812,33.49903335512183],[130.06576538085938,33.49903335512183],[130.06576538085938,33.500178528242294],[130.06301879882812,33.500178528242294],[130.06301879882812,33.49903335512183]]],[[[129.95040893554688,33.497888166852064],[129.9517822265625,33.497888166852064],[129.9517822265625,33.49903335512183],[129.95040893554688,33.49903335512183],[129.95040893554688,33.497888166852064]]],[[[130.0616455078125,33.497888166852064],[130.06301879882812,33.497888166852064],[130.06301879882812,33.49903335512183],[130.0616455078125,33.49903335512183],[130.0616455078125,33.497888166852064]]],[[[129.83505249023438,33.49674296343327],[129.83642578125,33.49674296343327],[129.83642578125,33.497888166852064],[129.83505249023438,33.497888166852064],[129.83505249023438,33.49674296343327]]],[[[130.05752563476562,33.49674296343327],[130.05889892578125,33.49674296343327],[130.05889892578125,33.497888166852064],[130.05752563476562,33.497888166852064],[130.05752563476562,33.49674296343327]]],[[[130.04379272460938,33.4955977448657],[130.045166015625,33.4955977448657],[130.045166015625,33.49674296343327],[130.04379272460938,33.49674296343327],[130.04379272460938,33.4955977448657]]],[[[130.05203247070312,33.4955977448657],[130.05615234375,33.4955977448657],[130.05615234375,33.49674296343327],[130.05203247070312,33.49674296343327],[130.05203247070312,33.4955977448657]]],[[[129.9462890625,33.494452511149596],[129.94766235351562,33.494452511149596],[129.94766235351562,33.4955977448657],[129.9462890625,33.4955977448657],[129.9462890625,33.494452511149596]]],[[[130.04928588867188,33.494452511149596],[130.0506591796875,33.494452511149596],[130.0506591796875,33.4955977448657],[130.04928588867188,33.4955977448657],[130.04928588867188,33.494452511149596]]],[[[129.83917236328125,33.49330726228524],[129.84054565429688,33.49330726228524],[129.84054565429688,33.494452511149596],[129.83917236328125,33.494452511149596],[129.83917236328125,33.49330726228524]]],[[[129.94491577148438,33.49330726228524],[129.9462890625,33.49330726228524],[129.9462890625,33.494452511149596],[129.94491577148438,33.494452511149596],[129.94491577148438,33.49330726228524]]],[[[130.04379272460938,33.49330726228524],[130.045166015625,33.49330726228524],[130.045166015625,33.494452511149596],[130.04379272460938,33.494452511149596],[130.04379272460938,33.49330726228524]]],[[[129.77188110351562,33.49216199827286],[129.77325439453125,33.49216199827286],[129.77325439453125,33.49330726228524],[129.77188110351562,33.49330726228524],[129.77188110351562,33.49216199827286]]],[[[129.77874755859375,33.49216199827286],[129.78012084960938,33.49216199827286],[129.78012084960938,33.49330726228524],[129.77874755859375,33.49330726228524],[129.77874755859375,33.49216199827286]]],[[[129.83779907226562,33.49216199827286],[129.84054565429688,33.49216199827286],[129.84054565429688,33.49330726228524],[129.83779907226562,33.49330726228524],[129.83779907226562,33.49216199827286]]],[[[130.04653930664062,33.49216199827286],[130.04791259765625,33.49216199827286],[130.04791259765625,33.49330726228524],[130.04653930664062,33.49330726228524],[130.04653930664062,33.49216199827286]]],[[[129.83505249023438,33.491016719112736],[129.83642578125,33.491016719112736],[129.83642578125,33.49216199827286],[129.83505249023438,33.49216199827286],[129.83505249023438,33.491016719112736]]],[[[129.94354248046875,33.491016719112736],[129.94491577148438,33.491016719112736],[129.94491577148438,33.49330726228524],[129.94354248046875,33.49330726228524],[129.94354248046875,33.491016719112736]]],[[[129.77325439453125,33.48987142480512],[129.77462768554688,33.48987142480512],[129.77462768554688,33.49216199827286],[129.77325439453125,33.49216199827286],[129.77325439453125,33.48987142480512]]],[[[129.77874755859375,33.48987142480512],[129.78012084960938,33.48987142480512],[129.78012084960938,33.491016719112736],[129.77874755859375,33.491016719112736],[129.77874755859375,33.48987142480512]]],[[[129.94491577148438,33.48987142480512],[129.9462890625,33.48987142480512],[129.9462890625,33.491016719112736],[129.94491577148438,33.491016719112736],[129.94491577148438,33.48987142480512]]],[[[130.04791259765625,33.48987142480512],[130.04928588867188,33.48987142480512],[130.04928588867188,33.491016719112736],[130.04791259765625,33.491016719112736],[130.04791259765625,33.48987142480512]]],[[[129.83230590820312,33.488726115350275],[129.83505249023438,33.488726115350275],[129.83505249023438,33.48987142480512],[129.83230590820312,33.48987142480512],[129.83230590820312,33.488726115350275]]],[[[129.83230590820312,33.48758079074843],[129.83367919921875,33.48758079074843],[129.83367919921875,33.488726115350275],[129.83230590820312,33.488726115350275],[129.83230590820312,33.48758079074843]]],[[[129.9462890625,33.48758079074843],[129.94766235351562,33.48758079074843],[129.94766235351562,33.488726115350275],[129.9462890625,33.488726115350275],[129.9462890625,33.48758079074843]]],[[[129.77462768554688,33.486435450999885],[129.7760009765625,33.486435450999885],[129.7760009765625,33.48758079074843],[129.77462768554688,33.48758079074843],[129.77462768554688,33.486435450999885]]],[[[130.04791259765625,33.486435450999885],[130.04928588867188,33.486435450999885],[130.04928588867188,33.488726115350275],[130.04791259765625,33.488726115350275],[130.04791259765625,33.486435450999885]]],[[[129.80484008789062,33.485290096104855],[129.80758666992188,33.485290096104855],[129.80758666992188,33.486435450999885],[129.80484008789062,33.486435450999885],[129.80484008789062,33.485290096104855]]],[[[129.8309326171875,33.485290096104855],[129.83367919921875,33.485290096104855],[129.83367919921875,33.486435450999885],[129.8309326171875,33.486435450999885],[129.8309326171875,33.485290096104855]]],[[[129.9462890625,33.485290096104855],[129.94766235351562,33.485290096104855],[129.94766235351562,33.486435450999885],[129.9462890625,33.486435450999885],[129.9462890625,33.485290096104855]]],[[[130.045166015625,33.485290096104855],[130.04791259765625,33.485290096104855],[130.04791259765625,33.486435450999885],[130.045166015625,33.486435450999885],[130.045166015625,33.485290096104855]]],[[[129.77462768554688,33.48414472606363],[129.77737426757812,33.48414472606363],[129.77737426757812,33.485290096104855],[129.77462768554688,33.485290096104855],[129.77462768554688,33.48414472606363]]],[[[129.814453125,33.48414472606363],[129.81582641601562,33.48414472606363],[129.81582641601562,33.485290096104855],[129.814453125,33.485290096104855],[129.814453125,33.48414472606363]]],[[[129.83779907226562,33.48414472606363],[129.83917236328125,33.48414472606363],[129.83917236328125,33.485290096104855],[129.83779907226562,33.485290096104855],[129.83779907226562,33.48414472606363]]],[[[129.8089599609375,33.48299934087646],[129.81033325195312,33.48299934087646],[129.81033325195312,33.48414472606363],[129.8089599609375,33.48414472606363],[129.8089599609375,33.48299934087646]]],[[[129.814453125,33.48299934087646],[129.81719970703125,33.48299934087646],[129.81719970703125,33.48414472606363],[129.814453125,33.48414472606363],[129.814453125,33.48299934087646]]],[[[129.81857299804688,33.48299934087646],[129.8199462890625,33.48299934087646],[129.8199462890625,33.48414472606363],[129.81857299804688,33.48414472606363],[129.81857299804688,33.48299934087646]]],[[[129.93804931640625,33.48299934087646],[129.9407958984375,33.48299934087646],[129.9407958984375,33.48414472606363],[129.93804931640625,33.48414472606363],[129.93804931640625,33.48299934087646]]],[[[129.94216918945312,33.48299934087646],[129.94491577148438,33.48299934087646],[129.94491577148438,33.48414472606363],[129.94216918945312,33.48414472606363],[129.94216918945312,33.48299934087646]]],[[[129.95864868164062,33.48299934087646],[129.96002197265625,33.48299934087646],[129.96002197265625,33.48414472606363],[129.95864868164062,33.48414472606363],[129.95864868164062,33.48299934087646]]],[[[130.04379272460938,33.48299934087646],[130.045166015625,33.48299934087646],[130.045166015625,33.485290096104855],[130.04379272460938,33.485290096104855],[130.04379272460938,33.48299934087646]]],[[[129.93804931640625,33.481853940543594],[129.94216918945312,33.481853940543594],[129.94216918945312,33.48299934087646],[129.93804931640625,33.48299934087646],[129.93804931640625,33.481853940543594]]],[[[129.803466796875,33.48070852506529],[129.80484008789062,33.48070852506529],[129.80484008789062,33.481853940543594],[129.803466796875,33.481853940543594],[129.803466796875,33.48070852506529]]],[[[129.81307983398438,33.48070852506529],[129.814453125,33.48070852506529],[129.814453125,33.481853940543594],[129.81307983398438,33.481853940543594],[129.81307983398438,33.48070852506529]]],[[[129.82131958007812,33.48070852506529],[129.82406616210938,33.48070852506529],[129.82406616210938,33.481853940543594],[129.82131958007812,33.481853940543594],[129.82131958007812,33.48070852506529]]],[[[129.8419189453125,33.48070852506529],[129.84329223632812,33.48070852506529],[129.84329223632812,33.481853940543594],[129.8419189453125,33.481853940543594],[129.8419189453125,33.48070852506529]]],[[[129.93942260742188,33.48070852506529],[129.9407958984375,33.48070852506529],[129.9407958984375,33.481853940543594],[129.93942260742188,33.481853940543594],[129.93942260742188,33.48070852506529]]],[[[130.04241943359375,33.48070852506529],[130.04379272460938,33.48070852506529],[130.04379272460938,33.481853940543594],[130.04241943359375,33.481853940543594],[130.04241943359375,33.48070852506529]]],[[[129.79110717773438,33.479563094441815],[129.79248046875,33.479563094441815],[129.79248046875,33.48070852506529],[129.79110717773438,33.48070852506529],[129.79110717773438,33.479563094441815]]],[[[129.93667602539062,33.479563094441815],[129.93942260742188,33.479563094441815],[129.93942260742188,33.48070852506529],[129.93667602539062,33.48070852506529],[129.93667602539062,33.479563094441815]]],[[[129.80209350585938,33.478417648673414],[129.803466796875,33.478417648673414],[129.803466796875,33.479563094441815],[129.80209350585938,33.479563094441815],[129.80209350585938,33.478417648673414]]],[[[129.83642578125,33.478417648673414],[129.83779907226562,33.478417648673414],[129.83779907226562,33.479563094441815],[129.83642578125,33.479563094441815],[129.83642578125,33.478417648673414]]],[[[129.93667602539062,33.478417648673414],[129.9407958984375,33.478417648673414],[129.9407958984375,33.479563094441815],[129.93667602539062,33.479563094441815],[129.93667602539062,33.478417648673414]]],[[[129.94903564453125,33.478417648673414],[129.95040893554688,33.478417648673414],[129.95040893554688,33.479563094441815],[129.94903564453125,33.479563094441815],[129.94903564453125,33.478417648673414]]],[[[129.80072021484375,33.477272187760356],[129.80209350585938,33.477272187760356],[129.80209350585938,33.478417648673414],[129.80072021484375,33.478417648673414],[129.80072021484375,33.477272187760356]]],[[[129.82681274414062,33.477272187760356],[129.82818603515625,33.477272187760356],[129.82818603515625,33.479563094441815],[129.82681274414062,33.479563094441815],[129.82681274414062,33.477272187760356]]],[[[129.93804931640625,33.477272187760356],[129.9407958984375,33.477272187760356],[129.9407958984375,33.478417648673414],[129.93804931640625,33.478417648673414],[129.93804931640625,33.477272187760356]]],[[[129.78012084960938,33.47612671170289],[129.78286743164062,33.47612671170289],[129.78286743164062,33.477272187760356],[129.78012084960938,33.477272187760356],[129.78012084960938,33.47612671170289]]],[[[129.8309326171875,33.47612671170289],[129.83230590820312,33.47612671170289],[129.83230590820312,33.477272187760356],[129.8309326171875,33.477272187760356],[129.8309326171875,33.47612671170289]]],[[[129.83367919921875,33.47612671170289],[129.83505249023438,33.47612671170289],[129.83505249023438,33.477272187760356],[129.83367919921875,33.477272187760356],[129.83367919921875,33.47612671170289]]],[[[129.957275390625,33.47612671170289],[129.95864868164062,33.47612671170289],[129.95864868164062,33.481853940543594],[129.957275390625,33.481853940543594],[129.957275390625,33.47612671170289]]],[[[129.7979736328125,33.47498122050128],[129.80072021484375,33.47498122050128],[129.80072021484375,33.47612671170289],[129.7979736328125,33.47612671170289],[129.7979736328125,33.47498122050128]]],[[[129.82406616210938,33.47498122050128],[129.825439453125,33.47498122050128],[129.825439453125,33.47612671170289],[129.82406616210938,33.47612671170289],[129.82406616210938,33.47498122050128]]],[[[129.93804931640625,33.47498122050128],[129.94216918945312,33.47498122050128],[129.94216918945312,33.477272187760356],[129.93804931640625,33.477272187760356],[129.93804931640625,33.47498122050128]]],[[[129.94766235351562,33.47498122050128],[129.9517822265625,33.47498122050128],[129.9517822265625,33.478417648673414],[129.94766235351562,33.478417648673414],[129.94766235351562,33.47498122050128]]],[[[129.95452880859375,33.47498122050128],[129.96002197265625,33.47498122050128],[129.96002197265625,33.47612671170289],[129.95452880859375,33.47612671170289],[129.95452880859375,33.47498122050128]]],[[[129.97100830078125,33.47498122050128],[129.97238159179688,33.47498122050128],[129.97238159179688,33.47612671170289],[129.97100830078125,33.47612671170289],[129.97100830078125,33.47498122050128]]],[[[129.9847412109375,33.47498122050128],[129.98611450195312,33.47498122050128],[129.98611450195312,33.479563094441815],[129.9847412109375,33.479563094441815],[129.9847412109375,33.47498122050128]]],[[[129.99435424804688,33.47498122050128],[129.9957275390625,33.47498122050128],[129.9957275390625,33.477272187760356],[129.99435424804688,33.477272187760356],[129.99435424804688,33.47498122050128]]],[[[130.04104614257812,33.47498122050128],[130.04241943359375,33.47498122050128],[130.04241943359375,33.479563094441815],[130.04104614257812,33.479563094441815],[130.04104614257812,33.47498122050128]]],[[[129.825439453125,33.473835714155776],[129.82681274414062,33.473835714155776],[129.82681274414062,33.47498122050128],[129.825439453125,33.47498122050128],[129.825439453125,33.473835714155776]]],[[[129.8309326171875,33.473835714155776],[129.83230590820312,33.473835714155776],[129.83230590820312,33.47498122050128],[129.8309326171875,33.47498122050128],[129.8309326171875,33.473835714155776]]],[[[129.84603881835938,33.473835714155776],[129.847412109375,33.473835714155776],[129.847412109375,33.47498122050128],[129.84603881835938,33.47498122050128],[129.84603881835938,33.473835714155776]]],[[[129.84878540039062,33.473835714155776],[129.85015869140625,33.473835714155776],[129.85015869140625,33.47612671170289],[129.84878540039062,33.47612671170289],[129.84878540039062,33.473835714155776]]],[[[129.93804931640625,33.473835714155776],[129.94491577148438,33.473835714155776],[129.94491577148438,33.47498122050128],[129.93804931640625,33.47498122050128],[129.93804931640625,33.473835714155776]]],[[[129.95040893554688,33.473835714155776],[129.96002197265625,33.473835714155776],[129.96002197265625,33.47498122050128],[129.95040893554688,33.47498122050128],[129.95040893554688,33.473835714155776]]],[[[129.9847412109375,33.473835714155776],[129.98886108398438,33.473835714155776],[129.98886108398438,33.47498122050128],[129.9847412109375,33.47498122050128],[129.9847412109375,33.473835714155776]]],[[[129.99298095703125,33.473835714155776],[129.9957275390625,33.473835714155776],[129.9957275390625,33.47498122050128],[129.99298095703125,33.47498122050128],[129.99298095703125,33.473835714155776]]],[[[129.82406616210938,33.47269019266665],[129.82681274414062,33.47269019266665],[129.82681274414062,33.473835714155776],[129.82406616210938,33.473835714155776],[129.82406616210938,33.47269019266665]]],[[[129.94216918945312,33.47269019266665],[129.9462890625,33.47269019266665],[129.9462890625,33.473835714155776],[129.94216918945312,33.473835714155776],[129.94216918945312,33.47269019266665]]],[[[129.94766235351562,33.47269019266665],[129.94903564453125,33.47269019266665],[129.94903564453125,33.47498122050128],[129.94766235351562,33.47498122050128],[129.94766235351562,33.47269019266665]]],[[[129.95040893554688,33.47269019266665],[129.96139526367188,33.47269019266665],[129.96139526367188,33.473835714155776],[129.95040893554688,33.473835714155776],[129.95040893554688,33.47269019266665]]],[[[129.9847412109375,33.47269019266665],[129.9957275390625,33.47269019266665],[129.9957275390625,33.473835714155776],[129.9847412109375,33.473835714155776],[129.9847412109375,33.47269019266665]]],[[[129.79248046875,33.47154465603413],[129.79385375976562,33.47154465603413],[129.79385375976562,33.47269019266665],[129.79248046875,33.47269019266665],[129.79248046875,33.47154465603413]]],[[[129.847412109375,33.47154465603413],[129.84878540039062,33.47154465603413],[129.84878540039062,33.473835714155776],[129.847412109375,33.473835714155776],[129.847412109375,33.47154465603413]]],[[[129.94491577148438,33.47154465603413],[129.94903564453125,33.47154465603413],[129.94903564453125,33.47269019266665],[129.94491577148438,33.47269019266665],[129.94491577148438,33.47154465603413]]],[[[129.9517822265625,33.47154465603413],[129.96139526367188,33.47154465603413],[129.96139526367188,33.47269019266665],[129.9517822265625,33.47269019266665],[129.9517822265625,33.47154465603413]]],[[[129.96688842773438,33.47154465603413],[129.96963500976562,33.47154465603413],[129.96963500976562,33.47269019266665],[129.96688842773438,33.47269019266665],[129.96688842773438,33.47154465603413]]],[[[129.9847412109375,33.47154465603413],[129.990234375,33.47154465603413],[129.990234375,33.47269019266665],[129.9847412109375,33.47269019266665],[129.9847412109375,33.47154465603413]]],[[[129.99160766601562,33.47154465603413],[129.99435424804688,33.47154465603413],[129.99435424804688,33.47269019266665],[129.99160766601562,33.47269019266665],[129.99160766601562,33.47154465603413]]],[[[129.75265502929688,33.47039910425852],[129.75677490234375,33.47039910425852],[129.75677490234375,33.47154465603413],[129.75265502929688,33.47154465603413],[129.75265502929688,33.47039910425852]]],[[[129.84054565429688,33.47039910425852],[129.8419189453125,33.47039910425852],[129.8419189453125,33.47154465603413],[129.84054565429688,33.47154465603413],[129.84054565429688,33.47039910425852]]],[[[129.9517822265625,33.47039910425852],[129.95452880859375,33.47039910425852],[129.95452880859375,33.47154465603413],[129.9517822265625,33.47154465603413],[129.9517822265625,33.47039910425852]]],[[[129.95590209960938,33.47039910425852],[129.96002197265625,33.47039910425852],[129.96002197265625,33.47154465603413],[129.95590209960938,33.47154465603413],[129.95590209960938,33.47039910425852]]],[[[129.96551513671875,33.47039910425852],[129.96826171875,33.47039910425852],[129.96826171875,33.47154465603413],[129.96551513671875,33.47154465603413],[129.96551513671875,33.47039910425852]]],[[[130.0396728515625,33.47039910425852],[130.04104614257812,33.47039910425852],[130.04104614257812,33.47269019266665],[130.0396728515625,33.47269019266665],[130.0396728515625,33.47039910425852]]],[[[129.83917236328125,33.46925353734003],[129.8419189453125,33.46925353734003],[129.8419189453125,33.47039910425852],[129.83917236328125,33.47039910425852],[129.83917236328125,33.46925353734003]]],[[[129.8529052734375,33.46925353734003],[129.85427856445312,33.46925353734003],[129.85427856445312,33.47039910425852],[129.8529052734375,33.47039910425852],[129.8529052734375,33.46925353734003]]],[[[129.95315551757812,33.46925353734003],[129.95864868164062,33.46925353734003],[129.95864868164062,33.47039910425852],[129.95315551757812,33.47039910425852],[129.95315551757812,33.46925353734003]]],[[[129.96002197265625,33.46925353734003],[129.96139526367188,33.46925353734003],[129.96139526367188,33.47039910425852],[129.96002197265625,33.47039910425852],[129.96002197265625,33.46925353734003]]],[[[129.9627685546875,33.46925353734003],[129.96826171875,33.46925353734003],[129.96826171875,33.47039910425852],[129.9627685546875,33.47039910425852],[129.9627685546875,33.46925353734003]]],[[[130.03829956054688,33.46925353734003],[130.0396728515625,33.46925353734003],[130.0396728515625,33.47039910425852],[130.03829956054688,33.47039910425852],[130.03829956054688,33.46925353734003]]],[[[129.74990844726562,33.46810795527896],[129.75128173828125,33.46810795527896],[129.75128173828125,33.46925353734003],[129.74990844726562,33.46925353734003],[129.74990844726562,33.46810795527896]]],[[[129.82681274414062,33.46810795527896],[129.82818603515625,33.46810795527896],[129.82818603515625,33.46925353734003],[129.82681274414062,33.46925353734003],[129.82681274414062,33.46810795527896]]],[[[129.847412109375,33.46810795527896],[129.84878540039062,33.46810795527896],[129.84878540039062,33.46925353734003],[129.847412109375,33.46925353734003],[129.847412109375,33.46810795527896]]],[[[129.85153198242188,33.46810795527896],[129.8583984375,33.46810795527896],[129.8583984375,33.46925353734003],[129.85153198242188,33.46925353734003],[129.85153198242188,33.46810795527896]]],[[[129.95452880859375,33.46810795527896],[129.957275390625,33.46810795527896],[129.957275390625,33.46925353734003],[129.95452880859375,33.46925353734003],[129.95452880859375,33.46810795527896]]],[[[129.82955932617188,33.466962358075534],[129.8309326171875,33.466962358075534],[129.8309326171875,33.46810795527896],[129.82955932617188,33.46810795527896],[129.82955932617188,33.466962358075534]]],[[[129.85153198242188,33.466962358075534],[129.85427856445312,33.466962358075534],[129.85427856445312,33.46810795527896],[129.85153198242188,33.46810795527896],[129.85153198242188,33.466962358075534]]],[[[129.85702514648438,33.466962358075534],[129.8583984375,33.466962358075534],[129.8583984375,33.46810795527896],[129.85702514648438,33.46810795527896],[129.85702514648438,33.466962358075534]]],[[[129.95452880859375,33.466962358075534],[129.95590209960938,33.466962358075534],[129.95590209960938,33.46810795527896],[129.95452880859375,33.46810795527896],[129.95452880859375,33.466962358075534]]],[[[129.97650146484375,33.466962358075534],[129.979248046875,33.466962358075534],[129.979248046875,33.46810795527896],[129.97650146484375,33.46810795527896],[129.97650146484375,33.466962358075534]]],[[[130.03692626953125,33.466962358075534],[130.03829956054688,33.466962358075534],[130.03829956054688,33.46810795527896],[130.03692626953125,33.46810795527896],[130.03692626953125,33.466962358075534]]],[[[129.76226806640625,33.465816745730024],[129.76364135742188,33.465816745730024],[129.76364135742188,33.466962358075534],[129.76226806640625,33.466962358075534],[129.76226806640625,33.465816745730024]]],[[[129.83230590820312,33.465816745730024],[129.83367919921875,33.465816745730024],[129.83367919921875,33.466962358075534],[129.83230590820312,33.466962358075534],[129.83230590820312,33.465816745730024]]],[[[129.8529052734375,33.465816745730024],[129.85565185546875,33.465816745730024],[129.85565185546875,33.466962358075534],[129.8529052734375,33.466962358075534],[129.8529052734375,33.465816745730024]]],[[[129.95864868164062,33.465816745730024],[129.9627685546875,33.465816745730024],[129.9627685546875,33.46925353734003],[129.95864868164062,33.46925353734003],[129.95864868164062,33.465816745730024]]],[[[129.74990844726562,33.46467111824269],[129.75128173828125,33.46467111824269],[129.75128173828125,33.465816745730024],[129.74990844726562,33.465816745730024],[129.74990844726562,33.46467111824269]]],[[[129.76364135742188,33.46467111824269],[129.7650146484375,33.46467111824269],[129.7650146484375,33.465816745730024],[129.76364135742188,33.465816745730024],[129.76364135742188,33.46467111824269]]],[[[129.79248046875,33.46467111824269],[129.79385375976562,33.46467111824269],[129.79385375976562,33.466962358075534],[129.79248046875,33.466962358075534],[129.79248046875,33.46467111824269]]],[[[129.83367919921875,33.46467111824269],[129.83505249023438,33.46467111824269],[129.83505249023438,33.465816745730024],[129.83367919921875,33.465816745730024],[129.83367919921875,33.46467111824269]]],[[[129.85565185546875,33.46467111824269],[129.85702514648438,33.46467111824269],[129.85702514648438,33.465816745730024],[129.85565185546875,33.465816745730024],[129.85565185546875,33.46467111824269]]],[[[129.957275390625,33.46467111824269],[129.96414184570312,33.46467111824269],[129.96414184570312,33.465816745730024],[129.957275390625,33.465816745730024],[129.957275390625,33.46467111824269]]],[[[129.74853515625,33.46352547561378],[129.74990844726562,33.46352547561378],[129.74990844726562,33.46467111824269],[129.74853515625,33.46467111824269],[129.74853515625,33.46352547561378]]],[[[129.83779907226562,33.46352547561378],[129.83917236328125,33.46352547561378],[129.83917236328125,33.46467111824269],[129.83779907226562,33.46467111824269],[129.83779907226562,33.46352547561378]]],[[[129.957275390625,33.46352547561378],[129.96551513671875,33.46352547561378],[129.96551513671875,33.46467111824269],[129.957275390625,33.46467111824269],[129.957275390625,33.46352547561378]]],[[[129.97650146484375,33.46352547561378],[129.97787475585938,33.46352547561378],[129.97787475585938,33.46467111824269],[129.97650146484375,33.46467111824269],[129.97650146484375,33.46352547561378]]],[[[129.74716186523438,33.46237981784356],[129.74853515625,33.46237981784356],[129.74853515625,33.46352547561378],[129.74716186523438,33.46352547561378],[129.74716186523438,33.46237981784356]]],[[[129.74990844726562,33.46237981784356],[129.75128173828125,33.46237981784356],[129.75128173828125,33.46352547561378],[129.74990844726562,33.46352547561378],[129.74990844726562,33.46237981784356]]],[[[129.79934692382812,33.46237981784356],[129.80072021484375,33.46237981784356],[129.80072021484375,33.46352547561378],[129.79934692382812,33.46352547561378],[129.79934692382812,33.46237981784356]]],[[[129.85565185546875,33.46237981784356],[129.8583984375,33.46237981784356],[129.8583984375,33.46352547561378],[129.85565185546875,33.46352547561378],[129.85565185546875,33.46237981784356]]],[[[129.95864868164062,33.46237981784356],[129.96688842773438,33.46237981784356],[129.96688842773438,33.46352547561378],[129.95864868164062,33.46352547561378],[129.95864868164062,33.46237981784356]]],[[[129.7430419921875,33.4612341449323],[129.74441528320312,33.4612341449323],[129.74441528320312,33.46352547561378],[129.7430419921875,33.46352547561378],[129.7430419921875,33.4612341449323]]],[[[129.74578857421875,33.4612341449323],[129.74853515625,33.4612341449323],[129.74853515625,33.46237981784356],[129.74578857421875,33.46237981784356],[129.74578857421875,33.4612341449323]]],[[[129.75128173828125,33.4612341449323],[129.75265502929688,33.4612341449323],[129.75265502929688,33.46237981784356],[129.75128173828125,33.46237981784356],[129.75128173828125,33.4612341449323]]],[[[129.76913452148438,33.4612341449323],[129.77188110351562,33.4612341449323],[129.77188110351562,33.46237981784356],[129.76913452148438,33.46237981784356],[129.76913452148438,33.4612341449323]]],[[[129.83917236328125,33.4612341449323],[129.84054565429688,33.4612341449323],[129.84054565429688,33.46237981784356],[129.83917236328125,33.46237981784356],[129.83917236328125,33.4612341449323]]],[[[129.95864868164062,33.4612341449323],[129.96826171875,33.4612341449323],[129.96826171875,33.46237981784356],[129.95864868164062,33.46237981784356],[129.95864868164062,33.4612341449323]]],[[[130.03555297851562,33.4612341449323],[130.03692626953125,33.4612341449323],[130.03692626953125,33.46467111824269],[130.03555297851562,33.46467111824269],[130.03555297851562,33.4612341449323]]],[[[129.74990844726562,33.460088456880236],[129.75128173828125,33.460088456880236],[129.75128173828125,33.4612341449323],[129.74990844726562,33.4612341449323],[129.74990844726562,33.460088456880236]]],[[[129.85427856445312,33.460088456880236],[129.85702514648438,33.460088456880236],[129.85702514648438,33.4612341449323],[129.85427856445312,33.4612341449323],[129.85427856445312,33.460088456880236]]],[[[129.95864868164062,33.460088456880236],[129.96963500976562,33.460088456880236],[129.96963500976562,33.4612341449323],[129.95864868164062,33.4612341449323],[129.95864868164062,33.460088456880236]]],[[[130.03555297851562,33.460088456880236],[130.03829956054688,33.460088456880236],[130.03829956054688,33.4612341449323],[130.03555297851562,33.4612341449323],[130.03555297851562,33.460088456880236]]],[[[129.7705078125,33.45894275368763],[129.77188110351562,33.45894275368763],[129.77188110351562,33.460088456880236],[129.7705078125,33.460088456880236],[129.7705078125,33.45894275368763]]],[[[129.78973388671875,33.45894275368763],[129.79110717773438,33.45894275368763],[129.79110717773438,33.460088456880236],[129.78973388671875,33.460088456880236],[129.78973388671875,33.45894275368763]]],[[[129.85565185546875,33.45894275368763],[129.85702514648438,33.45894275368763],[129.85702514648438,33.460088456880236],[129.85565185546875,33.460088456880236],[129.85565185546875,33.45894275368763]]],[[[129.95864868164062,33.45894275368763],[129.96414184570312,33.45894275368763],[129.96414184570312,33.460088456880236],[129.95864868164062,33.460088456880236],[129.95864868164062,33.45894275368763]]],[[[130.03692626953125,33.45894275368763],[130.03829956054688,33.45894275368763],[130.03829956054688,33.460088456880236],[130.03692626953125,33.460088456880236],[130.03692626953125,33.45894275368763]]],[[[129.7430419921875,33.45779703535475],[129.74441528320312,33.45779703535475],[129.74441528320312,33.45894275368763],[129.7430419921875,33.45894275368763],[129.7430419921875,33.45779703535475]]],[[[129.75128173828125,33.45779703535475],[129.75265502929688,33.45779703535475],[129.75265502929688,33.45894275368763],[129.75128173828125,33.45894275368763],[129.75128173828125,33.45779703535475]]],[[[129.79522705078125,33.45779703535475],[129.7979736328125,33.45779703535475],[129.7979736328125,33.45894275368763],[129.79522705078125,33.45894275368763],[129.79522705078125,33.45779703535475]]],[[[129.96139526367188,33.45779703535475],[129.96551513671875,33.45779703535475],[129.96551513671875,33.45894275368763],[129.96139526367188,33.45894275368763],[129.96139526367188,33.45779703535475]]],[[[130.03692626953125,33.45779703535475],[130.0396728515625,33.45779703535475],[130.0396728515625,33.45894275368763],[130.03692626953125,33.45894275368763],[130.03692626953125,33.45779703535475]]],[[[129.72793579101562,33.45665130188184],[129.73068237304688,33.45665130188184],[129.73068237304688,33.45779703535475],[129.72793579101562,33.45779703535475],[129.72793579101562,33.45665130188184]]],[[[129.73617553710938,33.45665130188184],[129.737548828125,33.45665130188184],[129.737548828125,33.45779703535475],[129.73617553710938,33.45779703535475],[129.73617553710938,33.45665130188184]]],[[[129.7430419921875,33.45665130188184],[129.74716186523438,33.45665130188184],[129.74716186523438,33.45779703535475],[129.7430419921875,33.45779703535475],[129.7430419921875,33.45665130188184]]],[[[129.76913452148438,33.45665130188184],[129.7705078125,33.45665130188184],[129.7705078125,33.45779703535475],[129.76913452148438,33.45779703535475],[129.76913452148438,33.45665130188184]]],[[[129.83779907226562,33.45665130188184],[129.83917236328125,33.45665130188184],[129.83917236328125,33.45779703535475],[129.83779907226562,33.45779703535475],[129.83779907226562,33.45665130188184]]],[[[129.84878540039062,33.45665130188184],[129.85015869140625,33.45665130188184],[129.85015869140625,33.45779703535475],[129.84878540039062,33.45779703535475],[129.84878540039062,33.45665130188184]]],[[[129.9627685546875,33.45665130188184],[129.96688842773438,33.45665130188184],[129.96688842773438,33.45779703535475],[129.9627685546875,33.45779703535475],[129.9627685546875,33.45665130188184]]],[[[129.72793579101562,33.45550555326918],[129.72930908203125,33.45550555326918],[129.72930908203125,33.45665130188184],[129.72793579101562,33.45665130188184],[129.72793579101562,33.45550555326918]]],[[[129.74166870117188,33.45550555326918],[129.74990844726562,33.45550555326918],[129.74990844726562,33.45665130188184],[129.74166870117188,33.45665130188184],[129.74166870117188,33.45550555326918]]],[[[129.75814819335938,33.45550555326918],[129.759521484375,33.45550555326918],[129.759521484375,33.45665130188184],[129.75814819335938,33.45665130188184],[129.75814819335938,33.45550555326918]]],[[[129.77188110351562,33.45550555326918],[129.77325439453125,33.45550555326918],[129.77325439453125,33.45665130188184],[129.77188110351562,33.45665130188184],[129.77188110351562,33.45550555326918]]],[[[129.79934692382812,33.45550555326918],[129.80072021484375,33.45550555326918],[129.80072021484375,33.45665130188184],[129.79934692382812,33.45665130188184],[129.79934692382812,33.45550555326918]]],[[[129.803466796875,33.45550555326918],[129.80484008789062,33.45550555326918],[129.80484008789062,33.45665130188184],[129.803466796875,33.45665130188184],[129.803466796875,33.45550555326918]]],[[[129.83642578125,33.45550555326918],[129.83779907226562,33.45550555326918],[129.83779907226562,33.45665130188184],[129.83642578125,33.45665130188184],[129.83642578125,33.45550555326918]]],[[[129.84329223632812,33.45550555326918],[129.84603881835938,33.45550555326918],[129.84603881835938,33.45665130188184],[129.84329223632812,33.45665130188184],[129.84329223632812,33.45550555326918]]],[[[129.96414184570312,33.45550555326918],[129.96963500976562,33.45550555326918],[129.96963500976562,33.45665130188184],[129.96414184570312,33.45665130188184],[129.96414184570312,33.45550555326918]]],[[[129.97238159179688,33.45550555326918],[129.97650146484375,33.45550555326918],[129.97650146484375,33.45665130188184],[129.97238159179688,33.45665130188184],[129.97238159179688,33.45550555326918]]],[[[129.7265625,33.45435978951701],[129.72793579101562,33.45435978951701],[129.72793579101562,33.45550555326918],[129.7265625,33.45550555326918],[129.7265625,33.45435978951701]]],[[[129.74578857421875,33.45435978951701],[129.74990844726562,33.45435978951701],[129.74990844726562,33.45550555326918],[129.74578857421875,33.45550555326918],[129.74578857421875,33.45435978951701]]],[[[129.75677490234375,33.45435978951701],[129.759521484375,33.45435978951701],[129.759521484375,33.45550555326918],[129.75677490234375,33.45550555326918],[129.75677490234375,33.45435978951701]]],[[[129.77325439453125,33.45435978951701],[129.77462768554688,33.45435978951701],[129.77462768554688,33.45550555326918],[129.77325439453125,33.45550555326918],[129.77325439453125,33.45435978951701]]],[[[129.847412109375,33.45435978951701],[129.85015869140625,33.45435978951701],[129.85015869140625,33.45550555326918],[129.847412109375,33.45550555326918],[129.847412109375,33.45435978951701]]],[[[129.96688842773438,33.45435978951701],[129.97787475585938,33.45435978951701],[129.97787475585938,33.45550555326918],[129.96688842773438,33.45550555326918],[129.96688842773438,33.45435978951701]]],[[[129.98062133789062,33.45435978951701],[129.98199462890625,33.45435978951701],[129.98199462890625,33.45550555326918],[129.98062133789062,33.45550555326918],[129.98062133789062,33.45435978951701]]],[[[130.0396728515625,33.45435978951701],[130.04104614257812,33.45435978951701],[130.04104614257812,33.45779703535475],[130.0396728515625,33.45779703535475],[130.0396728515625,33.45435978951701]]],[[[129.74441528320312,33.453214010625594],[129.74716186523438,33.453214010625594],[129.74716186523438,33.45435978951701],[129.74441528320312,33.45435978951701],[129.74441528320312,33.453214010625594]]],[[[129.75540161132812,33.453214010625594],[129.75814819335938,33.453214010625594],[129.75814819335938,33.45435978951701],[129.75540161132812,33.45435978951701],[129.75540161132812,33.453214010625594]]],[[[129.80209350585938,33.453214010625594],[129.803466796875,33.453214010625594],[129.803466796875,33.45550555326918],[129.80209350585938,33.45550555326918],[129.80209350585938,33.453214010625594]]],[[[129.8419189453125,33.453214010625594],[129.84329223632812,33.453214010625594],[129.84329223632812,33.45550555326918],[129.8419189453125,33.45550555326918],[129.8419189453125,33.453214010625594]]],[[[129.96963500976562,33.453214010625594],[129.97512817382812,33.453214010625594],[129.97512817382812,33.45435978951701],[129.96963500976562,33.45435978951701],[129.96963500976562,33.453214010625594]]],[[[130.03829956054688,33.453214010625594],[130.04104614257812,33.453214010625594],[130.04104614257812,33.45435978951701],[130.03829956054688,33.45435978951701],[130.03829956054688,33.453214010625594]]],[[[129.74166870117188,33.45206821659519],[129.7430419921875,33.45206821659519],[129.7430419921875,33.45550555326918],[129.74166870117188,33.45550555326918],[129.74166870117188,33.45206821659519]]],[[[129.7540283203125,33.45206821659519],[129.75540161132812,33.45206821659519],[129.75540161132812,33.453214010625594],[129.7540283203125,33.453214010625594],[129.7540283203125,33.45206821659519]]],[[[129.83505249023438,33.45206821659519],[129.83642578125,33.45206821659519],[129.83642578125,33.453214010625594],[129.83505249023438,33.453214010625594],[129.83505249023438,33.45206821659519]]],[[[129.97100830078125,33.45206821659519],[129.9737548828125,33.45206821659519],[129.9737548828125,33.453214010625594],[129.97100830078125,33.453214010625594],[129.97100830078125,33.45206821659519]]],[[[129.98062133789062,33.45206821659519],[129.9847412109375,33.45206821659519],[129.9847412109375,33.453214010625594],[129.98062133789062,33.453214010625594],[129.98062133789062,33.45206821659519]]],[[[130.03692626953125,33.45206821659519],[130.04241943359375,33.45206821659519],[130.04241943359375,33.453214010625594],[130.03692626953125,33.453214010625594],[130.03692626953125,33.45206821659519]]],[[[129.7705078125,33.450922407426056],[129.77462768554688,33.450922407426056],[129.77462768554688,33.45206821659519],[129.7705078125,33.45206821659519],[129.7705078125,33.450922407426056]]],[[[129.96963500976562,33.450922407426056],[129.9737548828125,33.450922407426056],[129.9737548828125,33.45206821659519],[129.96963500976562,33.45206821659519],[129.96963500976562,33.450922407426056]]],[[[129.98199462890625,33.450922407426056],[129.98748779296875,33.450922407426056],[129.98748779296875,33.45206821659519],[129.98199462890625,33.45206821659519],[129.98199462890625,33.450922407426056]]],[[[130.03555297851562,33.450922407426056],[130.03829956054688,33.450922407426056],[130.03829956054688,33.45206821659519],[130.03555297851562,33.45206821659519],[130.03555297851562,33.450922407426056]]],[[[130.0396728515625,33.450922407426056],[130.04241943359375,33.450922407426056],[130.04241943359375,33.45206821659519],[130.0396728515625,33.45206821659519],[130.0396728515625,33.450922407426056]]],[[[129.7265625,33.44977658311844],[129.72793579101562,33.44977658311844],[129.72793579101562,33.450922407426056],[129.7265625,33.450922407426056],[129.7265625,33.44977658311844]]],[[[129.74853515625,33.44977658311844],[129.74990844726562,33.44977658311844],[129.74990844726562,33.450922407426056],[129.74853515625,33.450922407426056],[129.74853515625,33.44977658311844]]],[[[129.75128173828125,33.44977658311844],[129.75265502929688,33.44977658311844],[129.75265502929688,33.453214010625594],[129.75128173828125,33.453214010625594],[129.75128173828125,33.44977658311844]]],[[[129.83505249023438,33.44977658311844],[129.83779907226562,33.44977658311844],[129.83779907226562,33.450922407426056],[129.83505249023438,33.450922407426056],[129.83505249023438,33.44977658311844]]],[[[129.847412109375,33.44977658311844],[129.84878540039062,33.44977658311844],[129.84878540039062,33.45206821659519],[129.847412109375,33.45206821659519],[129.847412109375,33.44977658311844]]],[[[129.97238159179688,33.44977658311844],[129.9737548828125,33.44977658311844],[129.9737548828125,33.450922407426056],[129.97238159179688,33.450922407426056],[129.97238159179688,33.44977658311844]]],[[[129.98611450195312,33.44977658311844],[129.98886108398438,33.44977658311844],[129.98886108398438,33.450922407426056],[129.98611450195312,33.450922407426056],[129.98611450195312,33.44977658311844]]],[[[130.03280639648438,33.44977658311844],[130.03555297851562,33.44977658311844],[130.03555297851562,33.450922407426056],[130.03280639648438,33.450922407426056],[130.03280639648438,33.44977658311844]]],[[[130.04104614257812,33.44977658311844],[130.04241943359375,33.44977658311844],[130.04241943359375,33.450922407426056],[130.04104614257812,33.450922407426056],[130.04104614257812,33.44977658311844]]],[[[129.78836059570312,33.44863074367262],[129.79110717773438,33.44863074367262],[129.79110717773438,33.44977658311844],[129.78836059570312,33.44977658311844],[129.78836059570312,33.44863074367262]]],[[[129.85015869140625,33.44863074367262],[129.85153198242188,33.44863074367262],[129.85153198242188,33.44977658311844],[129.85015869140625,33.44977658311844],[129.85015869140625,33.44863074367262]]],[[[129.98748779296875,33.44863074367262],[129.99160766601562,33.44863074367262],[129.99160766601562,33.44977658311844],[129.98748779296875,33.44977658311844],[129.98748779296875,33.44863074367262]]],[[[130.03005981445312,33.44863074367262],[130.0341796875,33.44863074367262],[130.0341796875,33.44977658311844],[130.03005981445312,33.44977658311844],[130.03005981445312,33.44863074367262]]],[[[129.76913452148438,33.44748488908884],[129.7705078125,33.44748488908884],[129.7705078125,33.44863074367262],[129.76913452148438,33.44863074367262],[129.76913452148438,33.44748488908884]]],[[[129.78424072265625,33.44748488908884],[129.78836059570312,33.44748488908884],[129.78836059570312,33.44863074367262],[129.78424072265625,33.44863074367262],[129.78424072265625,33.44748488908884]]],[[[129.83505249023438,33.44748488908884],[129.83642578125,33.44748488908884],[129.83642578125,33.44977658311844],[129.83505249023438,33.44977658311844],[129.83505249023438,33.44748488908884]]],[[[129.85153198242188,33.44748488908884],[129.8529052734375,33.44748488908884],[129.8529052734375,33.44863074367262],[129.85153198242188,33.44863074367262],[129.85153198242188,33.44748488908884]]],[[[129.98748779296875,33.44748488908884],[129.99435424804688,33.44748488908884],[129.99435424804688,33.44863074367262],[129.98748779296875,33.44863074367262],[129.98748779296875,33.44748488908884]]],[[[130.02731323242188,33.44748488908884],[130.03005981445312,33.44748488908884],[130.03005981445312,33.44863074367262],[130.02731323242188,33.44863074367262],[130.02731323242188,33.44748488908884]]],[[[129.78836059570312,33.446339019367365],[129.78973388671875,33.446339019367365],[129.78973388671875,33.44748488908884],[129.78836059570312,33.44748488908884],[129.78836059570312,33.446339019367365]]],[[[129.84329223632812,33.446339019367365],[129.84466552734375,33.446339019367365],[129.84466552734375,33.44748488908884],[129.84329223632812,33.44748488908884],[129.84329223632812,33.446339019367365]]],[[[129.99160766601562,33.446339019367365],[130.001220703125,33.446339019367365],[130.001220703125,33.44748488908884],[129.99160766601562,33.44748488908884],[129.99160766601562,33.446339019367365]]],[[[130.02044677734375,33.446339019367365],[130.03005981445312,33.446339019367365],[130.03005981445312,33.44748488908884],[130.02044677734375,33.44748488908884],[130.02044677734375,33.446339019367365]]],[[[129.7705078125,33.44519313450845],[129.77188110351562,33.44519313450845],[129.77188110351562,33.44748488908884],[129.7705078125,33.44748488908884],[129.7705078125,33.44519313450845]]],[[[129.84603881835938,33.44519313450845],[129.84878540039062,33.44519313450845],[129.84878540039062,33.446339019367365],[129.84603881835938,33.446339019367365],[129.84603881835938,33.44519313450845]]],[[[129.99710083007812,33.44519313450845],[129.99847412109375,33.44519313450845],[129.99847412109375,33.446339019367365],[129.99710083007812,33.446339019367365],[129.99710083007812,33.44519313450845]]],[[[130.0067138671875,33.44519313450845],[130.02593994140625,33.44519313450845],[130.02593994140625,33.446339019367365],[130.0067138671875,33.446339019367365],[130.0067138671875,33.44519313450845]]],[[[129.76913452148438,33.444047234512354],[129.7705078125,33.444047234512354],[129.7705078125,33.44519313450845],[129.76913452148438,33.44519313450845],[129.76913452148438,33.444047234512354]]],[[[129.84466552734375,33.444047234512354],[129.84603881835938,33.444047234512354],[129.84603881835938,33.44519313450845],[129.84466552734375,33.44519313450845],[129.84466552734375,33.444047234512354]]],[[[129.7430419921875,33.44290131937933],[129.74441528320312,33.44290131937933],[129.74441528320312,33.444047234512354],[129.7430419921875,33.444047234512354],[129.7430419921875,33.44290131937933]]],[[[129.74716186523438,33.44290131937933],[129.74990844726562,33.44290131937933],[129.74990844726562,33.444047234512354],[129.74716186523438,33.444047234512354],[129.74716186523438,33.44290131937933]]],[[[129.76913452148438,33.44290131937933],[129.77188110351562,33.44290131937933],[129.77188110351562,33.444047234512354],[129.76913452148438,33.444047234512354],[129.76913452148438,33.44290131937933]]],[[[129.77188110351562,33.44175538910966],[129.77462768554688,33.44175538910966],[129.77462768554688,33.44290131937933],[129.77188110351562,33.44290131937933],[129.77188110351562,33.44175538910966]]],[[[129.78836059570312,33.44175538910966],[129.79110717773438,33.44175538910966],[129.79110717773438,33.44290131937933],[129.78836059570312,33.44290131937933],[129.78836059570312,33.44175538910966]]],[[[129.7430419921875,33.44060944370357],[129.74441528320312,33.44060944370357],[129.74441528320312,33.44175538910966],[129.7430419921875,33.44175538910966],[129.7430419921875,33.44060944370357]]],[[[129.77462768554688,33.44060944370357],[129.7760009765625,33.44060944370357],[129.7760009765625,33.44175538910966],[129.77462768554688,33.44175538910966],[129.77462768554688,33.44060944370357]]],[[[129.74166870117188,33.439463483161326],[129.7430419921875,33.439463483161326],[129.7430419921875,33.44060944370357],[129.74166870117188,33.44060944370357],[129.74166870117188,33.439463483161326]]],[[[129.80072021484375,33.439463483161326],[129.80209350585938,33.439463483161326],[129.80209350585938,33.44060944370357],[129.80072021484375,33.44060944370357],[129.80072021484375,33.439463483161326]]],[[[129.77462768554688,33.43831750748321],[129.7760009765625,33.43831750748321],[129.7760009765625,33.439463483161326],[129.77462768554688,33.439463483161326],[129.77462768554688,33.43831750748321]]],[[[129.80072021484375,33.436025510720334],[129.80209350585938,33.436025510720334],[129.80209350585938,33.43717151666946],[129.80072021484375,33.43717151666946],[129.80072021484375,33.436025510720334]]],[[[129.73892211914062,33.4348794896361],[129.74029541015625,33.4348794896361],[129.74029541015625,33.436025510720334],[129.73892211914062,33.436025510720334],[129.73892211914062,33.4348794896361]]],[[[129.80209350585938,33.4348794896361],[129.803466796875,33.4348794896361],[129.803466796875,33.436025510720334],[129.80209350585938,33.436025510720334],[129.80209350585938,33.4348794896361]]],[[[129.81033325195312,33.4348794896361],[129.81170654296875,33.4348794896361],[129.81170654296875,33.436025510720334],[129.81033325195312,33.436025510720334],[129.81033325195312,33.4348794896361]]],[[[129.78561401367188,33.43373345341701],[129.7869873046875,33.43373345341701],[129.7869873046875,33.4348794896361],[129.78561401367188,33.4348794896361],[129.78561401367188,33.43373345341701]]],[[[129.80758666992188,33.43373345341701],[129.81170654296875,33.43373345341701],[129.81170654296875,33.4348794896361],[129.80758666992188,33.4348794896361],[129.80758666992188,33.43373345341701]]],[[[129.7869873046875,33.43258740206332],[129.78973388671875,33.43258740206332],[129.78973388671875,33.43373345341701],[129.7869873046875,33.43373345341701],[129.7869873046875,33.43258740206332]]],[[[129.81033325195312,33.43258740206332],[129.81170654296875,33.43258740206332],[129.81170654296875,33.43373345341701],[129.81033325195312,33.43373345341701],[129.81033325195312,33.43258740206332]]],[[[129.81170654296875,33.43144133557529],[129.814453125,33.43144133557529],[129.814453125,33.43258740206332],[129.81170654296875,33.43258740206332],[129.81170654296875,33.43144133557529]]],[[[129.74166870117188,33.4302952539532],[129.7430419921875,33.4302952539532],[129.7430419921875,33.43258740206332],[129.74166870117188,33.43258740206332],[129.74166870117188,33.4302952539532]]],[[[129.81307983398438,33.4302952539532],[129.814453125,33.4302952539532],[129.814453125,33.43144133557529],[129.81307983398438,33.43144133557529],[129.81307983398438,33.4302952539532]]],[[[129.73480224609375,33.4280030453078],[129.737548828125,33.4280030453078],[129.737548828125,33.429149157197266],[129.73480224609375,33.429149157197266],[129.73480224609375,33.4280030453078]]],[[[129.74029541015625,33.4280030453078],[129.74166870117188,33.4280030453078],[129.74166870117188,33.429149157197266],[129.74029541015625,33.429149157197266],[129.74029541015625,33.4280030453078]]],[[[129.7705078125,33.4280030453078],[129.77188110351562,33.4280030453078],[129.77188110351562,33.429149157197266],[129.7705078125,33.429149157197266],[129.7705078125,33.4280030453078]]],[[[129.7320556640625,33.426856918285004],[129.73342895507812,33.426856918285004],[129.73342895507812,33.4280030453078],[129.7320556640625,33.4280030453078],[129.7320556640625,33.426856918285004]]],[[[129.81033325195312,33.426856918285004],[129.81170654296875,33.426856918285004],[129.81170654296875,33.429149157197266],[129.81033325195312,33.429149157197266],[129.81033325195312,33.426856918285004]]],[[[129.73068237304688,33.42571077612918],[129.7320556640625,33.42571077612918],[129.7320556640625,33.426856918285004],[129.73068237304688,33.426856918285004],[129.73068237304688,33.42571077612918]]],[[[129.78012084960938,33.42571077612918],[129.78286743164062,33.42571077612918],[129.78286743164062,33.426856918285004],[129.78012084960938,33.426856918285004],[129.78012084960938,33.42571077612918]]],[[[129.78424072265625,33.42571077612918],[129.7869873046875,33.42571077612918],[129.7869873046875,33.426856918285004],[129.78424072265625,33.426856918285004],[129.78424072265625,33.42571077612918]]],[[[129.81719970703125,33.42571077612918],[129.8199462890625,33.42571077612918],[129.8199462890625,33.426856918285004],[129.81719970703125,33.426856918285004],[129.81719970703125,33.42571077612918]]],[[[129.7869873046875,33.42456461884057],[129.78836059570312,33.42456461884057],[129.78836059570312,33.42571077612918],[129.7869873046875,33.42571077612918],[129.7869873046875,33.42456461884057]]],[[[129.78973388671875,33.42456461884057],[129.79110717773438,33.42456461884057],[129.79110717773438,33.42571077612918],[129.78973388671875,33.42571077612918],[129.78973388671875,33.42456461884057]]],[[[129.8089599609375,33.42456461884057],[129.81033325195312,33.42456461884057],[129.81033325195312,33.42571077612918],[129.8089599609375,33.42571077612918],[129.8089599609375,33.42456461884057]]],[[[129.72930908203125,33.423418446419426],[129.73068237304688,33.423418446419426],[129.73068237304688,33.42456461884057],[129.72930908203125,33.42456461884057],[129.72930908203125,33.423418446419426]]],[[[129.75677490234375,33.423418446419426],[129.75814819335938,33.423418446419426],[129.75814819335938,33.426856918285004],[129.75677490234375,33.426856918285004],[129.75677490234375,33.423418446419426]]],[[[129.81857299804688,33.423418446419426],[129.82131958007812,33.423418446419426],[129.82131958007812,33.42456461884057],[129.81857299804688,33.42456461884057],[129.81857299804688,33.423418446419426]]],[[[129.82406616210938,33.423418446419426],[129.825439453125,33.423418446419426],[129.825439453125,33.42456461884057],[129.82406616210938,33.42456461884057],[129.82406616210938,33.423418446419426]]],[[[129.75814819335938,33.42227225886603],[129.759521484375,33.42227225886603],[129.759521484375,33.423418446419426],[129.75814819335938,33.423418446419426],[129.75814819335938,33.42227225886603]]],[[[129.8199462890625,33.42227225886603],[129.825439453125,33.42227225886603],[129.825439453125,33.423418446419426],[129.8199462890625,33.423418446419426],[129.8199462890625,33.42227225886603]]],[[[129.825439453125,33.42112605618062],[129.82681274414062,33.42112605618062],[129.82681274414062,33.42227225886603],[129.825439453125,33.42227225886603],[129.825439453125,33.42112605618062]]],[[[129.75814819335938,33.41997983836346],[129.759521484375,33.41997983836346],[129.759521484375,33.42112605618062],[129.75814819335938,33.42112605618062],[129.75814819335938,33.41997983836346]]],[[[129.825439453125,33.41997983836346],[129.82955932617188,33.41997983836346],[129.82955932617188,33.42112605618062],[129.825439453125,33.42112605618062],[129.825439453125,33.41997983836346]]],[[[129.74716186523438,33.417687357334934],[129.74853515625,33.417687357334934],[129.74853515625,33.41997983836346],[129.74716186523438,33.41997983836346],[129.74716186523438,33.417687357334934]]],[[[129.75265502929688,33.41654109412408],[129.7540283203125,33.41654109412408],[129.7540283203125,33.417687357334934],[129.75265502929688,33.417687357334934],[129.75265502929688,33.41654109412408]]],[[[129.82131958007812,33.41654109412408],[129.82269287109375,33.41654109412408],[129.82269287109375,33.417687357334934],[129.82131958007812,33.417687357334934],[129.82131958007812,33.41654109412408]]],[[[129.7540283203125,33.41539481578251],[129.75540161132812,33.41539481578251],[129.75540161132812,33.41654109412408],[129.7540283203125,33.41654109412408],[129.7540283203125,33.41539481578251]]],[[[129.75814819335938,33.41539481578251],[129.759521484375,33.41539481578251],[129.759521484375,33.41654109412408],[129.75814819335938,33.41654109412408],[129.75814819335938,33.41539481578251]]],[[[129.75128173828125,33.4142485223105],[129.75265502929688,33.4142485223105],[129.75265502929688,33.41654109412408],[129.75128173828125,33.41654109412408],[129.75128173828125,33.4142485223105]]],[[[129.79522705078125,33.413102213708285],[129.79660034179688,33.413102213708285],[129.79660034179688,33.41539481578251],[129.79522705078125,33.41539481578251],[129.79522705078125,33.413102213708285]]],[[[129.7979736328125,33.413102213708285],[129.79934692382812,33.413102213708285],[129.79934692382812,33.4142485223105],[129.7979736328125,33.4142485223105],[129.7979736328125,33.413102213708285]]],[[[129.82131958007812,33.413102213708285],[129.82269287109375,33.413102213708285],[129.82269287109375,33.4142485223105],[129.82131958007812,33.4142485223105],[129.82131958007812,33.413102213708285]]],[[[129.83230590820312,33.413102213708285],[129.83367919921875,33.413102213708285],[129.83367919921875,33.4142485223105],[129.83230590820312,33.4142485223105],[129.83230590820312,33.413102213708285]]],[[[129.80209350585938,33.411955889976134],[129.80484008789062,33.411955889976134],[129.80484008789062,33.413102213708285],[129.80209350585938,33.413102213708285],[129.80209350585938,33.411955889976134]]],[[[129.82955932617188,33.411955889976134],[129.8309326171875,33.411955889976134],[129.8309326171875,33.413102213708285],[129.82955932617188,33.413102213708285],[129.82955932617188,33.411955889976134]]],[[[129.74990844726562,33.41080955111432],[129.75128173828125,33.41080955111432],[129.75128173828125,33.411955889976134],[129.74990844726562,33.411955889976134],[129.74990844726562,33.41080955111432]]],[[[129.825439453125,33.41080955111432],[129.82955932617188,33.41080955111432],[129.82955932617188,33.411955889976134],[129.825439453125,33.411955889976134],[129.825439453125,33.41080955111432]]],[[[129.85977172851562,33.41080955111432],[129.8638916015625,33.41080955111432],[129.8638916015625,33.411955889976134],[129.85977172851562,33.411955889976134],[129.85977172851562,33.41080955111432]]],[[[129.79660034179688,33.409663197123066],[129.7979736328125,33.409663197123066],[129.7979736328125,33.41080955111432],[129.79660034179688,33.41080955111432],[129.79660034179688,33.409663197123066]]],[[[129.814453125,33.409663197123066],[129.81582641601562,33.409663197123066],[129.81582641601562,33.41080955111432],[129.814453125,33.41080955111432],[129.814453125,33.409663197123066]]],[[[129.8638916015625,33.409663197123066],[129.86526489257812,33.409663197123066],[129.86526489257812,33.41080955111432],[129.8638916015625,33.41080955111432],[129.8638916015625,33.409663197123066]]],[[[129.825439453125,33.408516828002675],[129.82681274414062,33.408516828002675],[129.82681274414062,33.409663197123066],[129.825439453125,33.409663197123066],[129.825439453125,33.408516828002675]]],[[[129.737548828125,33.40737044375337],[129.73892211914062,33.40737044375337],[129.73892211914062,33.408516828002675],[129.737548828125,33.408516828002675],[129.737548828125,33.40737044375337]]],[[[129.74578857421875,33.40737044375337],[129.74716186523438,33.40737044375337],[129.74716186523438,33.408516828002675],[129.74578857421875,33.408516828002675],[129.74578857421875,33.40737044375337]]],[[[129.80072021484375,33.40737044375337],[129.80209350585938,33.40737044375337],[129.80209350585938,33.408516828002675],[129.80072021484375,33.408516828002675],[129.80072021484375,33.40737044375337]]],[[[129.85977172851562,33.40737044375337],[129.86114501953125,33.40737044375337],[129.86114501953125,33.408516828002675],[129.85977172851562,33.408516828002675],[129.85977172851562,33.40737044375337]]],[[[129.73892211914062,33.40622404437543],[129.74166870117188,33.40622404437543],[129.74166870117188,33.40737044375337],[129.73892211914062,33.40737044375337],[129.73892211914062,33.40622404437543]]],[[[129.74441528320312,33.40622404437543],[129.74578857421875,33.40622404437543],[129.74578857421875,33.40737044375337],[129.74441528320312,33.40737044375337],[129.74441528320312,33.40622404437543]]],[[[129.7705078125,33.40622404437543],[129.77188110351562,33.40622404437543],[129.77188110351562,33.408516828002675],[129.7705078125,33.408516828002675],[129.7705078125,33.40622404437543]]],[[[129.83917236328125,33.40622404437543],[129.8419189453125,33.40622404437543],[129.8419189453125,33.40737044375337],[129.83917236328125,33.40737044375337],[129.83917236328125,33.40622404437543]]],[[[129.86251831054688,33.40622404437543],[129.8638916015625,33.40622404437543],[129.8638916015625,33.40737044375337],[129.86251831054688,33.40737044375337],[129.86251831054688,33.40622404437543]]],[[[129.73068237304688,33.405077629869126],[129.7320556640625,33.405077629869126],[129.7320556640625,33.40622404437543],[129.73068237304688,33.40622404437543],[129.73068237304688,33.405077629869126]]],[[[129.77188110351562,33.405077629869126],[129.77462768554688,33.405077629869126],[129.77462768554688,33.40622404437543],[129.77188110351562,33.40622404437543],[129.77188110351562,33.405077629869126]]],[[[129.803466796875,33.405077629869126],[129.80484008789062,33.405077629869126],[129.80484008789062,33.40622404437543],[129.803466796875,33.40622404437543],[129.803466796875,33.405077629869126]]],[[[129.85977172851562,33.40393120023468],[129.86114501953125,33.40393120023468],[129.86114501953125,33.405077629869126],[129.85977172851562,33.405077629869126],[129.85977172851562,33.40393120023468]]],[[[129.86526489257812,33.40393120023468],[129.86663818359375,33.40393120023468],[129.86663818359375,33.405077629869126],[129.86526489257812,33.405077629869126],[129.86526489257812,33.40393120023468]]],[[[129.81033325195312,33.40278475547239],[129.81170654296875,33.40278475547239],[129.81170654296875,33.40393120023468],[129.81033325195312,33.40393120023468],[129.81033325195312,33.40278475547239]]],[[[129.8638916015625,33.40278475547239],[129.86526489257812,33.40278475547239],[129.86526489257812,33.40393120023468],[129.8638916015625,33.40393120023468],[129.8638916015625,33.40278475547239]]],[[[129.7760009765625,33.401638295582494],[129.77737426757812,33.401638295582494],[129.77737426757812,33.40278475547239],[129.7760009765625,33.40278475547239],[129.7760009765625,33.401638295582494]]],[[[129.81033325195312,33.401638295582494],[129.81307983398438,33.401638295582494],[129.81307983398438,33.40278475547239],[129.81033325195312,33.40278475547239],[129.81033325195312,33.401638295582494]]],[[[129.85565185546875,33.401638295582494],[129.85702514648438,33.401638295582494],[129.85702514648438,33.40278475547239],[129.85565185546875,33.40278475547239],[129.85565185546875,33.401638295582494]]],[[[129.86114501953125,33.401638295582494],[129.8638916015625,33.401638295582494],[129.8638916015625,33.40278475547239],[129.86114501953125,33.40278475547239],[129.86114501953125,33.401638295582494]]],[[[129.77874755859375,33.40049182056524],[129.78012084960938,33.40049182056524],[129.78012084960938,33.401638295582494],[129.77874755859375,33.401638295582494],[129.77874755859375,33.40049182056524]]],[[[129.81170654296875,33.40049182056524],[129.81307983398438,33.40049182056524],[129.81307983398438,33.401638295582494],[129.81170654296875,33.401638295582494],[129.81170654296875,33.40049182056524]]],[[[129.85565185546875,33.40049182056524],[129.8583984375,33.40049182056524],[129.8583984375,33.401638295582494],[129.85565185546875,33.401638295582494],[129.85565185546875,33.40049182056524]]],[[[129.86526489257812,33.40049182056524],[129.86663818359375,33.40049182056524],[129.86663818359375,33.401638295582494],[129.86526489257812,33.401638295582494],[129.86526489257812,33.40049182056524]]],[[[129.86251831054688,33.39934533042092],[129.8638916015625,33.39934533042092],[129.8638916015625,33.40049182056524],[129.86251831054688,33.40049182056524],[129.86251831054688,33.39934533042092]]],[[[129.86663818359375,33.39934533042092],[129.86801147460938,33.39934533042092],[129.86801147460938,33.40049182056524],[129.86663818359375,33.40049182056524],[129.86663818359375,33.39934533042092]]],[[[129.81170654296875,33.39819882514977],[129.81307983398438,33.39819882514977],[129.81307983398438,33.39934533042092],[129.81170654296875,33.39934533042092],[129.81170654296875,33.39819882514977]]],[[[129.8583984375,33.39819882514977],[129.86114501953125,33.39819882514977],[129.86114501953125,33.39934533042092],[129.8583984375,33.39934533042092],[129.8583984375,33.39819882514977]]],[[[129.8638916015625,33.39819882514977],[129.86526489257812,33.39819882514977],[129.86526489257812,33.39934533042092],[129.8638916015625,33.39934533042092],[129.8638916015625,33.39819882514977]]],[[[129.7540283203125,33.39705230475205],[129.75540161132812,33.39705230475205],[129.75540161132812,33.39819882514977],[129.7540283203125,33.39819882514977],[129.7540283203125,33.39705230475205]]],[[[129.77325439453125,33.39705230475205],[129.77462768554688,33.39705230475205],[129.77462768554688,33.39819882514977],[129.77325439453125,33.39819882514977],[129.77325439453125,33.39705230475205]]],[[[129.81033325195312,33.39705230475205],[129.81170654296875,33.39705230475205],[129.81170654296875,33.39819882514977],[129.81033325195312,33.39819882514977],[129.81033325195312,33.39705230475205]]],[[[129.83505249023438,33.39705230475205],[129.83779907226562,33.39705230475205],[129.83779907226562,33.39819882514977],[129.83505249023438,33.39819882514977],[129.83505249023438,33.39705230475205]]],[[[129.84466552734375,33.39705230475205],[129.84878540039062,33.39705230475205],[129.84878540039062,33.39819882514977],[129.84466552734375,33.39819882514977],[129.84466552734375,33.39705230475205]]],[[[129.77462768554688,33.39590576922804],[129.77737426757812,33.39590576922804],[129.77737426757812,33.39705230475205],[129.77462768554688,33.39705230475205],[129.77462768554688,33.39590576922804]]],[[[129.8089599609375,33.39590576922804],[129.81033325195312,33.39590576922804],[129.81033325195312,33.39705230475205],[129.8089599609375,33.39705230475205],[129.8089599609375,33.39590576922804]]],[[[129.83230590820312,33.39590576922804],[129.83367919921875,33.39590576922804],[129.83367919921875,33.39705230475205],[129.83230590820312,33.39705230475205],[129.83230590820312,33.39590576922804]]],[[[129.83505249023438,33.39590576922804],[129.83642578125,33.39590576922804],[129.83642578125,33.39705230475205],[129.83505249023438,33.39705230475205],[129.83505249023438,33.39590576922804]]],[[[129.86526489257812,33.39590576922804],[129.86663818359375,33.39590576922804],[129.86663818359375,33.39819882514977],[129.86526489257812,33.39819882514977],[129.86526489257812,33.39590576922804]]],[[[129.75540161132812,33.39475921857798],[129.75814819335938,33.39475921857798],[129.75814819335938,33.39590576922804],[129.75540161132812,33.39590576922804],[129.75540161132812,33.39475921857798]]],[[[129.7760009765625,33.39475921857798],[129.77737426757812,33.39475921857798],[129.77737426757812,33.39590576922804],[129.7760009765625,33.39590576922804],[129.7760009765625,33.39475921857798]]],[[[129.78286743164062,33.39475921857798],[129.78424072265625,33.39475921857798],[129.78424072265625,33.39590576922804],[129.78286743164062,33.39590576922804],[129.78286743164062,33.39475921857798]]],[[[129.8309326171875,33.39475921857798],[129.83230590820312,33.39475921857798],[129.83230590820312,33.39590576922804],[129.8309326171875,33.39590576922804],[129.8309326171875,33.39475921857798]]],[[[129.847412109375,33.39475921857798],[129.84878540039062,33.39475921857798],[129.84878540039062,33.39705230475205],[129.847412109375,33.39705230475205],[129.847412109375,33.39475921857798]]],[[[129.7705078125,33.393612652802126],[129.77188110351562,33.393612652802126],[129.77188110351562,33.39475921857798],[129.7705078125,33.39475921857798],[129.7705078125,33.393612652802126]]],[[[129.781494140625,33.393612652802126],[129.78286743164062,33.393612652802126],[129.78286743164062,33.39475921857798],[129.781494140625,33.39475921857798],[129.781494140625,33.393612652802126]]],[[[129.80758666992188,33.393612652802126],[129.8089599609375,33.393612652802126],[129.8089599609375,33.39475921857798],[129.80758666992188,33.39475921857798],[129.80758666992188,33.393612652802126]]],[[[129.82955932617188,33.393612652802126],[129.8309326171875,33.393612652802126],[129.8309326171875,33.39475921857798],[129.82955932617188,33.39475921857798],[129.82955932617188,33.393612652802126]]],[[[129.83917236328125,33.393612652802126],[129.84329223632812,33.393612652802126],[129.84329223632812,33.39475921857798],[129.83917236328125,33.39475921857798],[129.83917236328125,33.393612652802126]]],[[[129.8638916015625,33.393612652802126],[129.86526489257812,33.393612652802126],[129.86526489257812,33.39475921857798],[129.8638916015625,33.39475921857798],[129.8638916015625,33.393612652802126]]],[[[129.86663818359375,33.393612652802126],[129.87075805664062,33.393612652802126],[129.87075805664062,33.39475921857798],[129.86663818359375,33.39475921857798],[129.86663818359375,33.393612652802126]]],[[[129.76226806640625,33.39246607190076],[129.76364135742188,33.39246607190076],[129.76364135742188,33.39475921857798],[129.76226806640625,33.39475921857798],[129.76226806640625,33.39246607190076]]],[[[129.7705078125,33.39246607190076],[129.77462768554688,33.39246607190076],[129.77462768554688,33.393612652802126],[129.7705078125,33.393612652802126],[129.7705078125,33.39246607190076]]],[[[129.7760009765625,33.39246607190076],[129.781494140625,33.39246607190076],[129.781494140625,33.393612652802126],[129.7760009765625,33.393612652802126],[129.7760009765625,33.39246607190076]]],[[[129.80621337890625,33.39246607190076],[129.80758666992188,33.39246607190076],[129.80758666992188,33.393612652802126],[129.80621337890625,33.393612652802126],[129.80621337890625,33.39246607190076]]],[[[129.84054565429688,33.39246607190076],[129.84329223632812,33.39246607190076],[129.84329223632812,33.393612652802126],[129.84054565429688,33.393612652802126],[129.84054565429688,33.39246607190076]]],[[[129.85015869140625,33.39246607190076],[129.85153198242188,33.39246607190076],[129.85153198242188,33.393612652802126],[129.85015869140625,33.393612652802126],[129.85015869140625,33.39246607190076]]],[[[129.85702514648438,33.39246607190076],[129.8583984375,33.39246607190076],[129.8583984375,33.393612652802126],[129.85702514648438,33.393612652802126],[129.85702514648438,33.39246607190076]]],[[[129.77874755859375,33.39131947587411],[129.78012084960938,33.39131947587411],[129.78012084960938,33.39246607190076],[129.77874755859375,33.39246607190076],[129.77874755859375,33.39131947587411]]],[[[129.86663818359375,33.39131947587411],[129.86801147460938,33.39131947587411],[129.86801147460938,33.39246607190076],[129.86663818359375,33.39246607190076],[129.86663818359375,33.39131947587411]]],[[[129.83779907226562,33.39017286472247],[129.83917236328125,33.39017286472247],[129.83917236328125,33.39131947587411],[129.83779907226562,33.39131947587411],[129.83779907226562,33.39017286472247]]],[[[129.78012084960938,33.38902623844608],[129.781494140625,33.38902623844608],[129.781494140625,33.39131947587411],[129.78012084960938,33.39131947587411],[129.78012084960938,33.38902623844608]]],[[[129.83779907226562,33.38902623844608],[129.84054565429688,33.38902623844608],[129.84054565429688,33.39017286472247],[129.83779907226562,33.39017286472247],[129.83779907226562,33.38902623844608]]],[[[129.85015869140625,33.38902623844608],[129.85153198242188,33.38902623844608],[129.85153198242188,33.39017286472247],[129.85015869140625,33.39017286472247],[129.85015869140625,33.38902623844608]]],[[[129.80758666992188,33.387879597045206],[129.8089599609375,33.387879597045206],[129.8089599609375,33.39017286472247],[129.80758666992188,33.39017286472247],[129.80758666992188,33.387879597045206]]],[[[129.85153198242188,33.387879597045206],[129.8529052734375,33.387879597045206],[129.8529052734375,33.38902623844608],[129.85153198242188,33.38902623844608],[129.85153198242188,33.387879597045206]]],[[[129.8583984375,33.387879597045206],[129.85977172851562,33.387879597045206],[129.85977172851562,33.39017286472247],[129.8583984375,33.39017286472247],[129.8583984375,33.387879597045206]]],[[[129.86801147460938,33.387879597045206],[129.869384765625,33.387879597045206],[129.869384765625,33.39131947587411],[129.86801147460938,33.39131947587411],[129.86801147460938,33.387879597045206]]],[[[129.8089599609375,33.38673294052009],[129.81033325195312,33.38673294052009],[129.81033325195312,33.387879597045206],[129.8089599609375,33.387879597045206],[129.8089599609375,33.38673294052009]]],[[[129.8309326171875,33.38673294052009],[129.83230590820312,33.38673294052009],[129.83230590820312,33.387879597045206],[129.8309326171875,33.387879597045206],[129.8309326171875,33.38673294052009]]],[[[129.83917236328125,33.38673294052009],[129.84054565429688,33.38673294052009],[129.84054565429688,33.387879597045206],[129.83917236328125,33.387879597045206],[129.83917236328125,33.38673294052009]]],[[[129.84329223632812,33.38673294052009],[129.84466552734375,33.38673294052009],[129.84466552734375,33.387879597045206],[129.84329223632812,33.387879597045206],[129.84329223632812,33.38673294052009]]],[[[129.83230590820312,33.385586268871016],[129.83367919921875,33.385586268871016],[129.83367919921875,33.38673294052009],[129.83230590820312,33.38673294052009],[129.83230590820312,33.385586268871016]]],[[[129.847412109375,33.385586268871016],[129.85153198242188,33.385586268871016],[129.85153198242188,33.38673294052009],[129.847412109375,33.38673294052009],[129.847412109375,33.385586268871016]]],[[[129.81033325195312,33.384439582098224],[129.81170654296875,33.384439582098224],[129.81170654296875,33.385586268871016],[129.81033325195312,33.385586268871016],[129.81033325195312,33.384439582098224]]],[[[129.83505249023438,33.384439582098224],[129.83642578125,33.384439582098224],[129.83642578125,33.385586268871016],[129.83505249023438,33.385586268871016],[129.83505249023438,33.384439582098224]]],[[[129.8638916015625,33.384439582098224],[129.86526489257812,33.384439582098224],[129.86526489257812,33.387879597045206],[129.8638916015625,33.387879597045206],[129.8638916015625,33.384439582098224]]],[[[129.83367919921875,33.383292880202006],[129.83779907226562,33.383292880202006],[129.83779907226562,33.384439582098224],[129.83367919921875,33.384439582098224],[129.83367919921875,33.383292880202006]]],[[[129.80758666992188,33.38214616318259],[129.8089599609375,33.38214616318259],[129.8089599609375,33.383292880202006],[129.80758666992188,33.383292880202006],[129.80758666992188,33.38214616318259]]],[[[129.8638916015625,33.38214616318259],[129.86526489257812,33.38214616318259],[129.86526489257812,33.383292880202006],[129.8638916015625,33.383292880202006],[129.8638916015625,33.38214616318259]]],[[[129.83779907226562,33.379852683775226],[129.83917236328125,33.379852683775226],[129.83917236328125,33.38214616318259],[129.83779907226562,33.38214616318259],[129.83779907226562,33.379852683775226]]],[[[129.80758666992188,33.378705921387805],[129.8089599609375,33.378705921387805],[129.8089599609375,33.379852683775226],[129.80758666992188,33.379852683775226],[129.80758666992188,33.378705921387805]]],[[[129.80758666992188,33.37755914387823],[129.81033325195312,33.37755914387823],[129.81033325195312,33.378705921387805],[129.80758666992188,33.378705921387805],[129.80758666992188,33.37755914387823]]],[[[129.85977172851562,33.37755914387823],[129.86114501953125,33.37755914387823],[129.86114501953125,33.378705921387805],[129.85977172851562,33.378705921387805],[129.85977172851562,33.37755914387823]]],[[[129.86526489257812,33.37755914387823],[129.86663818359375,33.37755914387823],[129.86663818359375,33.379852683775226],[129.86526489257812,33.379852683775226],[129.86526489257812,33.37755914387823]]],[[[129.81033325195312,33.37641235124678],[129.81170654296875,33.37641235124678],[129.81170654296875,33.37755914387823],[129.81033325195312,33.37755914387823],[129.81033325195312,33.37641235124678]]],[[[129.86251831054688,33.37641235124678],[129.86663818359375,33.37641235124678],[129.86663818359375,33.37755914387823],[129.86251831054688,33.37755914387823],[129.86251831054688,33.37641235124678]]],[[[129.8583984375,33.37526554349369],[129.85977172851562,33.37526554349369],[129.85977172851562,33.37641235124678],[129.8583984375,33.37641235124678],[129.8583984375,33.37526554349369]]],[[[129.86526489257812,33.37526554349369],[129.86663818359375,33.37526554349369],[129.86663818359375,33.37641235124678],[129.86526489257812,33.37641235124678],[129.86526489257812,33.37526554349369]]],[[[129.8089599609375,33.37411872061922],[129.81033325195312,33.37411872061922],[129.81033325195312,33.37526554349369],[129.8089599609375,33.37526554349369],[129.8089599609375,33.37411872061922]]],[[[129.85702514648438,33.37411872061922],[129.8583984375,33.37411872061922],[129.8583984375,33.37526554349369],[129.85702514648438,33.37526554349369],[129.85702514648438,33.37411872061922]]],[[[129.85977172851562,33.37411872061922],[129.86251831054688,33.37411872061922],[129.86251831054688,33.37526554349369],[129.85977172851562,33.37526554349369],[129.85977172851562,33.37411872061922]]],[[[129.77874755859375,33.372971882623666],[129.78012084960938,33.372971882623666],[129.78012084960938,33.37411872061922],[129.77874755859375,33.37411872061922],[129.77874755859375,33.372971882623666]]],[[[129.781494140625,33.372971882623666],[129.78424072265625,33.372971882623666],[129.78424072265625,33.37411872061922],[129.781494140625,33.37411872061922],[129.781494140625,33.372971882623666]]],[[[129.77462768554688,33.37182502950725],[129.7760009765625,33.37182502950725],[129.7760009765625,33.372971882623666],[129.77462768554688,33.372971882623666],[129.77462768554688,33.37182502950725]]],[[[129.77737426757812,33.37182502950725],[129.77874755859375,33.37182502950725],[129.77874755859375,33.372971882623666],[129.77737426757812,33.372971882623666],[129.77737426757812,33.37182502950725]]],[[[129.80758666992188,33.37182502950725],[129.8089599609375,33.37182502950725],[129.8089599609375,33.372971882623666],[129.80758666992188,33.372971882623666],[129.80758666992188,33.37182502950725]]],[[[129.85565185546875,33.37182502950725],[129.85702514648438,33.37182502950725],[129.85702514648438,33.372971882623666],[129.85565185546875,33.372971882623666],[129.85565185546875,33.37182502950725]]],[[[129.78973388671875,33.37067816127025],[129.79110717773438,33.37067816127025],[129.79110717773438,33.37182502950725],[129.78973388671875,33.37182502950725],[129.78973388671875,33.37067816127025]]],[[[129.8089599609375,33.37067816127025],[129.81033325195312,33.37067816127025],[129.81033325195312,33.37182502950725],[129.8089599609375,33.37182502950725],[129.8089599609375,33.37067816127025]]],[[[129.8529052734375,33.37067816127025],[129.85565185546875,33.37067816127025],[129.85565185546875,33.37182502950725],[129.8529052734375,33.37182502950725],[129.8529052734375,33.37067816127025]]],[[[129.8419189453125,33.36953127791293],[129.84603881835938,33.36953127791293],[129.84603881835938,33.37067816127025],[129.8419189453125,33.37067816127025],[129.8419189453125,33.36953127791293]]],[[[129.8089599609375,33.36838437943553],[129.81033325195312,33.36838437943553],[129.81033325195312,33.36953127791293],[129.8089599609375,33.36953127791293],[129.8089599609375,33.36838437943553]]],[[[129.81170654296875,33.36838437943553],[129.814453125,33.36838437943553],[129.814453125,33.36953127791293],[129.81170654296875,33.36953127791293],[129.81170654296875,33.36838437943553]]],[[[129.84878540039062,33.36838437943553],[129.85153198242188,33.36838437943553],[129.85153198242188,33.36953127791293],[129.84878540039062,33.36953127791293],[129.84878540039062,33.36838437943553]]],[[[129.81307983398438,33.36723746583832],[129.814453125,33.36723746583832],[129.814453125,33.36838437943553],[129.81307983398438,33.36838437943553],[129.81307983398438,33.36723746583832]]],[[[129.8419189453125,33.36723746583832],[129.84329223632812,33.36723746583832],[129.84329223632812,33.36838437943553],[129.8419189453125,33.36838437943553],[129.8419189453125,33.36723746583832]]],[[[129.84878540039062,33.36723746583832],[129.85015869140625,33.36723746583832],[129.85015869140625,33.36838437943553],[129.84878540039062,33.36838437943553],[129.84878540039062,33.36723746583832]]],[[[129.85565185546875,33.36723746583832],[129.8583984375,33.36723746583832],[129.8583984375,33.36838437943553],[129.85565185546875,33.36838437943553],[129.85565185546875,33.36723746583832]]],[[[129.74166870117188,33.36609053712157],[129.7430419921875,33.36609053712157],[129.7430419921875,33.36723746583832],[129.74166870117188,33.36723746583832],[129.74166870117188,33.36609053712157]]],[[[129.803466796875,33.36609053712157],[129.80621337890625,33.36609053712157],[129.80621337890625,33.36723746583832],[129.803466796875,33.36723746583832],[129.803466796875,33.36609053712157]]],[[[129.85427856445312,33.36609053712157],[129.8583984375,33.36609053712157],[129.8583984375,33.36723746583832],[129.85427856445312,33.36723746583832],[129.85427856445312,33.36609053712157]]],[[[129.73892211914062,33.36494359328554],[129.74029541015625,33.36494359328554],[129.74029541015625,33.36609053712157],[129.73892211914062,33.36609053712157],[129.73892211914062,33.36494359328554]]],[[[129.75540161132812,33.36494359328554],[129.75677490234375,33.36494359328554],[129.75677490234375,33.36609053712157],[129.75540161132812,33.36609053712157],[129.75540161132812,33.36494359328554]]],[[[129.79110717773438,33.36494359328554],[129.79248046875,33.36494359328554],[129.79248046875,33.36609053712157],[129.79110717773438,33.36609053712157],[129.79110717773438,33.36494359328554]]],[[[129.81857299804688,33.36494359328554],[129.82131958007812,33.36494359328554],[129.82131958007812,33.36609053712157],[129.81857299804688,33.36609053712157],[129.81857299804688,33.36494359328554]]],[[[129.825439453125,33.36494359328554],[129.82681274414062,33.36494359328554],[129.82681274414062,33.36609053712157],[129.825439453125,33.36609053712157],[129.825439453125,33.36494359328554]]],[[[129.8419189453125,33.36494359328554],[129.84329223632812,33.36494359328554],[129.84329223632812,33.36609053712157],[129.8419189453125,33.36609053712157],[129.8419189453125,33.36494359328554]]],[[[129.84878540039062,33.36494359328554],[129.85153198242188,33.36494359328554],[129.85153198242188,33.36609053712157],[129.84878540039062,33.36609053712157],[129.84878540039062,33.36494359328554]]],[[[129.8529052734375,33.36494359328554],[129.85427856445312,33.36494359328554],[129.85427856445312,33.36609053712157],[129.8529052734375,33.36609053712157],[129.8529052734375,33.36494359328554]]],[[[129.737548828125,33.36379663433047],[129.73892211914062,33.36379663433047],[129.73892211914062,33.36494359328554],[129.737548828125,33.36494359328554],[129.737548828125,33.36379663433047]]],[[[129.75677490234375,33.36379663433047],[129.75814819335938,33.36379663433047],[129.75814819335938,33.36494359328554],[129.75677490234375,33.36494359328554],[129.75677490234375,33.36379663433047]]],[[[129.77325439453125,33.36379663433047],[129.77462768554688,33.36379663433047],[129.77462768554688,33.36609053712157],[129.77325439453125,33.36609053712157],[129.77325439453125,33.36379663433047]]],[[[129.803466796875,33.36379663433047],[129.80484008789062,33.36379663433047],[129.80484008789062,33.36494359328554],[129.803466796875,33.36494359328554],[129.803466796875,33.36379663433047]]],[[[129.8199462890625,33.36379663433047],[129.82131958007812,33.36379663433047],[129.82131958007812,33.36494359328554],[129.8199462890625,33.36494359328554],[129.8199462890625,33.36379663433047]]],[[[129.825439453125,33.36379663433047],[129.82818603515625,33.36379663433047],[129.82818603515625,33.36494359328554],[129.825439453125,33.36494359328554],[129.825439453125,33.36379663433047]]],[[[129.8309326171875,33.36379663433047],[129.83230590820312,33.36379663433047],[129.83230590820312,33.36494359328554],[129.8309326171875,33.36494359328554],[129.8309326171875,33.36379663433047]]],[[[129.83779907226562,33.36379663433047],[129.84054565429688,33.36379663433047],[129.84054565429688,33.36494359328554],[129.83779907226562,33.36494359328554],[129.83779907226562,33.36379663433047]]],[[[129.85153198242188,33.36379663433047],[129.8529052734375,33.36379663433047],[129.8529052734375,33.36494359328554],[129.85153198242188,33.36494359328554],[129.85153198242188,33.36379663433047]]],[[[129.8199462890625,33.36264966025664],[129.82269287109375,33.36264966025664],[129.82269287109375,33.36379663433047],[129.8199462890625,33.36379663433047],[129.8199462890625,33.36264966025664]]],[[[129.82681274414062,33.36264966025664],[129.8309326171875,33.36264966025664],[129.8309326171875,33.36379663433047],[129.82681274414062,33.36379663433047],[129.82681274414062,33.36264966025664]]],[[[129.83779907226562,33.36264966025664],[129.83917236328125,33.36264966025664],[129.83917236328125,33.36379663433047],[129.83779907226562,33.36379663433047],[129.83779907226562,33.36264966025664]]],[[[129.84603881835938,33.36264966025664],[129.847412109375,33.36264966025664],[129.847412109375,33.36379663433047],[129.84603881835938,33.36379663433047],[129.84603881835938,33.36264966025664]]],[[[129.77462768554688,33.36150267106431],[129.7760009765625,33.36150267106431],[129.7760009765625,33.36379663433047],[129.77462768554688,33.36379663433047],[129.77462768554688,33.36150267106431]]],[[[129.8199462890625,33.36150267106431],[129.82818603515625,33.36150267106431],[129.82818603515625,33.36264966025664],[129.8199462890625,33.36264966025664],[129.8199462890625,33.36150267106431]]],[[[129.83230590820312,33.36150267106431],[129.83367919921875,33.36150267106431],[129.83367919921875,33.36379663433047],[129.83230590820312,33.36379663433047],[129.83230590820312,33.36150267106431]]],[[[129.83505249023438,33.36150267106431],[129.83779907226562,33.36150267106431],[129.83779907226562,33.36264966025664],[129.83505249023438,33.36264966025664],[129.83505249023438,33.36150267106431]]],[[[129.72930908203125,33.36035566675372],[129.73342895507812,33.36035566675372],[129.73342895507812,33.36150267106431],[129.72930908203125,33.36150267106431],[129.72930908203125,33.36035566675372]]],[[[129.77188110351562,33.36035566675372],[129.77325439453125,33.36035566675372],[129.77325439453125,33.36150267106431],[129.77188110351562,33.36150267106431],[129.77188110351562,33.36035566675372]]],[[[129.803466796875,33.36035566675372],[129.80484008789062,33.36035566675372],[129.80484008789062,33.36150267106431],[129.803466796875,33.36150267106431],[129.803466796875,33.36035566675372]]],[[[129.82131958007812,33.36035566675372],[129.82269287109375,33.36035566675372],[129.82269287109375,33.36150267106431],[129.82131958007812,33.36150267106431],[129.82131958007812,33.36035566675372]]],[[[129.847412109375,33.36035566675372],[129.85015869140625,33.36035566675372],[129.85015869140625,33.36150267106431],[129.847412109375,33.36150267106431],[129.847412109375,33.36035566675372]]],[[[129.80484008789062,33.359208647325154],[129.80621337890625,33.359208647325154],[129.80621337890625,33.36035566675372],[129.80484008789062,33.36035566675372],[129.80484008789062,33.359208647325154]]],[[[129.82131958007812,33.359208647325154],[129.825439453125,33.359208647325154],[129.825439453125,33.36035566675372],[129.82131958007812,33.36035566675372],[129.82131958007812,33.359208647325154]]],[[[129.72793579101562,33.35806161277886],[129.73617553710938,33.35806161277886],[129.73617553710938,33.36035566675372],[129.72793579101562,33.36035566675372],[129.72793579101562,33.35806161277886]]],[[[129.76089477539062,33.35806161277886],[129.76226806640625,33.35806161277886],[129.76226806640625,33.36035566675372],[129.76089477539062,33.36035566675372],[129.76089477539062,33.35806161277886]]],[[[129.7705078125,33.35806161277886],[129.77188110351562,33.35806161277886],[129.77188110351562,33.359208647325154],[129.7705078125,33.359208647325154],[129.7705078125,33.35806161277886]]],[[[129.82131958007812,33.35806161277886],[129.82269287109375,33.35806161277886],[129.82269287109375,33.359208647325154],[129.82131958007812,33.359208647325154],[129.82131958007812,33.35806161277886]]],[[[129.825439453125,33.35806161277886],[129.82681274414062,33.35806161277886],[129.82681274414062,33.359208647325154],[129.825439453125,33.359208647325154],[129.825439453125,33.35806161277886]]],[[[129.84466552734375,33.35806161277886],[129.85015869140625,33.35806161277886],[129.85015869140625,33.359208647325154],[129.84466552734375,33.359208647325154],[129.84466552734375,33.35806161277886]]],[[[129.7705078125,33.35691456311511],[129.77325439453125,33.35691456311511],[129.77325439453125,33.35806161277886],[129.7705078125,33.35806161277886],[129.7705078125,33.35691456311511]]],[[[129.78836059570312,33.35691456311511],[129.79110717773438,33.35691456311511],[129.79110717773438,33.35806161277886],[129.78836059570312,33.35806161277886],[129.78836059570312,33.35691456311511]]],[[[129.80621337890625,33.35691456311511],[129.80758666992188,33.35691456311511],[129.80758666992188,33.35806161277886],[129.80621337890625,33.35806161277886],[129.80621337890625,33.35691456311511]]],[[[129.72793579101562,33.35576749833415],[129.73068237304688,33.35576749833415],[129.73068237304688,33.35806161277886],[129.72793579101562,33.35806161277886],[129.72793579101562,33.35576749833415]]],[[[129.76226806640625,33.35576749833415],[129.76364135742188,33.35576749833415],[129.76364135742188,33.35691456311511],[129.76226806640625,33.35691456311511],[129.76226806640625,33.35576749833415]]],[[[129.77188110351562,33.35576749833415],[129.77325439453125,33.35576749833415],[129.77325439453125,33.35691456311511],[129.77188110351562,33.35691456311511],[129.77188110351562,33.35576749833415]]],[[[129.79110717773438,33.35576749833415],[129.79248046875,33.35576749833415],[129.79248046875,33.35691456311511],[129.79110717773438,33.35691456311511],[129.79110717773438,33.35576749833415]]],[[[129.8089599609375,33.35576749833415],[129.81033325195312,33.35576749833415],[129.81033325195312,33.35691456311511],[129.8089599609375,33.35691456311511],[129.8089599609375,33.35576749833415]]],[[[129.8199462890625,33.35576749833415],[129.82131958007812,33.35576749833415],[129.82131958007812,33.35806161277886],[129.8199462890625,33.35806161277886],[129.8199462890625,33.35576749833415]]],[[[129.84466552734375,33.35576749833415],[129.84603881835938,33.35576749833415],[129.84603881835938,33.35691456311511],[129.84466552734375,33.35691456311511],[129.84466552734375,33.35576749833415]]],[[[129.7265625,33.35462041843624],[129.72930908203125,33.35462041843624],[129.72930908203125,33.35576749833415],[129.7265625,33.35576749833415],[129.7265625,33.35462041843624]]],[[[129.76226806640625,33.35462041843624],[129.77325439453125,33.35462041843624],[129.77325439453125,33.35576749833415],[129.76226806640625,33.35576749833415],[129.76226806640625,33.35462041843624]]],[[[129.80758666992188,33.35462041843624],[129.8089599609375,33.35462041843624],[129.8089599609375,33.35576749833415],[129.80758666992188,33.35576749833415],[129.80758666992188,33.35462041843624]]],[[[129.81857299804688,33.35462041843624],[129.82131958007812,33.35462041843624],[129.82131958007812,33.35576749833415],[129.81857299804688,33.35576749833415],[129.81857299804688,33.35462041843624]]],[[[129.82681274414062,33.35462041843624],[129.82818603515625,33.35462041843624],[129.82818603515625,33.35691456311511],[129.82681274414062,33.35691456311511],[129.82681274414062,33.35462041843624]]],[[[129.84329223632812,33.35462041843624],[129.84603881835938,33.35462041843624],[129.84603881835938,33.35576749833415],[129.84329223632812,33.35576749833415],[129.84329223632812,33.35462041843624]]],[[[129.84878540039062,33.35462041843624],[129.85015869140625,33.35462041843624],[129.85015869140625,33.35806161277886],[129.84878540039062,33.35806161277886],[129.84878540039062,33.35462041843624]]],[[[129.7265625,33.35347332342166],[129.72793579101562,33.35347332342166],[129.72793579101562,33.35462041843624],[129.7265625,33.35462041843624],[129.7265625,33.35347332342166]]],[[[129.76364135742188,33.35347332342166],[129.76913452148438,33.35347332342166],[129.76913452148438,33.35462041843624],[129.76364135742188,33.35462041843624],[129.76364135742188,33.35347332342166]]],[[[129.80621337890625,33.35347332342166],[129.80758666992188,33.35347332342166],[129.80758666992188,33.35462041843624],[129.80621337890625,33.35462041843624],[129.80621337890625,33.35347332342166]]],[[[129.81719970703125,33.35347332342166],[129.81857299804688,33.35347332342166],[129.81857299804688,33.35462041843624],[129.81719970703125,33.35462041843624],[129.81719970703125,33.35347332342166]]],[[[129.82269287109375,33.35347332342166],[129.825439453125,33.35347332342166],[129.825439453125,33.35462041843624],[129.82269287109375,33.35462041843624],[129.82269287109375,33.35347332342166]]],[[[129.84466552734375,33.35347332342166],[129.84603881835938,33.35347332342166],[129.84603881835938,33.35462041843624],[129.84466552734375,33.35462041843624],[129.84466552734375,33.35347332342166]]],[[[129.81582641601562,33.35232621329066],[129.81857299804688,33.35232621329066],[129.81857299804688,33.35347332342166],[129.81582641601562,33.35347332342166],[129.81582641601562,33.35232621329066]]],[[[129.82818603515625,33.35232621329066],[129.83230590820312,33.35232621329066],[129.83230590820312,33.35347332342166],[129.82818603515625,33.35347332342166],[129.82818603515625,33.35232621329066]]],[[[129.84054565429688,33.35232621329066],[129.8419189453125,33.35232621329066],[129.8419189453125,33.35347332342166],[129.84054565429688,33.35347332342166],[129.84054565429688,33.35232621329066]]],[[[129.84329223632812,33.35232621329066],[129.84878540039062,33.35232621329066],[129.84878540039062,33.35347332342166],[129.84329223632812,33.35347332342166],[129.84329223632812,33.35232621329066]]],[[[129.81582641601562,33.35117908804349],[129.81719970703125,33.35117908804349],[129.81719970703125,33.35232621329066],[129.81582641601562,33.35232621329066],[129.81582641601562,33.35117908804349]]],[[[129.82269287109375,33.35117908804349],[129.825439453125,33.35117908804349],[129.825439453125,33.35232621329066],[129.82269287109375,33.35232621329066],[129.82269287109375,33.35117908804349]]],[[[129.84878540039062,33.35117908804349],[129.85153198242188,33.35117908804349],[129.85153198242188,33.35232621329066],[129.84878540039062,33.35232621329066],[129.84878540039062,33.35117908804349]]],[[[129.80621337890625,33.350031947680414],[129.80758666992188,33.350031947680414],[129.80758666992188,33.35117908804349],[129.80621337890625,33.35117908804349],[129.80621337890625,33.350031947680414]]],[[[129.85015869140625,33.350031947680414],[129.85153198242188,33.350031947680414],[129.85153198242188,33.35117908804349],[129.85015869140625,33.35117908804349],[129.85015869140625,33.350031947680414]]],[[[129.8089599609375,33.34888479220171],[129.81033325195312,33.34888479220171],[129.81033325195312,33.350031947680414],[129.8089599609375,33.350031947680414],[129.8089599609375,33.34888479220171]]],[[[129.814453125,33.34888479220171],[129.81582641601562,33.34888479220171],[129.81582641601562,33.35117908804349],[129.814453125,33.35117908804349],[129.814453125,33.34888479220171]]],[[[129.84603881835938,33.34888479220171],[129.85153198242188,33.34888479220171],[129.85153198242188,33.350031947680414],[129.84603881835938,33.350031947680414],[129.84603881835938,33.34888479220171]]],[[[129.81033325195312,33.347737621607614],[129.81170654296875,33.347737621607614],[129.81170654296875,33.34888479220171],[129.81033325195312,33.34888479220171],[129.81033325195312,33.347737621607614]]],[[[129.81307983398438,33.347737621607614],[129.814453125,33.347737621607614],[129.814453125,33.34888479220171],[129.81307983398438,33.34888479220171],[129.81307983398438,33.347737621607614]]],[[[129.82818603515625,33.347737621607614],[129.82955932617188,33.347737621607614],[129.82955932617188,33.350031947680414],[129.82818603515625,33.350031947680414],[129.82818603515625,33.347737621607614]]],[[[129.8419189453125,33.347737621607614],[129.84329223632812,33.347737621607614],[129.84329223632812,33.350031947680414],[129.8419189453125,33.350031947680414],[129.8419189453125,33.347737621607614]]],[[[129.847412109375,33.347737621607614],[129.85015869140625,33.347737621607614],[129.85015869140625,33.34888479220171],[129.847412109375,33.34888479220171],[129.847412109375,33.347737621607614]]],[[[129.79248046875,33.34314878808268],[129.79385375976562,33.34314878808268],[129.79385375976562,33.34888479220171],[129.79248046875,33.34888479220171],[129.79248046875,33.34314878808268]]],[[[129.8419189453125,33.34314878808268],[129.84329223632812,33.34314878808268],[129.84329223632812,33.344296019135676],[129.8419189453125,33.344296019135676],[129.8419189453125,33.34314878808268]]],[[[129.84329223632812,33.34200154191561],[129.84466552734375,33.34200154191561],[129.84466552734375,33.34314878808268],[129.84329223632812,33.34314878808268],[129.84329223632812,33.34200154191561]]],[[[129.84054565429688,33.340854280634716],[129.84603881835938,33.340854280634716],[129.84603881835938,33.34200154191561],[129.84054565429688,33.34200154191561],[129.84054565429688,33.340854280634716]]],[[[129.79110717773438,33.33970700424027],[129.79248046875,33.33970700424027],[129.79248046875,33.34200154191561],[129.79110717773438,33.34200154191561],[129.79110717773438,33.33970700424027]]],[[[129.83917236328125,33.33970700424027],[129.84466552734375,33.33970700424027],[129.84466552734375,33.340854280634716],[129.83917236328125,33.340854280634716],[129.83917236328125,33.33970700424027]]],[[[129.82955932617188,33.338559712732525],[129.83367919921875,33.338559712732525],[129.83367919921875,33.33970700424027],[129.82955932617188,33.33970700424027],[129.82955932617188,33.338559712732525]]],[[[129.83642578125,33.338559712732525],[129.84603881835938,33.338559712732525],[129.84603881835938,33.33970700424027],[129.83642578125,33.33970700424027],[129.83642578125,33.338559712732525]]],[[[129.79110717773438,33.33741240611175],[129.79385375976562,33.33741240611175],[129.79385375976562,33.33970700424027],[129.79110717773438,33.33970700424027],[129.79110717773438,33.33741240611175]]],[[[129.79934692382812,33.33741240611175],[129.80621337890625,33.33741240611175],[129.80621337890625,33.338559712732525],[129.79934692382812,33.338559712732525],[129.79934692382812,33.33741240611175]]],[[[129.83642578125,33.33741240611175],[129.83779907226562,33.33741240611175],[129.83779907226562,33.338559712732525],[129.83642578125,33.338559712732525],[129.83642578125,33.33741240611175]]],[[[129.84329223632812,33.33741240611175],[129.85015869140625,33.33741240611175],[129.85015869140625,33.338559712732525],[129.84329223632812,33.338559712732525],[129.84329223632812,33.33741240611175]]],[[[129.79248046875,33.33626508437822],[129.79522705078125,33.33626508437822],[129.79522705078125,33.33741240611175],[129.79248046875,33.33741240611175],[129.79248046875,33.33626508437822]]],[[[129.82681274414062,33.33626508437822],[129.83505249023438,33.33626508437822],[129.83505249023438,33.338559712732525],[129.82681274414062,33.338559712732525],[129.82681274414062,33.33626508437822]]],[[[129.83642578125,33.33626508437822],[129.84054565429688,33.33626508437822],[129.84054565429688,33.33741240611175],[129.83642578125,33.33741240611175],[129.83642578125,33.33626508437822]]],[[[129.84466552734375,33.33626508437822],[129.84878540039062,33.33626508437822],[129.84878540039062,33.33741240611175],[129.84466552734375,33.33741240611175],[129.84466552734375,33.33626508437822]]],[[[129.79248046875,33.33511774753216],[129.79660034179688,33.33511774753216],[129.79660034179688,33.33626508437822],[129.79248046875,33.33626508437822],[129.79248046875,33.33511774753216]]],[[[129.803466796875,33.33511774753216],[129.80758666992188,33.33511774753216],[129.80758666992188,33.33741240611175],[129.803466796875,33.33741240611175],[129.803466796875,33.33511774753216]]],[[[129.82818603515625,33.33511774753216],[129.83230590820312,33.33511774753216],[129.83230590820312,33.33626508437822],[129.82818603515625,33.33626508437822],[129.82818603515625,33.33511774753216]]],[[[129.83367919921875,33.33511774753216],[129.8419189453125,33.33511774753216],[129.8419189453125,33.33626508437822],[129.83367919921875,33.33626508437822],[129.83367919921875,33.33511774753216]]],[[[129.847412109375,33.33511774753216],[129.84878540039062,33.33511774753216],[129.84878540039062,33.33626508437822],[129.847412109375,33.33626508437822],[129.847412109375,33.33511774753216]]],[[[129.79522705078125,33.33397039557387],[129.803466796875,33.33397039557387],[129.803466796875,33.33511774753216],[129.79522705078125,33.33511774753216],[129.79522705078125,33.33397039557387]]],[[[129.80484008789062,33.33397039557387],[129.80621337890625,33.33397039557387],[129.80621337890625,33.33511774753216],[129.80484008789062,33.33511774753216],[129.80484008789062,33.33397039557387]]],[[[129.8309326171875,33.33397039557387],[129.83230590820312,33.33397039557387],[129.83230590820312,33.33511774753216],[129.8309326171875,33.33511774753216],[129.8309326171875,33.33397039557387]]],[[[129.83505249023438,33.33397039557387],[129.83917236328125,33.33397039557387],[129.83917236328125,33.33511774753216],[129.83505249023438,33.33511774753216],[129.83505249023438,33.33397039557387]]],[[[129.80209350585938,33.33282302850359],[129.803466796875,33.33282302850359],[129.803466796875,33.33397039557387],[129.80209350585938,33.33397039557387],[129.80209350585938,33.33282302850359]]],[[[129.8309326171875,33.33282302850359],[129.83367919921875,33.33282302850359],[129.83367919921875,33.33397039557387],[129.8309326171875,33.33397039557387],[129.8309326171875,33.33282302850359]]],[[[129.84054565429688,33.33282302850359],[129.84329223632812,33.33282302850359],[129.84329223632812,33.33397039557387],[129.84054565429688,33.33397039557387],[129.84054565429688,33.33282302850359]]],[[[129.83779907226562,33.331675646321564],[129.8419189453125,33.331675646321564],[129.8419189453125,33.33282302850359],[129.83779907226562,33.33282302850359],[129.83779907226562,33.331675646321564]]],[[[129.80209350585938,33.33052824902809],[129.803466796875,33.33052824902809],[129.803466796875,33.331675646321564],[129.80209350585938,33.331675646321564],[129.80209350585938,33.33052824902809]]],[[[129.84054565429688,33.33052824902809],[129.8419189453125,33.33052824902809],[129.8419189453125,33.331675646321564],[129.84054565429688,33.331675646321564],[129.84054565429688,33.33052824902809]]],[[[129.84329223632812,33.33052824902809],[129.84466552734375,33.33052824902809],[129.84466552734375,33.331675646321564],[129.84329223632812,33.331675646321564],[129.84329223632812,33.33052824902809]]],[[[129.84329223632812,33.3293808366234],[129.84603881835938,33.3293808366234],[129.84603881835938,33.33052824902809],[129.84329223632812,33.33052824902809],[129.84329223632812,33.3293808366234]]],[[[129.80484008789062,33.328233409107774],[129.80621337890625,33.328233409107774],[129.80621337890625,33.3293808366234],[129.80484008789062,33.3293808366234],[129.80484008789062,33.328233409107774]]],[[[129.83230590820312,33.328233409107774],[129.83367919921875,33.328233409107774],[129.83367919921875,33.33282302850359],[129.83230590820312,33.33282302850359],[129.83230590820312,33.328233409107774]]],[[[129.84466552734375,33.328233409107774],[129.84878540039062,33.328233409107774],[129.84878540039062,33.3293808366234],[129.84466552734375,33.3293808366234],[129.84466552734375,33.328233409107774]]],[[[129.80758666992188,33.32708596648146],[129.8089599609375,33.32708596648146],[129.8089599609375,33.328233409107774],[129.80758666992188,33.328233409107774],[129.80758666992188,33.32708596648146]]],[[[129.83642578125,33.32708596648146],[129.83917236328125,33.32708596648146],[129.83917236328125,33.331675646321564],[129.83642578125,33.331675646321564],[129.83642578125,33.32708596648146]]],[[[129.84603881835938,33.32708596648146],[129.84878540039062,33.32708596648146],[129.84878540039062,33.328233409107774],[129.84603881835938,33.328233409107774],[129.84603881835938,33.32708596648146]]],[[[129.84466552734375,33.32593850874473],[129.84878540039062,33.32593850874473],[129.84878540039062,33.32708596648146],[129.84466552734375,33.32708596648146],[129.84466552734375,33.32593850874473]]],[[[129.8419189453125,33.32479103589783],[129.84329223632812,33.32479103589783],[129.84329223632812,33.32593850874473],[129.8419189453125,33.32593850874473],[129.8419189453125,33.32479103589783]]],[[[129.80758666992188,33.32364354794104],[129.8089599609375,33.32364354794104],[129.8089599609375,33.32479103589783],[129.80758666992188,33.32479103589783],[129.80758666992188,33.32364354794104]]],[[[129.80758666992188,33.32249604487462],[129.81033325195312,33.32249604487462],[129.81033325195312,33.32364354794104],[129.80758666992188,33.32364354794104],[129.80758666992188,33.32249604487462]]],[[[129.81170654296875,33.32249604487462],[129.81307983398438,33.32249604487462],[129.81307983398438,33.32364354794104],[129.81170654296875,33.32364354794104],[129.81170654296875,33.32249604487462]]],[[[129.84054565429688,33.32249604487462],[129.8419189453125,33.32249604487462],[129.8419189453125,33.32364354794104],[129.84054565429688,33.32364354794104],[129.84054565429688,33.32249604487462]]],[[[129.8089599609375,33.32134852669881],[129.81307983398438,33.32134852669881],[129.81307983398438,33.32249604487462],[129.8089599609375,33.32249604487462],[129.8089599609375,33.32134852669881]]],[[[129.81033325195312,33.32020099341389],[129.814453125,33.32020099341389],[129.814453125,33.32134852669881],[129.81033325195312,33.32134852669881],[129.81033325195312,33.32020099341389]]],[[[129.83917236328125,33.32020099341389],[129.84054565429688,33.32020099341389],[129.84054565429688,33.32134852669881],[129.83917236328125,33.32134852669881],[129.83917236328125,33.32020099341389]]],[[[129.81033325195312,33.31905344502012],[129.81170654296875,33.31905344502012],[129.81170654296875,33.32020099341389],[129.81033325195312,33.32020099341389],[129.81033325195312,33.31905344502012]]],[[[129.81170654296875,33.31790588151775],[129.81307983398438,33.31790588151775],[129.81307983398438,33.31905344502012],[129.81170654296875,33.31905344502012],[129.81170654296875,33.31790588151775]]],[[[129.83505249023438,33.31790588151775],[129.83642578125,33.31790588151775],[129.83642578125,33.31905344502012],[129.83505249023438,33.31905344502012],[129.83505249023438,33.31790588151775]]],[[[129.83917236328125,33.31790588151775],[129.84054565429688,33.31790588151775],[129.84054565429688,33.31905344502012],[129.83917236328125,33.31905344502012],[129.83917236328125,33.31790588151775]]],[[[129.8419189453125,33.31790588151775],[129.84329223632812,33.31790588151775],[129.84329223632812,33.32020099341389],[129.8419189453125,33.32020099341389],[129.8419189453125,33.31790588151775]]],[[[129.81170654296875,33.31675830290706],[129.814453125,33.31675830290706],[129.814453125,33.31790588151775],[129.81170654296875,33.31790588151775],[129.81170654296875,33.31675830290706]]],[[[129.83779907226562,33.31675830290706],[129.8419189453125,33.31675830290706],[129.8419189453125,33.31790588151775],[129.83779907226562,33.31790588151775],[129.83779907226562,33.31675830290706]]],[[[129.81307983398438,33.31561070918829],[129.814453125,33.31561070918829],[129.814453125,33.31675830290706],[129.81307983398438,33.31675830290706],[129.81307983398438,33.31561070918829]]],[[[129.81719970703125,33.31561070918829],[129.82131958007812,33.31561070918829],[129.82131958007812,33.31675830290706],[129.81719970703125,33.31675830290706],[129.81719970703125,33.31561070918829]]],[[[129.83505249023438,33.31561070918829],[129.83917236328125,33.31561070918829],[129.83917236328125,33.31675830290706],[129.83505249023438,33.31675830290706],[129.83505249023438,33.31561070918829]]],[[[129.81170654296875,33.31446310036172],[129.82131958007812,33.31446310036172],[129.82131958007812,33.31561070918829],[129.81170654296875,33.31561070918829],[129.81170654296875,33.31446310036172]]],[[[129.81170654296875,33.313315476427604],[129.8199462890625,33.313315476427604],[129.8199462890625,33.31446310036172],[129.81170654296875,33.31446310036172],[129.81170654296875,33.313315476427604]]],[[[129.83505249023438,33.313315476427604],[129.83642578125,33.313315476427604],[129.83642578125,33.31561070918829],[129.83505249023438,33.31561070918829],[129.83505249023438,33.313315476427604]]],[[[129.814453125,33.3121678373862],[129.8199462890625,33.3121678373862],[129.8199462890625,33.313315476427604],[129.814453125,33.313315476427604],[129.814453125,33.3121678373862]]],[[[129.81307983398438,33.31102018323777],[129.81719970703125,33.31102018323777],[129.81719970703125,33.3121678373862],[129.81307983398438,33.3121678373862],[129.81307983398438,33.31102018323777]]],[[[129.81307983398438,33.30987251398259],[129.814453125,33.30987251398259],[129.814453125,33.31102018323777],[129.81307983398438,33.31102018323777],[129.81307983398438,33.30987251398259]]],[[[129.81582641601562,33.30987251398259],[129.82269287109375,33.30987251398259],[129.82269287109375,33.31102018323777],[129.81582641601562,33.31102018323777],[129.81582641601562,33.30987251398259]]],[[[129.81307983398438,33.30757713015298],[129.82406616210938,33.30757713015298],[129.82406616210938,33.30987251398259],[129.81307983398438,33.30987251398259],[129.81307983398438,33.30757713015298]]],[[[129.8199462890625,33.306429415579075],[129.825439453125,33.306429415579075],[129.825439453125,33.30757713015298],[129.8199462890625,33.30757713015298],[129.8199462890625,33.306429415579075]]],[[[129.82131958007812,33.30528168589946],[129.825439453125,33.30528168589946],[129.825439453125,33.306429415579075],[129.82131958007812,33.306429415579075],[129.82131958007812,33.30528168589946]]],[[[129.82131958007812,33.304133941114394],[129.82681274414062,33.304133941114394],[129.82681274414062,33.30528168589946],[129.82131958007812,33.30528168589946],[129.82131958007812,33.304133941114394]]],[[[129.82955932617188,33.304133941114394],[129.8309326171875,33.304133941114394],[129.8309326171875,33.306429415579075],[129.82955932617188,33.306429415579075],[129.82955932617188,33.304133941114394]]],[[[129.8309326171875,33.30298618122413],[129.83230590820312,33.30298618122413],[129.83230590820312,33.304133941114394],[129.8309326171875,33.304133941114394],[129.8309326171875,33.30298618122413]]],[[[129.83917236328125,33.30298618122413],[129.84466552734375,33.30298618122413],[129.84466552734375,33.304133941114394],[129.83917236328125,33.304133941114394],[129.83917236328125,33.30298618122413]]],[[[129.82269287109375,33.30183840622894],[129.82818603515625,33.30183840622894],[129.82818603515625,33.304133941114394],[129.82269287109375,33.304133941114394],[129.82269287109375,33.30183840622894]]],[[[129.84329223632812,33.30183840622894],[129.84603881835938,33.30183840622894],[129.84603881835938,33.30298618122413],[129.84329223632812,33.30298618122413],[129.84329223632812,33.30183840622894]]],[[[129.825439453125,33.30069061612908],[129.82955932617188,33.30069061612908],[129.82955932617188,33.30183840622894],[129.825439453125,33.30183840622894],[129.825439453125,33.30069061612908]]],[[[129.84603881835938,33.30069061612908],[129.847412109375,33.30069061612908],[129.847412109375,33.30183840622894],[129.84603881835938,33.30183840622894],[129.84603881835938,33.30069061612908]]],[[[129.82681274414062,33.29954281092482],[129.82955932617188,33.29954281092482],[129.82955932617188,33.30069061612908],[129.82681274414062,33.30069061612908],[129.82681274414062,33.29954281092482]]],[[[129.84603881835938,33.29954281092482],[129.84878540039062,33.29954281092482],[129.84878540039062,33.30069061612908],[129.84603881835938,33.30069061612908],[129.84603881835938,33.29954281092482]]],[[[129.85015869140625,33.29954281092482],[129.85153198242188,33.29954281092482],[129.85153198242188,33.30069061612908],[129.85015869140625,33.30069061612908],[129.85015869140625,33.29954281092482]]],[[[129.82818603515625,33.298394990616416],[129.8309326171875,33.298394990616416],[129.8309326171875,33.29954281092482],[129.82818603515625,33.29954281092482],[129.82818603515625,33.298394990616416]]],[[[129.847412109375,33.298394990616416],[129.85153198242188,33.298394990616416],[129.85153198242188,33.29954281092482],[129.847412109375,33.29954281092482],[129.847412109375,33.298394990616416]]],[[[129.82955932617188,33.297247155204126],[129.8309326171875,33.297247155204126],[129.8309326171875,33.298394990616416],[129.82955932617188,33.298394990616416],[129.82955932617188,33.297247155204126]]],[[[129.82955932617188,33.29609930468822],[129.83230590820312,33.29609930468822],[129.83230590820312,33.297247155204126],[129.82955932617188,33.297247155204126],[129.82955932617188,33.29609930468822]]],[[[129.83779907226562,33.29609930468822],[129.84054565429688,33.29609930468822],[129.84054565429688,33.297247155204126],[129.83779907226562,33.297247155204126],[129.83779907226562,33.29609930468822]]],[[[129.84878540039062,33.29609930468822],[129.85153198242188,33.29609930468822],[129.85153198242188,33.298394990616416],[129.84878540039062,33.298394990616416],[129.84878540039062,33.29609930468822]]],[[[129.85015869140625,33.29495143906895],[129.8529052734375,33.29495143906895],[129.8529052734375,33.29609930468822],[129.85015869140625,33.29609930468822],[129.85015869140625,33.29495143906895]]],[[[129.82818603515625,33.29380355834659],[129.83230590820312,33.29380355834659],[129.83230590820312,33.29609930468822],[129.82818603515625,33.29609930468822],[129.82818603515625,33.29380355834659]]],[[[129.83779907226562,33.29380355834659],[129.83917236328125,33.29380355834659],[129.83917236328125,33.29495143906895],[129.83779907226562,33.29495143906895],[129.83779907226562,33.29380355834659]]],[[[129.85153198242188,33.29380355834659],[129.8529052734375,33.29380355834659],[129.8529052734375,33.29495143906895],[129.85153198242188,33.29495143906895],[129.85153198242188,33.29380355834659]]],[[[129.83779907226562,33.29265566252139],[129.8419189453125,33.29265566252139],[129.8419189453125,33.29380355834659],[129.83779907226562,33.29380355834659],[129.83779907226562,33.29265566252139]]],[[[129.84329223632812,33.29265566252139],[129.847412109375,33.29265566252139],[129.847412109375,33.29380355834659],[129.84329223632812,33.29380355834659],[129.84329223632812,33.29265566252139]]],[[[129.82955932617188,33.29150775159363],[129.83367919921875,33.29150775159363],[129.83367919921875,33.29380355834659],[129.82955932617188,33.29380355834659],[129.82955932617188,33.29150775159363]]],[[[129.83505249023438,33.29150775159363],[129.83642578125,33.29150775159363],[129.83642578125,33.29265566252139],[129.83505249023438,33.29265566252139],[129.83505249023438,33.29150775159363]]],[[[129.84054565429688,33.29150775159363],[129.8419189453125,33.29150775159363],[129.8419189453125,33.29265566252139],[129.84054565429688,33.29265566252139],[129.84054565429688,33.29150775159363]]],[[[129.84329223632812,33.29150775159363],[129.85015869140625,33.29150775159363],[129.85015869140625,33.29265566252139],[129.84329223632812,33.29265566252139],[129.84329223632812,33.29150775159363]]],[[[129.8529052734375,33.29150775159363],[129.85427856445312,33.29150775159363],[129.85427856445312,33.29380355834659],[129.8529052734375,33.29380355834659],[129.8529052734375,33.29150775159363]]],[[[129.8309326171875,33.29035982556355],[129.83779907226562,33.29035982556355],[129.83779907226562,33.29150775159363],[129.8309326171875,33.29150775159363],[129.8309326171875,33.29035982556355]]],[[[129.84329223632812,33.29035982556355],[129.85427856445312,33.29035982556355],[129.85427856445312,33.29150775159363],[129.84329223632812,33.29150775159363],[129.84329223632812,33.29035982556355]]],[[[129.83230590820312,33.28921188443142],[129.83779907226562,33.28921188443142],[129.83779907226562,33.29035982556355],[129.83230590820312,33.29035982556355],[129.83230590820312,33.28921188443142]]],[[[129.8419189453125,33.28921188443142],[129.85427856445312,33.28921188443142],[129.85427856445312,33.29035982556355],[129.8419189453125,33.29035982556355],[129.8419189453125,33.28921188443142]]],[[[129.83505249023438,33.28806392819751],[129.83917236328125,33.28806392819751],[129.83917236328125,33.28921188443142],[129.83505249023438,33.28921188443142],[129.83505249023438,33.28806392819751]]],[[[129.8419189453125,33.28806392819751],[129.8529052734375,33.28806392819751],[129.8529052734375,33.28921188443142],[129.8419189453125,33.28921188443142],[129.8419189453125,33.28806392819751]]],[[[129.83505249023438,33.286915956862074],[129.85153198242188,33.286915956862074],[129.85153198242188,33.28806392819751],[129.83505249023438,33.28806392819751],[129.83505249023438,33.286915956862074]]],[[[129.83642578125,33.285767970425375],[129.84603881835938,33.285767970425375],[129.84603881835938,33.286915956862074],[129.83642578125,33.286915956862074],[129.83642578125,33.285767970425375]]],[[[129.83779907226562,33.28461996888768],[129.84466552734375,33.28461996888768],[129.84466552734375,33.285767970425375],[129.83779907226562,33.285767970425375],[129.83779907226562,33.28461996888768]]],[[[129.83779907226562,33.28347195224925],[129.84329223632812,33.28347195224925],[129.84329223632812,33.28461996888768],[129.83779907226562,33.28461996888768],[129.83779907226562,33.28347195224925]]],[[[130.19485473632812,33.25476662931655],[130.19760131835938,33.25476662931655],[130.19760131835938,33.25591502338809],[130.19485473632812,33.25591502338809],[130.19485473632812,33.25476662931655]]],[[[130.19210815429688,33.25361822015109],[130.198974609375,33.25361822015109],[130.198974609375,33.25476662931655],[130.19210815429688,33.25476662931655],[130.19210815429688,33.25361822015109]]],[[[130.19073486328125,33.25246979589199],[130.20034790039062,33.25246979589199],[130.20034790039062,33.25361822015109],[130.19073486328125,33.25361822015109],[130.19073486328125,33.25246979589199]]],[[[130.19073486328125,33.251321356539506],[130.20172119140625,33.251321356539506],[130.20172119140625,33.25246979589199],[130.19073486328125,33.25246979589199],[130.19073486328125,33.251321356539506]]],[[[130.18936157226562,33.25017290209389],[130.19210815429688,33.25017290209389],[130.19210815429688,33.251321356539506],[130.18936157226562,33.251321356539506],[130.18936157226562,33.25017290209389]]],[[[130.19760131835938,33.25017290209389],[130.20309448242188,33.25017290209389],[130.20309448242188,33.251321356539506],[130.19760131835938,33.251321356539506],[130.19760131835938,33.25017290209389]]],[[[130.19073486328125,33.24902443255543],[130.19210815429688,33.24902443255543],[130.19210815429688,33.25017290209389],[130.19073486328125,33.25017290209389],[130.19073486328125,33.24902443255543]]],[[[130.198974609375,33.24902443255543],[130.20584106445312,33.24902443255543],[130.20584106445312,33.25017290209389],[130.198974609375,33.25017290209389],[130.198974609375,33.24902443255543]]],[[[130.23330688476562,33.24902443255543],[130.23605346679688,33.24902443255543],[130.23605346679688,33.25017290209389],[130.23330688476562,33.25017290209389],[130.23330688476562,33.24902443255543]]],[[[130.330810546875,33.24902443255543],[130.341796875,33.24902443255543],[130.341796875,33.25017290209389],[130.330810546875,33.25017290209389],[130.330810546875,33.24902443255543]]],[[[130.198974609375,33.247875947924385],[130.20858764648438,33.247875947924385],[130.20858764648438,33.24902443255543],[130.198974609375,33.24902443255543],[130.198974609375,33.247875947924385]]],[[[130.22232055664062,33.247875947924385],[130.22369384765625,33.247875947924385],[130.22369384765625,33.24902443255543],[130.22232055664062,33.24902443255543],[130.22232055664062,33.247875947924385]]],[[[130.23193359375,33.247875947924385],[130.23605346679688,33.247875947924385],[130.23605346679688,33.24902443255543],[130.23193359375,33.24902443255543],[130.23193359375,33.247875947924385]]],[[[130.32806396484375,33.247875947924385],[130.341796875,33.247875947924385],[130.341796875,33.24902443255543],[130.32806396484375,33.24902443255543],[130.32806396484375,33.247875947924385]]],[[[130.198974609375,33.24672744820099],[130.21133422851562,33.24672744820099],[130.21133422851562,33.247875947924385],[130.198974609375,33.247875947924385],[130.198974609375,33.24672744820099]]],[[[130.22232055664062,33.24672744820099],[130.22506713867188,33.24672744820099],[130.22506713867188,33.247875947924385],[130.22232055664062,33.247875947924385],[130.22232055664062,33.24672744820099]]],[[[130.32669067382812,33.24672744820099],[130.341796875,33.24672744820099],[130.341796875,33.247875947924385],[130.32669067382812,33.247875947924385],[130.32669067382812,33.24672744820099]]],[[[130.18661499023438,33.24557893338554],[130.19210815429688,33.24557893338554],[130.19210815429688,33.24672744820099],[130.18661499023438,33.24672744820099],[130.18661499023438,33.24557893338554]]],[[[130.19760131835938,33.24557893338554],[130.2154541015625,33.24557893338554],[130.2154541015625,33.24672744820099],[130.19760131835938,33.24672744820099],[130.19760131835938,33.24557893338554]]],[[[130.220947265625,33.24557893338554],[130.2264404296875,33.24557893338554],[130.2264404296875,33.24672744820099],[130.220947265625,33.24672744820099],[130.220947265625,33.24557893338554]]],[[[130.23056030273438,33.24557893338554],[130.2374267578125,33.24557893338554],[130.2374267578125,33.247875947924385],[130.23056030273438,33.247875947924385],[130.23056030273438,33.24557893338554]]],[[[130.32806396484375,33.24557893338554],[130.341796875,33.24557893338554],[130.341796875,33.24672744820099],[130.32806396484375,33.24672744820099],[130.32806396484375,33.24557893338554]]],[[[130.18661499023438,33.24443040347828],[130.21820068359375,33.24443040347828],[130.21820068359375,33.24557893338554],[130.18661499023438,33.24557893338554],[130.18661499023438,33.24443040347828]]],[[[130.21957397460938,33.24443040347828],[130.2264404296875,33.24443040347828],[130.2264404296875,33.24557893338554],[130.21957397460938,33.24557893338554],[130.21957397460938,33.24443040347828]]],[[[130.22918701171875,33.24443040347828],[130.23880004882812,33.24443040347828],[130.23880004882812,33.24557893338554],[130.22918701171875,33.24557893338554],[130.22918701171875,33.24443040347828]]],[[[130.264892578125,33.24443040347828],[130.26626586914062,33.24443040347828],[130.26626586914062,33.24672744820099],[130.264892578125,33.24672744820099],[130.264892578125,33.24443040347828]]],[[[130.31845092773438,33.24443040347828],[130.31982421875,33.24443040347828],[130.31982421875,33.24557893338554],[130.31845092773438,33.24557893338554],[130.31845092773438,33.24443040347828]]],[[[130.32943725585938,33.24443040347828],[130.341796875,33.24443040347828],[130.341796875,33.24557893338554],[130.32943725585938,33.24557893338554],[130.32943725585938,33.24443040347828]]],[[[130.18661499023438,33.24328185847947],[130.242919921875,33.24328185847947],[130.242919921875,33.24443040347828],[130.18661499023438,33.24443040347828],[130.18661499023438,33.24328185847947]]],[[[130.264892578125,33.24328185847947],[130.26763916015625,33.24328185847947],[130.26763916015625,33.24443040347828],[130.264892578125,33.24443040347828],[130.264892578125,33.24328185847947]]],[[[130.27450561523438,33.24328185847947],[130.27725219726562,33.24328185847947],[130.27725219726562,33.24443040347828],[130.27450561523438,33.24443040347828],[130.27450561523438,33.24328185847947]]],[[[130.29098510742188,33.24328185847947],[130.29373168945312,33.24328185847947],[130.29373168945312,33.24443040347828],[130.29098510742188,33.24443040347828],[130.29098510742188,33.24328185847947]]],[[[130.31707763671875,33.24328185847947],[130.34317016601562,33.24328185847947],[130.34317016601562,33.24443040347828],[130.31707763671875,33.24443040347828],[130.31707763671875,33.24328185847947]]],[[[130.18524169921875,33.242133298389405],[130.24429321289062,33.242133298389405],[130.24429321289062,33.24328185847947],[130.18524169921875,33.24328185847947],[130.18524169921875,33.242133298389405]]],[[[130.26214599609375,33.242133298389405],[130.26763916015625,33.242133298389405],[130.26763916015625,33.24328185847947],[130.26214599609375,33.24328185847947],[130.26214599609375,33.242133298389405]]],[[[130.26901245117188,33.242133298389405],[130.27725219726562,33.242133298389405],[130.27725219726562,33.24328185847947],[130.26901245117188,33.24328185847947],[130.26901245117188,33.242133298389405]]],[[[130.28961181640625,33.242133298389405],[130.29647827148438,33.242133298389405],[130.29647827148438,33.24328185847947],[130.28961181640625,33.24328185847947],[130.28961181640625,33.242133298389405]]],[[[130.31295776367188,33.242133298389405],[130.34317016601562,33.242133298389405],[130.34317016601562,33.24328185847947],[130.31295776367188,33.24328185847947],[130.31295776367188,33.242133298389405]]],[[[130.18661499023438,33.24098472320831],[130.24703979492188,33.24098472320831],[130.24703979492188,33.242133298389405],[130.18661499023438,33.242133298389405],[130.18661499023438,33.24098472320831]]],[[[130.25253295898438,33.24098472320831],[130.27725219726562,33.24098472320831],[130.27725219726562,33.242133298389405],[130.25253295898438,33.242133298389405],[130.25253295898438,33.24098472320831]]],[[[130.28961181640625,33.24098472320831],[130.2978515625,33.24098472320831],[130.2978515625,33.242133298389405],[130.28961181640625,33.242133298389405],[130.28961181640625,33.24098472320831]]],[[[130.308837890625,33.24098472320831],[130.34317016601562,33.24098472320831],[130.34317016601562,33.242133298389405],[130.308837890625,33.242133298389405],[130.308837890625,33.24098472320831]]],[[[130.18661499023438,33.23983613293646],[130.27725219726562,33.23983613293646],[130.27725219726562,33.24098472320831],[130.18661499023438,33.24098472320831],[130.18661499023438,33.23983613293646]]],[[[130.28823852539062,33.23983613293646],[130.29922485351562,33.23983613293646],[130.29922485351562,33.24098472320831],[130.28823852539062,33.24098472320831],[130.28823852539062,33.23983613293646]]],[[[130.30609130859375,33.23983613293646],[130.34454345703125,33.23983613293646],[130.34454345703125,33.24098472320831],[130.30609130859375,33.24098472320831],[130.30609130859375,33.23983613293646]]],[[[130.18524169921875,33.23868752757413],[130.27725219726562,33.23868752757413],[130.27725219726562,33.23983613293646],[130.18524169921875,33.23983613293646],[130.18524169921875,33.23868752757413]]],[[[130.286865234375,33.23868752757413],[130.30059814453125,33.23868752757413],[130.30059814453125,33.23983613293646],[130.286865234375,33.23983613293646],[130.286865234375,33.23868752757413]]],[[[130.3033447265625,33.23868752757413],[130.330810546875,33.23868752757413],[130.330810546875,33.23983613293646],[130.3033447265625,33.23983613293646],[130.3033447265625,33.23868752757413]]],[[[130.33355712890625,33.23868752757413],[130.34591674804688,33.23868752757413],[130.34591674804688,33.23983613293646],[130.33355712890625,33.23983613293646],[130.33355712890625,33.23868752757413]]],[[[130.18524169921875,33.23753890712157],[130.27862548828125,33.23753890712157],[130.27862548828125,33.23868752757413],[130.18524169921875,33.23868752757413],[130.18524169921875,33.23753890712157]]],[[[130.28411865234375,33.23753890712157],[130.32943725585938,33.23753890712157],[130.32943725585938,33.23868752757413],[130.28411865234375,33.23868752757413],[130.28411865234375,33.23753890712157]]],[[[130.3363037109375,33.23753890712157],[130.3472900390625,33.23753890712157],[130.3472900390625,33.23868752757413],[130.3363037109375,33.23868752757413],[130.3363037109375,33.23753890712157]]],[[[130.18386840820312,33.236390271579054],[130.24703979492188,33.236390271579054],[130.24703979492188,33.23753890712157],[130.18386840820312,33.23753890712157],[130.18386840820312,33.236390271579054]]],[[[130.25253295898438,33.236390271579054],[130.32806396484375,33.236390271579054],[130.32806396484375,33.23753890712157],[130.25253295898438,33.23753890712157],[130.25253295898438,33.236390271579054]]],[[[130.3363037109375,33.236390271579054],[130.35003662109375,33.236390271579054],[130.35003662109375,33.23753890712157],[130.3363037109375,33.23753890712157],[130.3363037109375,33.236390271579054]]],[[[130.1824951171875,33.23524162094684],[130.24703979492188,33.23524162094684],[130.24703979492188,33.236390271579054],[130.1824951171875,33.236390271579054],[130.1824951171875,33.23524162094684]]],[[[130.25390625,33.23524162094684],[130.32806396484375,33.23524162094684],[130.32806396484375,33.236390271579054],[130.25390625,33.236390271579054],[130.25390625,33.23524162094684]]],[[[130.33355712890625,33.23524162094684],[130.34866333007812,33.23524162094684],[130.34866333007812,33.236390271579054],[130.33355712890625,33.236390271579054],[130.33355712890625,33.23524162094684]]],[[[130.33355712890625,33.23409295522519],[130.3472900390625,33.23409295522519],[130.3472900390625,33.23524162094684],[130.33355712890625,33.23524162094684],[130.33355712890625,33.23409295522519]]],[[[130.18112182617188,33.232944274414365],[130.2484130859375,33.232944274414365],[130.2484130859375,33.23524162094684],[130.18112182617188,33.23524162094684],[130.18112182617188,33.232944274414365]]],[[[130.25527954101562,33.232944274414365],[130.330810546875,33.232944274414365],[130.330810546875,33.23524162094684],[130.25527954101562,33.23524162094684],[130.25527954101562,33.232944274414365]]],[[[130.33493041992188,33.232944274414365],[130.34591674804688,33.232944274414365],[130.34591674804688,33.23409295522519],[130.33493041992188,33.23409295522519],[130.33493041992188,33.232944274414365]]],[[[130.17974853515625,33.23179557851464],[130.2484130859375,33.23179557851464],[130.2484130859375,33.232944274414365],[130.17974853515625,33.232944274414365],[130.17974853515625,33.23179557851464]]],[[[130.25527954101562,33.23179557851464],[130.25665283203125,33.23179557851464],[130.25665283203125,33.232944274414365],[130.25527954101562,33.232944274414365],[130.25527954101562,33.23179557851464]]],[[[130.26077270507812,33.23179557851464],[130.330810546875,33.23179557851464],[130.330810546875,33.232944274414365],[130.26077270507812,33.232944274414365],[130.26077270507812,33.23179557851464]]],[[[130.18112182617188,33.23064686752626],[130.2484130859375,33.23064686752626],[130.2484130859375,33.23179557851464],[130.18112182617188,33.23179557851464],[130.18112182617188,33.23064686752626]]],[[[130.25390625,33.23064686752626],[130.25665283203125,33.23064686752626],[130.25665283203125,33.23179557851464],[130.25390625,33.23179557851464],[130.25390625,33.23064686752626]]],[[[130.26077270507812,33.23064686752626],[130.33218383789062,33.23064686752626],[130.33218383789062,33.23179557851464],[130.26077270507812,33.23179557851464],[130.26077270507812,33.23064686752626]]],[[[130.3363037109375,33.23064686752626],[130.34454345703125,33.23064686752626],[130.34454345703125,33.232944274414365],[130.3363037109375,33.232944274414365],[130.3363037109375,33.23064686752626]]],[[[130.1824951171875,33.229498141449504],[130.2484130859375,33.229498141449504],[130.2484130859375,33.23064686752626],[130.1824951171875,33.23064686752626],[130.1824951171875,33.229498141449504]]],[[[130.26077270507812,33.229498141449504],[130.34454345703125,33.229498141449504],[130.34454345703125,33.23064686752626],[130.26077270507812,33.23064686752626],[130.26077270507812,33.229498141449504]]],[[[130.25253295898438,33.228349400284635],[130.2593994140625,33.228349400284635],[130.2593994140625,33.23064686752626],[130.25253295898438,33.23064686752626],[130.25253295898438,33.228349400284635]]],[[[130.1824951171875,33.2272006440319],[130.24978637695312,33.2272006440319],[130.24978637695312,33.229498141449504],[130.1824951171875,33.229498141449504],[130.1824951171875,33.2272006440319]]],[[[130.25115966796875,33.2272006440319],[130.26077270507812,33.2272006440319],[130.26077270507812,33.228349400284635],[130.25115966796875,33.228349400284635],[130.25115966796875,33.2272006440319]]],[[[130.26214599609375,33.2272006440319],[130.34454345703125,33.2272006440319],[130.34454345703125,33.229498141449504],[130.26214599609375,33.229498141449504],[130.26214599609375,33.2272006440319]]],[[[130.18112182617188,33.2260518726916],[130.29373168945312,33.2260518726916],[130.29373168945312,33.2272006440319],[130.18112182617188,33.2272006440319],[130.18112182617188,33.2260518726916]]],[[[130.30059814453125,33.2260518726916],[130.34454345703125,33.2260518726916],[130.34454345703125,33.2272006440319],[130.30059814453125,33.2272006440319],[130.30059814453125,33.2260518726916]]],[[[130.17974853515625,33.22490308626396],[130.29510498046875,33.22490308626396],[130.29510498046875,33.2260518726916],[130.17974853515625,33.2260518726916],[130.17974853515625,33.22490308626396]]],[[[130.29922485351562,33.22490308626396],[130.34454345703125,33.22490308626396],[130.34454345703125,33.2260518726916],[130.29922485351562,33.2260518726916],[130.29922485351562,33.22490308626396]]],[[[130.17837524414062,33.22375428474925],[130.29510498046875,33.22375428474925],[130.29510498046875,33.22490308626396],[130.17837524414062,33.22490308626396],[130.17837524414062,33.22375428474925]]],[[[130.29922485351562,33.22375428474925],[130.34317016601562,33.22375428474925],[130.34317016601562,33.22490308626396],[130.29922485351562,33.22490308626396],[130.29922485351562,33.22375428474925]]],[[[130.17425537109375,33.222605468147755],[130.22369384765625,33.222605468147755],[130.22369384765625,33.22375428474925],[130.17425537109375,33.22375428474925],[130.17425537109375,33.222605468147755]]],[[[130.2264404296875,33.222605468147755],[130.29510498046875,33.222605468147755],[130.29510498046875,33.22375428474925],[130.2264404296875,33.22375428474925],[130.2264404296875,33.222605468147755]]],[[[130.2978515625,33.222605468147755],[130.34317016601562,33.222605468147755],[130.34317016601562,33.22375428474925],[130.2978515625,33.22375428474925],[130.2978515625,33.222605468147755]]],[[[130.17288208007812,33.22145663645971],[130.22232055664062,33.22145663645971],[130.22232055664062,33.222605468147755],[130.17288208007812,33.222605468147755],[130.17288208007812,33.22145663645971]]],[[[130.23056030273438,33.22145663645971],[130.31845092773438,33.22145663645971],[130.31845092773438,33.222605468147755],[130.23056030273438,33.222605468147755],[130.23056030273438,33.22145663645971]]],[[[130.32119750976562,33.22145663645971],[130.34454345703125,33.22145663645971],[130.34454345703125,33.222605468147755],[130.32119750976562,33.222605468147755],[130.32119750976562,33.22145663645971]]],[[[130.14816284179688,33.22030778968541],[130.1495361328125,33.22030778968541],[130.1495361328125,33.22145663645971],[130.14816284179688,33.22145663645971],[130.14816284179688,33.22030778968541]]],[[[130.1715087890625,33.22030778968541],[130.22232055664062,33.22030778968541],[130.22232055664062,33.22145663645971],[130.1715087890625,33.22145663645971],[130.1715087890625,33.22030778968541]]],[[[130.23193359375,33.22030778968541],[130.31295776367188,33.22030778968541],[130.31295776367188,33.22145663645971],[130.23193359375,33.22145663645971],[130.23193359375,33.22030778968541]]],[[[130.3253173828125,33.22030778968541],[130.3472900390625,33.22030778968541],[130.3472900390625,33.22145663645971],[130.3253173828125,33.22145663645971],[130.3253173828125,33.22030778968541]]],[[[130.14541625976562,33.21915892782509],[130.155029296875,33.21915892782509],[130.155029296875,33.22030778968541],[130.14541625976562,33.22030778968541],[130.14541625976562,33.21915892782509]]],[[[130.17013549804688,33.21915892782509],[130.22232055664062,33.21915892782509],[130.22232055664062,33.22030778968541],[130.17013549804688,33.22030778968541],[130.17013549804688,33.21915892782509]]],[[[130.23330688476562,33.21915892782509],[130.308837890625,33.21915892782509],[130.308837890625,33.22030778968541],[130.23330688476562,33.22030778968541],[130.23330688476562,33.21915892782509]]],[[[130.32669067382812,33.21915892782509],[130.34866333007812,33.21915892782509],[130.34866333007812,33.22030778968541],[130.32669067382812,33.22030778968541],[130.32669067382812,33.21915892782509]]],[[[130.14404296875,33.21801005087903],[130.22232055664062,33.21801005087903],[130.22232055664062,33.21915892782509],[130.14404296875,33.21915892782509],[130.14404296875,33.21801005087903]]],[[[130.14404296875,33.21686115884749],[130.198974609375,33.21686115884749],[130.198974609375,33.21801005087903],[130.14404296875,33.21801005087903],[130.14404296875,33.21686115884749]]],[[[130.20172119140625,33.21686115884749],[130.22232055664062,33.21686115884749],[130.22232055664062,33.21801005087903],[130.20172119140625,33.21801005087903],[130.20172119140625,33.21686115884749]]],[[[130.23468017578125,33.21686115884749],[130.30609130859375,33.21686115884749],[130.30609130859375,33.21915892782509],[130.23468017578125,33.21915892782509],[130.23468017578125,33.21686115884749]]],[[[130.32806396484375,33.21686115884749],[130.35003662109375,33.21686115884749],[130.35003662109375,33.21915892782509],[130.32806396484375,33.21915892782509],[130.32806396484375,33.21686115884749]]],[[[130.14404296875,33.215712251730736],[130.19760131835938,33.215712251730736],[130.19760131835938,33.21686115884749],[130.14404296875,33.21686115884749],[130.14404296875,33.215712251730736]]],[[[130.20172119140625,33.215712251730736],[130.220947265625,33.215712251730736],[130.220947265625,33.21686115884749],[130.20172119140625,33.21686115884749],[130.20172119140625,33.215712251730736]]],[[[130.32806396484375,33.215712251730736],[130.352783203125,33.215712251730736],[130.352783203125,33.21686115884749],[130.32806396484375,33.21686115884749],[130.32806396484375,33.215712251730736]]],[[[130.23330688476562,33.21456332952903],[130.30746459960938,33.21456332952903],[130.30746459960938,33.21686115884749],[130.23330688476562,33.21686115884749],[130.23330688476562,33.21456332952903]]],[[[130.32806396484375,33.21456332952903],[130.35415649414062,33.21456332952903],[130.35415649414062,33.215712251730736],[130.32806396484375,33.215712251730736],[130.32806396484375,33.21456332952903]]],[[[130.20309448242188,33.21341439224264],[130.220947265625,33.21341439224264],[130.220947265625,33.215712251730736],[130.20309448242188,33.215712251730736],[130.20309448242188,33.21341439224264]]],[[[130.23330688476562,33.21341439224264],[130.308837890625,33.21341439224264],[130.308837890625,33.21456332952903],[130.23330688476562,33.21456332952903],[130.23330688476562,33.21341439224264]]],[[[130.32806396484375,33.21341439224264],[130.35552978515625,33.21341439224264],[130.35552978515625,33.21456332952903],[130.32806396484375,33.21456332952903],[130.32806396484375,33.21341439224264]]],[[[130.14266967773438,33.21226543987182],[130.19760131835938,33.21226543987182],[130.19760131835938,33.215712251730736],[130.14266967773438,33.215712251730736],[130.14266967773438,33.21226543987182]]],[[[130.20034790039062,33.21226543987182],[130.220947265625,33.21226543987182],[130.220947265625,33.21341439224264],[130.20034790039062,33.21341439224264],[130.20034790039062,33.21226543987182]]],[[[130.23193359375,33.21226543987182],[130.308837890625,33.21226543987182],[130.308837890625,33.21341439224264],[130.23193359375,33.21341439224264],[130.23193359375,33.21226543987182]]],[[[130.32806396484375,33.21226543987182],[130.35690307617188,33.21226543987182],[130.35690307617188,33.21341439224264],[130.32806396484375,33.21341439224264],[130.32806396484375,33.21226543987182]]],[[[130.14129638671875,33.21111647241684],[130.220947265625,33.21111647241684],[130.220947265625,33.21226543987182],[130.14129638671875,33.21226543987182],[130.14129638671875,33.21111647241684]]],[[[130.23193359375,33.21111647241684],[130.31021118164062,33.21111647241684],[130.31021118164062,33.21226543987182],[130.23193359375,33.21226543987182],[130.23193359375,33.21111647241684]]],[[[130.32257080078125,33.21111647241684],[130.35552978515625,33.21111647241684],[130.35552978515625,33.21226543987182],[130.32257080078125,33.21226543987182],[130.32257080078125,33.21111647241684]]],[[[130.13992309570312,33.20996748987797],[130.220947265625,33.20996748987797],[130.220947265625,33.21111647241684],[130.13992309570312,33.21111647241684],[130.13992309570312,33.20996748987797]]],[[[130.23193359375,33.20996748987797],[130.28961181640625,33.20996748987797],[130.28961181640625,33.21111647241684],[130.23193359375,33.21111647241684],[130.23193359375,33.20996748987797]]],[[[130.29647827148438,33.20996748987797],[130.31021118164062,33.20996748987797],[130.31021118164062,33.21111647241684],[130.29647827148438,33.21111647241684],[130.29647827148438,33.20996748987797]]],[[[130.32257080078125,33.20996748987797],[130.34454345703125,33.20996748987797],[130.34454345703125,33.21111647241684],[130.32257080078125,33.21111647241684],[130.32257080078125,33.20996748987797]]],[[[130.3472900390625,33.20996748987797],[130.352783203125,33.20996748987797],[130.352783203125,33.21111647241684],[130.3472900390625,33.21111647241684],[130.3472900390625,33.20996748987797]]],[[[130.14129638671875,33.20881849225545],[130.18112182617188,33.20881849225545],[130.18112182617188,33.20996748987797],[130.14129638671875,33.20996748987797],[130.14129638671875,33.20881849225545]]],[[[130.19485473632812,33.20881849225545],[130.22232055664062,33.20881849225545],[130.22232055664062,33.20996748987797],[130.19485473632812,33.20996748987797],[130.19485473632812,33.20881849225545]]],[[[130.23056030273438,33.20881849225545],[130.286865234375,33.20881849225545],[130.286865234375,33.20996748987797],[130.23056030273438,33.20996748987797],[130.23056030273438,33.20881849225545]]],[[[130.2978515625,33.20881849225545],[130.31158447265625,33.20881849225545],[130.31158447265625,33.20996748987797],[130.2978515625,33.20996748987797],[130.2978515625,33.20881849225545]]],[[[130.32119750976562,33.20881849225545],[130.3363037109375,33.20881849225545],[130.3363037109375,33.20996748987797],[130.32119750976562,33.20996748987797],[130.32119750976562,33.20881849225545]]],[[[130.14129638671875,33.20766947954959],[130.17974853515625,33.20766947954959],[130.17974853515625,33.20881849225545],[130.14129638671875,33.20881849225545],[130.14129638671875,33.20766947954959]]],[[[130.20309448242188,33.20766947954959],[130.22232055664062,33.20766947954959],[130.22232055664062,33.20881849225545],[130.20309448242188,33.20881849225545],[130.20309448242188,33.20766947954959]]],[[[130.23056030273438,33.20766947954959],[130.28549194335938,33.20766947954959],[130.28549194335938,33.20881849225545],[130.23056030273438,33.20881849225545],[130.23056030273438,33.20766947954959]]],[[[130.29922485351562,33.20766947954959],[130.31158447265625,33.20766947954959],[130.31158447265625,33.20881849225545],[130.29922485351562,33.20881849225545],[130.29922485351562,33.20766947954959]]],[[[130.31982421875,33.20766947954959],[130.33493041992188,33.20766947954959],[130.33493041992188,33.20881849225545],[130.31982421875,33.20881849225545],[130.31982421875,33.20766947954959]]],[[[130.14404296875,33.20652045176061],[130.17974853515625,33.20652045176061],[130.17974853515625,33.20766947954959],[130.14404296875,33.20766947954959],[130.14404296875,33.20652045176061]]],[[[130.2044677734375,33.20652045176061],[130.28411865234375,33.20652045176061],[130.28411865234375,33.20766947954959],[130.2044677734375,33.20766947954959],[130.2044677734375,33.20652045176061]]],[[[130.30059814453125,33.20652045176061],[130.31295776367188,33.20652045176061],[130.31295776367188,33.20766947954959],[130.30059814453125,33.20766947954959],[130.30059814453125,33.20652045176061]]],[[[130.31982421875,33.20652045176061],[130.33355712890625,33.20652045176061],[130.33355712890625,33.20766947954959],[130.31982421875,33.20766947954959],[130.31982421875,33.20652045176061]]],[[[130.34317016601562,33.20652045176061],[130.3472900390625,33.20652045176061],[130.3472900390625,33.20766947954959],[130.34317016601562,33.20766947954959],[130.34317016601562,33.20652045176061]]],[[[130.35140991210938,33.20652045176061],[130.35690307617188,33.20652045176061],[130.35690307617188,33.20766947954959],[130.35140991210938,33.20766947954959],[130.35140991210938,33.20652045176061]]],[[[130.3033447265625,33.20537140888879],[130.3143310546875,33.20537140888879],[130.3143310546875,33.20652045176061],[130.3033447265625,33.20652045176061],[130.3033447265625,33.20537140888879]]],[[[130.31845092773438,33.20537140888879],[130.33355712890625,33.20537140888879],[130.33355712890625,33.20652045176061],[130.31845092773438,33.20652045176061],[130.31845092773438,33.20537140888879]]],[[[130.341796875,33.20537140888879],[130.35964965820312,33.20537140888879],[130.35964965820312,33.20652045176061],[130.341796875,33.20652045176061],[130.341796875,33.20537140888879]]],[[[130.14541625976562,33.20422235093439],[130.17837524414062,33.20422235093439],[130.17837524414062,33.20652045176061],[130.14541625976562,33.20652045176061],[130.14541625976562,33.20422235093439]]],[[[130.2044677734375,33.20422235093439],[130.28274536132812,33.20422235093439],[130.28274536132812,33.20652045176061],[130.2044677734375,33.20652045176061],[130.2044677734375,33.20422235093439]]],[[[130.30197143554688,33.20422235093439],[130.33218383789062,33.20422235093439],[130.33218383789062,33.20537140888879],[130.30197143554688,33.20537140888879],[130.30197143554688,33.20422235093439]]],[[[130.34042358398438,33.20422235093439],[130.35415649414062,33.20422235093439],[130.35415649414062,33.20537140888879],[130.34042358398438,33.20537140888879],[130.34042358398438,33.20422235093439]]],[[[130.35552978515625,33.20422235093439],[130.36239624023438,33.20422235093439],[130.36239624023438,33.20537140888879],[130.35552978515625,33.20537140888879],[130.35552978515625,33.20422235093439]]],[[[130.14404296875,33.20307327789768],[130.18112182617188,33.20307327789768],[130.18112182617188,33.20422235093439],[130.14404296875,33.20422235093439],[130.14404296875,33.20307327789768]]],[[[130.20309448242188,33.20307327789768],[130.28274536132812,33.20307327789768],[130.28274536132812,33.20422235093439],[130.20309448242188,33.20422235093439],[130.20309448242188,33.20307327789768]]],[[[130.29922485351562,33.20307327789768],[130.33355712890625,33.20307327789768],[130.33355712890625,33.20422235093439],[130.29922485351562,33.20422235093439],[130.29922485351562,33.20307327789768]]],[[[130.34042358398438,33.20307327789768],[130.352783203125,33.20307327789768],[130.352783203125,33.20422235093439],[130.34042358398438,33.20422235093439],[130.34042358398438,33.20307327789768]]],[[[130.35690307617188,33.20307327789768],[130.36514282226562,33.20307327789768],[130.36514282226562,33.20422235093439],[130.35690307617188,33.20422235093439],[130.35690307617188,33.20307327789768]]],[[[130.14404296875,33.20192418977892],[130.1824951171875,33.20192418977892],[130.1824951171875,33.20307327789768],[130.14404296875,33.20307327789768],[130.14404296875,33.20192418977892]]],[[[130.20034790039062,33.20192418977892],[130.28274536132812,33.20192418977892],[130.28274536132812,33.20307327789768],[130.20034790039062,33.20307327789768],[130.20034790039062,33.20192418977892]]],[[[130.29647827148438,33.20192418977892],[130.33355712890625,33.20192418977892],[130.33355712890625,33.20307327789768],[130.29647827148438,33.20307327789768],[130.29647827148438,33.20192418977892]]],[[[130.34042358398438,33.20192418977892],[130.35140991210938,33.20192418977892],[130.35140991210938,33.20307327789768],[130.34042358398438,33.20307327789768],[130.34042358398438,33.20192418977892]]],[[[130.3582763671875,33.20192418977892],[130.36651611328125,33.20192418977892],[130.36651611328125,33.20307327789768],[130.3582763671875,33.20307327789768],[130.3582763671875,33.20192418977892]]],[[[130.14129638671875,33.20077508657839],[130.18386840820312,33.20077508657839],[130.18386840820312,33.20192418977892],[130.14129638671875,33.20192418977892],[130.14129638671875,33.20077508657839]]],[[[130.19760131835938,33.20077508657839],[130.24703979492188,33.20077508657839],[130.24703979492188,33.20192418977892],[130.19760131835938,33.20192418977892],[130.19760131835938,33.20077508657839]]],[[[130.25390625,33.20077508657839],[130.28274536132812,33.20077508657839],[130.28274536132812,33.20192418977892],[130.25390625,33.20192418977892],[130.25390625,33.20077508657839]]],[[[130.29373168945312,33.20077508657839],[130.33493041992188,33.20077508657839],[130.33493041992188,33.20192418977892],[130.29373168945312,33.20192418977892],[130.29373168945312,33.20077508657839]]],[[[130.341796875,33.20077508657839],[130.35140991210938,33.20077508657839],[130.35140991210938,33.20192418977892],[130.341796875,33.20192418977892],[130.341796875,33.20077508657839]]],[[[130.3582763671875,33.20077508657839],[130.36788940429688,33.20077508657839],[130.36788940429688,33.20192418977892],[130.3582763671875,33.20192418977892],[130.3582763671875,33.20077508657839]]],[[[130.1385498046875,33.19962596829634],[130.18524169921875,33.19962596829634],[130.18524169921875,33.20077508657839],[130.1385498046875,33.20077508657839],[130.1385498046875,33.19962596829634]]],[[[130.1934814453125,33.19962596829634],[130.24703979492188,33.19962596829634],[130.24703979492188,33.20077508657839],[130.1934814453125,33.20077508657839],[130.1934814453125,33.19962596829634]]],[[[130.25527954101562,33.19962596829634],[130.28274536132812,33.19962596829634],[130.28274536132812,33.20077508657839],[130.25527954101562,33.20077508657839],[130.25527954101562,33.19962596829634]]],[[[130.29098510742188,33.19962596829634],[130.33493041992188,33.19962596829634],[130.33493041992188,33.20077508657839],[130.29098510742188,33.20077508657839],[130.29098510742188,33.19962596829634]]],[[[130.35964965820312,33.19962596829634],[130.36788940429688,33.19962596829634],[130.36788940429688,33.20077508657839],[130.35964965820312,33.20077508657839],[130.35964965820312,33.19962596829634]]],[[[130.1385498046875,33.19847683493302],[130.18798828125,33.19847683493302],[130.18798828125,33.19962596829634],[130.1385498046875,33.19962596829634],[130.1385498046875,33.19847683493302]]],[[[130.19073486328125,33.19847683493302],[130.24703979492188,33.19847683493302],[130.24703979492188,33.19962596829634],[130.19073486328125,33.19962596829634],[130.19073486328125,33.19847683493302]]],[[[130.28823852539062,33.19847683493302],[130.33493041992188,33.19847683493302],[130.33493041992188,33.19962596829634],[130.28823852539062,33.19962596829634],[130.28823852539062,33.19847683493302]]],[[[130.341796875,33.19847683493302],[130.35003662109375,33.19847683493302],[130.35003662109375,33.20077508657839],[130.341796875,33.20077508657839],[130.341796875,33.19847683493302]]],[[[130.35964965820312,33.19847683493302],[130.36102294921875,33.19847683493302],[130.36102294921875,33.19962596829634],[130.35964965820312,33.19962596829634],[130.35964965820312,33.19847683493302]]],[[[130.36239624023438,33.19847683493302],[130.36788940429688,33.19847683493302],[130.36788940429688,33.19962596829634],[130.36239624023438,33.19962596829634],[130.36239624023438,33.19847683493302]]],[[[130.1385498046875,33.19732768648873],[130.24703979492188,33.19732768648873],[130.24703979492188,33.19847683493302],[130.1385498046875,33.19847683493302],[130.1385498046875,33.19732768648873]]],[[[130.25665283203125,33.19732768648873],[130.28411865234375,33.19732768648873],[130.28411865234375,33.19962596829634],[130.25665283203125,33.19962596829634],[130.25665283203125,33.19732768648873]]],[[[130.28549194335938,33.19732768648873],[130.3363037109375,33.19732768648873],[130.3363037109375,33.19847683493302],[130.28549194335938,33.19847683493302],[130.28549194335938,33.19732768648873]]],[[[130.14129638671875,33.1961785229637],[130.24703979492188,33.1961785229637],[130.24703979492188,33.19732768648873],[130.14129638671875,33.19732768648873],[130.14129638671875,33.1961785229637]]],[[[130.25390625,33.1961785229637],[130.3363037109375,33.1961785229637],[130.3363037109375,33.19732768648873],[130.25390625,33.19732768648873],[130.25390625,33.1961785229637]]],[[[130.36376953125,33.1961785229637],[130.36788940429688,33.1961785229637],[130.36788940429688,33.19847683493302],[130.36376953125,33.19847683493302],[130.36376953125,33.1961785229637]]],[[[130.14404296875,33.19502934435821],[130.2484130859375,33.19502934435821],[130.2484130859375,33.1961785229637],[130.14404296875,33.1961785229637],[130.14404296875,33.19502934435821]]],[[[130.36376953125,33.19502934435821],[130.37063598632812,33.19502934435821],[130.37063598632812,33.1961785229637],[130.36376953125,33.1961785229637],[130.36376953125,33.19502934435821]]],[[[130.111083984375,33.19388015067253],[130.11383056640625,33.19388015067253],[130.11383056640625,33.19502934435821],[130.111083984375,33.19502934435821],[130.111083984375,33.19388015067253]]],[[[130.11795043945312,33.19388015067253],[130.1220703125,33.19388015067253],[130.1220703125,33.19502934435821],[130.11795043945312,33.19502934435821],[130.11795043945312,33.19388015067253]]],[[[130.14541625976562,33.19388015067253],[130.15914916992188,33.19388015067253],[130.15914916992188,33.19502934435821],[130.14541625976562,33.19502934435821],[130.14541625976562,33.19388015067253]]],[[[130.16464233398438,33.19388015067253],[130.2484130859375,33.19388015067253],[130.2484130859375,33.19502934435821],[130.16464233398438,33.19502934435821],[130.16464233398438,33.19388015067253]]],[[[130.25390625,33.19388015067253],[130.33767700195312,33.19388015067253],[130.33767700195312,33.1961785229637],[130.25390625,33.1961785229637],[130.25390625,33.19388015067253]]],[[[130.34317016601562,33.19388015067253],[130.35003662109375,33.19388015067253],[130.35003662109375,33.19847683493302],[130.34317016601562,33.19847683493302],[130.34317016601562,33.19388015067253]]],[[[130.36376953125,33.19388015067253],[130.374755859375,33.19388015067253],[130.374755859375,33.19502934435821],[130.36376953125,33.19502934435821],[130.36376953125,33.19388015067253]]],[[[130.11245727539062,33.19273094190691],[130.12344360351562,33.19273094190691],[130.12344360351562,33.19388015067253],[130.11245727539062,33.19388015067253],[130.11245727539062,33.19273094190691]]],[[[130.14541625976562,33.19273094190691],[130.155029296875,33.19273094190691],[130.155029296875,33.19388015067253],[130.14541625976562,33.19388015067253],[130.14541625976562,33.19273094190691]]],[[[130.16464233398438,33.19273094190691],[130.18936157226562,33.19273094190691],[130.18936157226562,33.19388015067253],[130.16464233398438,33.19388015067253],[130.16464233398438,33.19273094190691]]],[[[130.19485473632812,33.19273094190691],[130.23330688476562,33.19273094190691],[130.23330688476562,33.19388015067253],[130.19485473632812,33.19388015067253],[130.19485473632812,33.19273094190691]]],[[[130.23468017578125,33.19273094190691],[130.2484130859375,33.19273094190691],[130.2484130859375,33.19388015067253],[130.23468017578125,33.19388015067253],[130.23468017578125,33.19273094190691]]],[[[130.25253295898438,33.19273094190691],[130.33767700195312,33.19273094190691],[130.33767700195312,33.19388015067253],[130.25253295898438,33.19388015067253],[130.25253295898438,33.19273094190691]]],[[[130.34454345703125,33.19273094190691],[130.35140991210938,33.19273094190691],[130.35140991210938,33.19388015067253],[130.34454345703125,33.19388015067253],[130.34454345703125,33.19273094190691]]],[[[130.36102294921875,33.19273094190691],[130.37750244140625,33.19273094190691],[130.37750244140625,33.19388015067253],[130.36102294921875,33.19388015067253],[130.36102294921875,33.19273094190691]]],[[[130.11383056640625,33.19158171806163],[130.12619018554688,33.19158171806163],[130.12619018554688,33.19273094190691],[130.11383056640625,33.19273094190691],[130.11383056640625,33.19158171806163]]],[[[130.1275634765625,33.19158171806163],[130.13168334960938,33.19158171806163],[130.13168334960938,33.19273094190691],[130.1275634765625,33.19273094190691],[130.1275634765625,33.19158171806163]]],[[[130.166015625,33.19158171806163],[130.18798828125,33.19158171806163],[130.18798828125,33.19273094190691],[130.166015625,33.19273094190691],[130.166015625,33.19158171806163]]],[[[130.19485473632812,33.19158171806163],[130.23193359375,33.19158171806163],[130.23193359375,33.19273094190691],[130.19485473632812,33.19273094190691],[130.19485473632812,33.19158171806163]]],[[[130.24017333984375,33.19158171806163],[130.2484130859375,33.19158171806163],[130.2484130859375,33.19273094190691],[130.24017333984375,33.19273094190691],[130.24017333984375,33.19158171806163]]],[[[130.34866333007812,33.19158171806163],[130.352783203125,33.19158171806163],[130.352783203125,33.19273094190691],[130.34866333007812,33.19273094190691],[130.34866333007812,33.19158171806163]]],[[[130.11520385742188,33.19043247913694],[130.13168334960938,33.19043247913694],[130.13168334960938,33.19158171806163],[130.11520385742188,33.19158171806163],[130.11520385742188,33.19043247913694]]],[[[130.14678955078125,33.19043247913694],[130.155029296875,33.19043247913694],[130.155029296875,33.19273094190691],[130.14678955078125,33.19273094190691],[130.14678955078125,33.19043247913694]]],[[[130.16738891601562,33.19043247913694],[130.18798828125,33.19043247913694],[130.18798828125,33.19158171806163],[130.16738891601562,33.19158171806163],[130.16738891601562,33.19043247913694]]],[[[130.25115966796875,33.19043247913694],[130.33767700195312,33.19043247913694],[130.33767700195312,33.19273094190691],[130.25115966796875,33.19273094190691],[130.25115966796875,33.19043247913694]]],[[[130.34866333007812,33.19043247913694],[130.35690307617188,33.19043247913694],[130.35690307617188,33.19158171806163],[130.34866333007812,33.19158171806163],[130.34866333007812,33.19043247913694]]],[[[130.36102294921875,33.19043247913694],[130.37887573242188,33.19043247913694],[130.37887573242188,33.19273094190691],[130.36102294921875,33.19273094190691],[130.36102294921875,33.19043247913694]]],[[[130.1165771484375,33.18928322513312],[130.13168334960938,33.18928322513312],[130.13168334960938,33.19043247913694],[130.1165771484375,33.19043247913694],[130.1165771484375,33.18928322513312]]],[[[130.14678955078125,33.18928322513312],[130.15365600585938,33.18928322513312],[130.15365600585938,33.19043247913694],[130.14678955078125,33.19043247913694],[130.14678955078125,33.18928322513312]]],[[[130.16738891601562,33.18928322513312],[130.18936157226562,33.18928322513312],[130.18936157226562,33.19043247913694],[130.16738891601562,33.19043247913694],[130.16738891601562,33.18928322513312]]],[[[130.19622802734375,33.18928322513312],[130.23193359375,33.18928322513312],[130.23193359375,33.19158171806163],[130.19622802734375,33.19158171806163],[130.19622802734375,33.18928322513312]]],[[[130.25115966796875,33.18928322513312],[130.30197143554688,33.18928322513312],[130.30197143554688,33.19043247913694],[130.25115966796875,33.19043247913694],[130.25115966796875,33.18928322513312]]],[[[130.3033447265625,33.18928322513312],[130.33767700195312,33.18928322513312],[130.33767700195312,33.19043247913694],[130.3033447265625,33.19043247913694],[130.3033447265625,33.18928322513312]]],[[[130.3472900390625,33.18928322513312],[130.37887573242188,33.18928322513312],[130.37887573242188,33.19043247913694],[130.3472900390625,33.19043247913694],[130.3472900390625,33.18928322513312]]],[[[130.11795043945312,33.18813395605041],[130.15365600585938,33.18813395605041],[130.15365600585938,33.18928322513312],[130.11795043945312,33.18928322513312],[130.11795043945312,33.18813395605041]]],[[[130.16876220703125,33.18813395605041],[130.19073486328125,33.18813395605041],[130.19073486328125,33.18928322513312],[130.16876220703125,33.18928322513312],[130.16876220703125,33.18813395605041]]],[[[130.1934814453125,33.18813395605041],[130.220947265625,33.18813395605041],[130.220947265625,33.18928322513312],[130.1934814453125,33.18928322513312],[130.1934814453125,33.18813395605041]]],[[[130.34454345703125,33.18813395605041],[130.3802490234375,33.18813395605041],[130.3802490234375,33.18928322513312],[130.34454345703125,33.18928322513312],[130.34454345703125,33.18813395605041]]],[[[130.11795043945312,33.18698467188909],[130.15228271484375,33.18698467188909],[130.15228271484375,33.18813395605041],[130.11795043945312,33.18813395605041],[130.11795043945312,33.18698467188909]]],[[[130.17013549804688,33.18698467188909],[130.22232055664062,33.18698467188909],[130.22232055664062,33.18813395605041],[130.17013549804688,33.18813395605041],[130.17013549804688,33.18698467188909]]],[[[130.22369384765625,33.18698467188909],[130.23193359375,33.18698467188909],[130.23193359375,33.18928322513312],[130.22369384765625,33.18928322513312],[130.22369384765625,33.18698467188909]]],[[[130.25253295898438,33.18698467188909],[130.30059814453125,33.18698467188909],[130.30059814453125,33.18928322513312],[130.25253295898438,33.18928322513312],[130.25253295898438,33.18698467188909]]],[[[130.34317016601562,33.18698467188909],[130.3802490234375,33.18698467188909],[130.3802490234375,33.18813395605041],[130.34317016601562,33.18813395605041],[130.34317016601562,33.18698467188909]]],[[[130.11932373046875,33.185835372649436],[130.15090942382812,33.185835372649436],[130.15090942382812,33.18698467188909],[130.11932373046875,33.18698467188909],[130.11932373046875,33.185835372649436]]],[[[130.25390625,33.185835372649436],[130.30197143554688,33.185835372649436],[130.30197143554688,33.18698467188909],[130.25390625,33.18698467188909],[130.25390625,33.185835372649436]]],[[[130.341796875,33.185835372649436],[130.374755859375,33.185835372649436],[130.374755859375,33.18698467188909],[130.341796875,33.18698467188909],[130.341796875,33.185835372649436]]],[[[130.12069702148438,33.18468605833169],[130.15090942382812,33.18468605833169],[130.15090942382812,33.185835372649436],[130.12069702148438,33.185835372649436],[130.12069702148438,33.18468605833169]]],[[[130.17013549804688,33.18468605833169],[130.23330688476562,33.18468605833169],[130.23330688476562,33.18698467188909],[130.17013549804688,33.18698467188909],[130.17013549804688,33.18468605833169]]],[[[130.25527954101562,33.18468605833169],[130.3033447265625,33.18468605833169],[130.3033447265625,33.185835372649436],[130.25527954101562,33.185835372649436],[130.25527954101562,33.18468605833169]]],[[[130.30471801757812,33.18468605833169],[130.33767700195312,33.18468605833169],[130.33767700195312,33.18928322513312],[130.30471801757812,33.18928322513312],[130.30471801757812,33.18468605833169]]],[[[130.12069702148438,33.18353672893614],[130.15777587890625,33.18353672893614],[130.15777587890625,33.18468605833169],[130.12069702148438,33.18468605833169],[130.12069702148438,33.18353672893614]]],[[[130.25665283203125,33.18353672893614],[130.33767700195312,33.18353672893614],[130.33767700195312,33.18468605833169],[130.25665283203125,33.18468605833169],[130.25665283203125,33.18353672893614]]],[[[130.341796875,33.18353672893614],[130.37338256835938,33.18353672893614],[130.37338256835938,33.185835372649436],[130.341796875,33.185835372649436],[130.341796875,33.18353672893614]]],[[[130.12069702148438,33.18238738446303],[130.15914916992188,33.18238738446303],[130.15914916992188,33.18353672893614],[130.12069702148438,33.18353672893614],[130.12069702148438,33.18238738446303]]],[[[130.1715087890625,33.18238738446303],[130.23330688476562,33.18238738446303],[130.23330688476562,33.18468605833169],[130.1715087890625,33.18468605833169],[130.1715087890625,33.18238738446303]]],[[[130.25665283203125,33.18238738446303],[130.3363037109375,33.18238738446303],[130.3363037109375,33.18353672893614],[130.25665283203125,33.18353672893614],[130.25665283203125,33.18238738446303]]],[[[130.33905029296875,33.18238738446303],[130.37200927734375,33.18238738446303],[130.37200927734375,33.18353672893614],[130.33905029296875,33.18353672893614],[130.33905029296875,33.18238738446303]]],[[[130.17013549804688,33.18123802491264],[130.23193359375,33.18123802491264],[130.23193359375,33.18238738446303],[130.17013549804688,33.18238738446303],[130.17013549804688,33.18123802491264]]],[[[130.25802612304688,33.18123802491264],[130.33493041992188,33.18123802491264],[130.33493041992188,33.18238738446303],[130.25802612304688,33.18238738446303],[130.25802612304688,33.18123802491264]]],[[[130.16876220703125,33.18008865028522],[130.23193359375,33.18008865028522],[130.23193359375,33.18123802491264],[130.16876220703125,33.18123802491264],[130.16876220703125,33.18008865028522]]],[[[130.2593994140625,33.18008865028522],[130.33493041992188,33.18008865028522],[130.33493041992188,33.18123802491264],[130.2593994140625,33.18123802491264],[130.2593994140625,33.18008865028522]]],[[[130.33767700195312,33.18008865028522],[130.36651611328125,33.18008865028522],[130.36651611328125,33.18238738446303],[130.33767700195312,33.18238738446303],[130.33767700195312,33.18008865028522]]],[[[130.12069702148438,33.17893926058104],[130.15777587890625,33.17893926058104],[130.15777587890625,33.18238738446303],[130.12069702148438,33.18238738446303],[130.12069702148438,33.17893926058104]]],[[[130.16738891601562,33.17893926058104],[130.23056030273438,33.17893926058104],[130.23056030273438,33.18008865028522],[130.16738891601562,33.18008865028522],[130.16738891601562,33.17893926058104]]],[[[130.2593994140625,33.17893926058104],[130.330810546875,33.17893926058104],[130.330810546875,33.18008865028522],[130.2593994140625,33.18008865028522],[130.2593994140625,33.17893926058104]]],[[[130.12069702148438,33.17778985580038],[130.23056030273438,33.17778985580038],[130.23056030273438,33.17893926058104],[130.12069702148438,33.17893926058104],[130.12069702148438,33.17778985580038]]],[[[130.26077270507812,33.17778985580038],[130.32669067382812,33.17778985580038],[130.32669067382812,33.17893926058104],[130.26077270507812,33.17893926058104],[130.26077270507812,33.17778985580038]]],[[[130.3363037109375,33.17778985580038],[130.36651611328125,33.17778985580038],[130.36651611328125,33.18008865028522],[130.3363037109375,33.18008865028522],[130.3363037109375,33.17778985580038]]],[[[130.1220703125,33.17664043594348],[130.23056030273438,33.17664043594348],[130.23056030273438,33.17778985580038],[130.1220703125,33.17778985580038],[130.1220703125,33.17664043594348]]],[[[130.26351928710938,33.17664043594348],[130.3253173828125,33.17664043594348],[130.3253173828125,33.17778985580038],[130.26351928710938,33.17778985580038],[130.26351928710938,33.17664043594348]]],[[[130.33355712890625,33.17664043594348],[130.36651611328125,33.17664043594348],[130.36651611328125,33.17778985580038],[130.33355712890625,33.17778985580038],[130.33355712890625,33.17664043594348]]],[[[130.12344360351562,33.17549100101062],[130.177001953125,33.17549100101062],[130.177001953125,33.17664043594348],[130.12344360351562,33.17664043594348],[130.12344360351562,33.17549100101062]]],[[[130.17974853515625,33.17549100101062],[130.22918701171875,33.17549100101062],[130.22918701171875,33.17664043594348],[130.17974853515625,33.17664043594348],[130.17974853515625,33.17549100101062]]],[[[130.264892578125,33.17549100101062],[130.32257080078125,33.17549100101062],[130.32257080078125,33.17664043594348],[130.264892578125,33.17664043594348],[130.264892578125,33.17549100101062]]],[[[130.330810546875,33.17549100101062],[130.36788940429688,33.17549100101062],[130.36788940429688,33.17664043594348],[130.330810546875,33.17664043594348],[130.330810546875,33.17549100101062]]],[[[130.12344360351562,33.17434155100207],[130.17288208007812,33.17434155100207],[130.17288208007812,33.17549100101062],[130.12344360351562,33.17549100101062],[130.12344360351562,33.17434155100207]]],[[[130.1824951171875,33.17434155100207],[130.22918701171875,33.17434155100207],[130.22918701171875,33.17549100101062],[130.1824951171875,33.17549100101062],[130.1824951171875,33.17434155100207]]],[[[130.26626586914062,33.17434155100207],[130.32257080078125,33.17434155100207],[130.32257080078125,33.17549100101062],[130.26626586914062,33.17549100101062],[130.26626586914062,33.17434155100207]]],[[[130.26901245117188,33.17319208591809],[130.32119750976562,33.17319208591809],[130.32119750976562,33.17434155100207],[130.26901245117188,33.17434155100207],[130.26901245117188,33.17319208591809]]],[[[130.1824951171875,33.17204260575892],[130.22781372070312,33.17204260575892],[130.22781372070312,33.17434155100207],[130.1824951171875,33.17434155100207],[130.1824951171875,33.17204260575892]]],[[[130.2703857421875,33.17204260575892],[130.31982421875,33.17204260575892],[130.31982421875,33.17319208591809],[130.2703857421875,33.17319208591809],[130.2703857421875,33.17204260575892]]],[[[130.33218383789062,33.17204260575892],[130.3692626953125,33.17204260575892],[130.3692626953125,33.17549100101062],[130.33218383789062,33.17549100101062],[130.33218383789062,33.17204260575892]]],[[[130.18112182617188,33.170893110524865],[130.2264404296875,33.170893110524865],[130.2264404296875,33.17204260575892],[130.18112182617188,33.17204260575892],[130.18112182617188,33.170893110524865]]],[[[130.27175903320312,33.170893110524865],[130.31845092773438,33.170893110524865],[130.31845092773438,33.17204260575892],[130.27175903320312,33.17204260575892],[130.27175903320312,33.170893110524865]]],[[[130.33355712890625,33.170893110524865],[130.37338256835938,33.170893110524865],[130.37338256835938,33.17204260575892],[130.33355712890625,33.17204260575892],[130.33355712890625,33.170893110524865]]],[[[130.40496826171875,33.170893110524865],[130.40634155273438,33.170893110524865],[130.40634155273438,33.17204260575892],[130.40496826171875,33.17204260575892],[130.40496826171875,33.170893110524865]]],[[[130.12481689453125,33.16974360021618],[130.16876220703125,33.16974360021618],[130.16876220703125,33.17434155100207],[130.12481689453125,33.17434155100207],[130.12481689453125,33.16974360021618]]],[[[130.17837524414062,33.16974360021618],[130.2264404296875,33.16974360021618],[130.2264404296875,33.170893110524865],[130.17837524414062,33.170893110524865],[130.17837524414062,33.16974360021618]]],[[[130.27450561523438,33.16974360021618],[130.28823852539062,33.16974360021618],[130.28823852539062,33.170893110524865],[130.27450561523438,33.170893110524865],[130.27450561523438,33.16974360021618]]],[[[130.28961181640625,33.16974360021618],[130.31845092773438,33.16974360021618],[130.31845092773438,33.170893110524865],[130.28961181640625,33.170893110524865],[130.28961181640625,33.16974360021618]]],[[[130.39810180664062,33.16974360021618],[130.40771484375,33.16974360021618],[130.40771484375,33.170893110524865],[130.39810180664062,33.170893110524865],[130.39810180664062,33.16974360021618]]],[[[130.27725219726562,33.168594074833095],[130.286865234375,33.168594074833095],[130.286865234375,33.16974360021618],[130.27725219726562,33.16974360021618],[130.27725219726562,33.168594074833095]]],[[[130.29510498046875,33.168594074833095],[130.31845092773438,33.168594074833095],[130.31845092773438,33.16974360021618],[130.29510498046875,33.16974360021618],[130.29510498046875,33.168594074833095]]],[[[130.33355712890625,33.168594074833095],[130.37612915039062,33.168594074833095],[130.37612915039062,33.170893110524865],[130.33355712890625,33.170893110524865],[130.33355712890625,33.168594074833095]]],[[[130.27725219726562,33.16744453437591],[130.28549194335938,33.16744453437591],[130.28549194335938,33.168594074833095],[130.27725219726562,33.168594074833095],[130.27725219726562,33.16744453437591]]],[[[130.30059814453125,33.16744453437591],[130.31845092773438,33.16744453437591],[130.31845092773438,33.168594074833095],[130.30059814453125,33.168594074833095],[130.30059814453125,33.16744453437591]]],[[[130.39535522460938,33.16744453437591],[130.40771484375,33.16744453437591],[130.40771484375,33.16974360021618],[130.39535522460938,33.16974360021618],[130.39535522460938,33.16744453437591]]],[[[130.12481689453125,33.16629497884489],[130.22506713867188,33.16629497884489],[130.22506713867188,33.16974360021618],[130.12481689453125,33.16974360021618],[130.12481689453125,33.16629497884489]]],[[[130.27725219726562,33.16629497884489],[130.286865234375,33.16629497884489],[130.286865234375,33.16744453437591],[130.27725219726562,33.16744453437591],[130.27725219726562,33.16629497884489]]],[[[130.330810546875,33.16629497884489],[130.37612915039062,33.16629497884489],[130.37612915039062,33.168594074833095],[130.330810546875,33.168594074833095],[130.330810546875,33.16629497884489]]],[[[130.39398193359375,33.16629497884489],[130.40908813476562,33.16629497884489],[130.40908813476562,33.16744453437591],[130.39398193359375,33.16744453437591],[130.39398193359375,33.16629497884489]]],[[[130.12344360351562,33.165145408240285],[130.22369384765625,33.165145408240285],[130.22369384765625,33.16629497884489],[130.12344360351562,33.16629497884489],[130.12344360351562,33.165145408240285]]],[[[130.27725219726562,33.165145408240285],[130.28961181640625,33.165145408240285],[130.28961181640625,33.16629497884489],[130.27725219726562,33.16629497884489],[130.27725219726562,33.165145408240285]]],[[[130.30197143554688,33.165145408240285],[130.31982421875,33.165145408240285],[130.31982421875,33.16744453437591],[130.30197143554688,33.16744453437591],[130.30197143554688,33.165145408240285]]],[[[130.330810546875,33.165145408240285],[130.33218383789062,33.165145408240285],[130.33218383789062,33.16629497884489],[130.330810546875,33.16629497884489],[130.330810546875,33.165145408240285]]],[[[130.3363037109375,33.165145408240285],[130.37612915039062,33.165145408240285],[130.37612915039062,33.16629497884489],[130.3363037109375,33.16629497884489],[130.3363037109375,33.165145408240285]]],[[[130.3912353515625,33.165145408240285],[130.40908813476562,33.165145408240285],[130.40908813476562,33.16629497884489],[130.3912353515625,33.16629497884489],[130.3912353515625,33.165145408240285]]],[[[130.12344360351562,33.16399582256238],[130.16326904296875,33.16399582256238],[130.16326904296875,33.165145408240285],[130.12344360351562,33.165145408240285],[130.12344360351562,33.16399582256238]]],[[[130.17013549804688,33.16399582256238],[130.22369384765625,33.16399582256238],[130.22369384765625,33.165145408240285],[130.17013549804688,33.165145408240285],[130.17013549804688,33.16399582256238]]],[[[130.27725219726562,33.16399582256238],[130.2923583984375,33.16399582256238],[130.2923583984375,33.165145408240285],[130.27725219726562,33.165145408240285],[130.27725219726562,33.16399582256238]]],[[[130.30059814453125,33.16399582256238],[130.31982421875,33.16399582256238],[130.31982421875,33.165145408240285],[130.30059814453125,33.165145408240285],[130.30059814453125,33.16399582256238]]],[[[130.33905029296875,33.16399582256238],[130.37612915039062,33.16399582256238],[130.37612915039062,33.165145408240285],[130.33905029296875,33.165145408240285],[130.33905029296875,33.16399582256238]]],[[[130.38986206054688,33.16399582256238],[130.40908813476562,33.16399582256238],[130.40908813476562,33.165145408240285],[130.38986206054688,33.165145408240285],[130.38986206054688,33.16399582256238]]],[[[130.1220703125,33.16284622181142],[130.16189575195312,33.16284622181142],[130.16189575195312,33.16399582256238],[130.1220703125,33.16399582256238],[130.1220703125,33.16284622181142]]],[[[130.17288208007812,33.16284622181142],[130.220947265625,33.16284622181142],[130.220947265625,33.16399582256238],[130.17288208007812,33.16399582256238],[130.17288208007812,33.16284622181142]]],[[[130.27862548828125,33.16284622181142],[130.29647827148438,33.16284622181142],[130.29647827148438,33.16399582256238],[130.27862548828125,33.16399582256238],[130.27862548828125,33.16284622181142]]],[[[130.30059814453125,33.16284622181142],[130.31845092773438,33.16284622181142],[130.31845092773438,33.16399582256238],[130.30059814453125,33.16399582256238],[130.30059814453125,33.16284622181142]]],[[[130.34042358398438,33.16284622181142],[130.37612915039062,33.16284622181142],[130.37612915039062,33.16399582256238],[130.34042358398438,33.16399582256238],[130.34042358398438,33.16284622181142]]],[[[130.38711547851562,33.16284622181142],[130.40908813476562,33.16284622181142],[130.40908813476562,33.16399582256238],[130.38711547851562,33.16399582256238],[130.38711547851562,33.16284622181142]]],[[[130.12069702148438,33.16169660598767],[130.16738891601562,33.16169660598767],[130.16738891601562,33.16284622181142],[130.12069702148438,33.16284622181142],[130.12069702148438,33.16169660598767]]],[[[130.17425537109375,33.16169660598767],[130.21957397460938,33.16169660598767],[130.21957397460938,33.16284622181142],[130.17425537109375,33.16284622181142],[130.17425537109375,33.16169660598767]]],[[[130.28274536132812,33.16169660598767],[130.31570434570312,33.16169660598767],[130.31570434570312,33.16284622181142],[130.28274536132812,33.16284622181142],[130.28274536132812,33.16169660598767]]],[[[130.35140991210938,33.16169660598767],[130.37612915039062,33.16169660598767],[130.37612915039062,33.16284622181142],[130.35140991210938,33.16284622181142],[130.35140991210938,33.16169660598767]]],[[[130.38436889648438,33.16169660598767],[130.40908813476562,33.16169660598767],[130.40908813476562,33.16284622181142],[130.38436889648438,33.16284622181142],[130.38436889648438,33.16169660598767]]],[[[130.11932373046875,33.16054697509141],[130.16876220703125,33.16054697509141],[130.16876220703125,33.16169660598767],[130.11932373046875,33.16169660598767],[130.11932373046875,33.16054697509141]]],[[[130.17425537109375,33.16054697509141],[130.21682739257812,33.16054697509141],[130.21682739257812,33.16169660598767],[130.17425537109375,33.16169660598767],[130.17425537109375,33.16054697509141]]],[[[130.28549194335938,33.16054697509141],[130.31295776367188,33.16054697509141],[130.31295776367188,33.16169660598767],[130.28549194335938,33.16169660598767],[130.28549194335938,33.16054697509141]]],[[[130.38162231445312,33.16054697509141],[130.40908813476562,33.16054697509141],[130.40908813476562,33.16169660598767],[130.38162231445312,33.16169660598767],[130.38162231445312,33.16054697509141]]],[[[129.7265625,33.15939732912289],[129.72793579101562,33.15939732912289],[129.72793579101562,33.16284622181142],[129.7265625,33.16284622181142],[129.7265625,33.15939732912289]]],[[[130.11932373046875,33.15939732912289],[130.1715087890625,33.15939732912289],[130.1715087890625,33.16054697509141],[130.11932373046875,33.16054697509141],[130.11932373046875,33.15939732912289]]],[[[130.17288208007812,33.15939732912289],[130.2154541015625,33.15939732912289],[130.2154541015625,33.16054697509141],[130.17288208007812,33.16054697509141],[130.17288208007812,33.15939732912289]]],[[[130.3033447265625,33.15939732912289],[130.31158447265625,33.15939732912289],[130.31158447265625,33.16054697509141],[130.3033447265625,33.16054697509141],[130.3033447265625,33.15939732912289]]],[[[130.35003662109375,33.15939732912289],[130.37612915039062,33.15939732912289],[130.37612915039062,33.16169660598767],[130.35003662109375,33.16169660598767],[130.35003662109375,33.15939732912289]]],[[[130.3802490234375,33.15939732912289],[130.40908813476562,33.15939732912289],[130.40908813476562,33.16054697509141],[130.3802490234375,33.16054697509141],[130.3802490234375,33.15939732912289]]],[[[129.7265625,33.158247668082396],[129.73068237304688,33.158247668082396],[129.73068237304688,33.15939732912289],[129.7265625,33.15939732912289],[129.7265625,33.158247668082396]]],[[[130.11932373046875,33.158247668082396],[130.21270751953125,33.158247668082396],[130.21270751953125,33.15939732912289],[130.11932373046875,33.15939732912289],[130.11932373046875,33.158247668082396]]],[[[130.30471801757812,33.158247668082396],[130.31021118164062,33.158247668082396],[130.31021118164062,33.15939732912289],[130.30471801757812,33.15939732912289],[130.30471801757812,33.158247668082396]]],[[[130.34866333007812,33.158247668082396],[130.37612915039062,33.158247668082396],[130.37612915039062,33.15939732912289],[130.34866333007812,33.15939732912289],[130.34866333007812,33.158247668082396]]],[[[130.37750244140625,33.158247668082396],[130.40908813476562,33.158247668082396],[130.40908813476562,33.15939732912289],[130.37750244140625,33.15939732912289],[130.37750244140625,33.158247668082396]]],[[[129.7265625,33.15709799197017],[129.7320556640625,33.15709799197017],[129.7320556640625,33.158247668082396],[129.7265625,33.158247668082396],[129.7265625,33.15709799197017]]],[[[130.11932373046875,33.15709799197017],[130.21133422851562,33.15709799197017],[130.21133422851562,33.158247668082396],[130.11932373046875,33.158247668082396],[130.11932373046875,33.15709799197017]]],[[[130.30609130859375,33.15709799197017],[130.31158447265625,33.15709799197017],[130.31158447265625,33.158247668082396],[130.30609130859375,33.158247668082396],[130.30609130859375,33.15709799197017]]],[[[130.3472900390625,33.15709799197017],[130.40908813476562,33.15709799197017],[130.40908813476562,33.158247668082396],[130.3472900390625,33.158247668082396],[130.3472900390625,33.15709799197017]]],[[[129.7265625,33.155948300786484],[129.72793579101562,33.155948300786484],[129.72793579101562,33.15709799197017],[129.7265625,33.15709799197017],[129.7265625,33.155948300786484]]],[[[129.72930908203125,33.155948300786484],[129.7320556640625,33.155948300786484],[129.7320556640625,33.15709799197017],[129.72930908203125,33.15709799197017],[129.72930908203125,33.155948300786484]]],[[[130.11932373046875,33.155948300786484],[130.20858764648438,33.155948300786484],[130.20858764648438,33.15709799197017],[130.11932373046875,33.15709799197017],[130.11932373046875,33.155948300786484]]],[[[130.28411865234375,33.155948300786484],[130.29922485351562,33.155948300786484],[130.29922485351562,33.16054697509141],[130.28411865234375,33.16054697509141],[130.28411865234375,33.155948300786484]]],[[[130.30471801757812,33.155948300786484],[130.31295776367188,33.155948300786484],[130.31295776367188,33.15709799197017],[130.30471801757812,33.15709799197017],[130.30471801757812,33.155948300786484]]],[[[130.32257080078125,33.155948300786484],[130.32394409179688,33.155948300786484],[130.32394409179688,33.15709799197017],[130.32257080078125,33.15709799197017],[130.32257080078125,33.155948300786484]]],[[[130.3472900390625,33.155948300786484],[130.37338256835938,33.155948300786484],[130.37338256835938,33.15709799197017],[130.3472900390625,33.15709799197017],[130.3472900390625,33.155948300786484]]],[[[130.374755859375,33.155948300786484],[130.41046142578125,33.155948300786484],[130.41046142578125,33.15709799197017],[130.374755859375,33.15709799197017],[130.374755859375,33.155948300786484]]],[[[129.7265625,33.15479859453162],[129.73068237304688,33.15479859453162],[129.73068237304688,33.155948300786484],[129.7265625,33.155948300786484],[129.7265625,33.15479859453162]]],[[[130.11932373046875,33.15479859453162],[130.20721435546875,33.15479859453162],[130.20721435546875,33.155948300786484],[130.11932373046875,33.155948300786484],[130.11932373046875,33.15479859453162]]],[[[130.28411865234375,33.15479859453162],[130.2978515625,33.15479859453162],[130.2978515625,33.155948300786484],[130.28411865234375,33.155948300786484],[130.28411865234375,33.15479859453162]]],[[[130.3033447265625,33.15479859453162],[130.3143310546875,33.15479859453162],[130.3143310546875,33.155948300786484],[130.3033447265625,33.155948300786484],[130.3033447265625,33.15479859453162]]],[[[130.32119750976562,33.15479859453162],[130.32806396484375,33.15479859453162],[130.32806396484375,33.155948300786484],[130.32119750976562,33.155948300786484],[130.32119750976562,33.15479859453162]]],[[[130.3472900390625,33.15479859453162],[130.37063598632812,33.15479859453162],[130.37063598632812,33.155948300786484],[130.3472900390625,33.155948300786484],[130.3472900390625,33.15479859453162]]],[[[130.374755859375,33.15479859453162],[130.37887573242188,33.15479859453162],[130.37887573242188,33.155948300786484],[130.374755859375,33.155948300786484],[130.374755859375,33.15479859453162]]],[[[130.3802490234375,33.15479859453162],[130.41046142578125,33.15479859453162],[130.41046142578125,33.155948300786484],[130.3802490234375,33.155948300786484],[130.3802490234375,33.15479859453162]]],[[[130.11932373046875,33.153648873205825],[130.20584106445312,33.153648873205825],[130.20584106445312,33.15479859453162],[130.11932373046875,33.15479859453162],[130.11932373046875,33.153648873205825]]],[[[130.32119750976562,33.153648873205825],[130.33218383789062,33.153648873205825],[130.33218383789062,33.15479859453162],[130.32119750976562,33.15479859453162],[130.32119750976562,33.153648873205825]]],[[[130.3472900390625,33.153648873205825],[130.36788940429688,33.153648873205825],[130.36788940429688,33.15479859453162],[130.3472900390625,33.15479859453162],[130.3472900390625,33.153648873205825]]],[[[130.37338256835938,33.153648873205825],[130.37887573242188,33.153648873205825],[130.37887573242188,33.15479859453162],[130.37338256835938,33.15479859453162],[130.37338256835938,33.153648873205825]]],[[[130.38436889648438,33.153648873205825],[130.40634155273438,33.153648873205825],[130.40634155273438,33.15479859453162],[130.38436889648438,33.15479859453162],[130.38436889648438,33.153648873205825]]],[[[130.11932373046875,33.15249913680936],[130.20309448242188,33.15249913680936],[130.20309448242188,33.153648873205825],[130.11932373046875,33.153648873205825],[130.11932373046875,33.15249913680936]]],[[[130.28411865234375,33.15249913680936],[130.31570434570312,33.15249913680936],[130.31570434570312,33.15479859453162],[130.28411865234375,33.15479859453162],[130.28411865234375,33.15249913680936]]],[[[130.34591674804688,33.15249913680936],[130.36651611328125,33.15249913680936],[130.36651611328125,33.153648873205825],[130.34591674804688,33.153648873205825],[130.34591674804688,33.15249913680936]]],[[[130.37200927734375,33.15249913680936],[130.3802490234375,33.15249913680936],[130.3802490234375,33.153648873205825],[130.37200927734375,33.153648873205825],[130.37200927734375,33.15249913680936]]],[[[130.38711547851562,33.15249913680936],[130.40496826171875,33.15249913680936],[130.40496826171875,33.153648873205825],[130.38711547851562,33.153648873205825],[130.38711547851562,33.15249913680936]]],[[[130.40771484375,33.15249913680936],[130.41183471679688,33.15249913680936],[130.41183471679688,33.15479859453162],[130.40771484375,33.15479859453162],[130.40771484375,33.15249913680936]]],[[[130.11932373046875,33.15134938534251],[130.20172119140625,33.15134938534251],[130.20172119140625,33.15249913680936],[130.11932373046875,33.15249913680936],[130.11932373046875,33.15134938534251]]],[[[130.28549194335938,33.15134938534251],[130.31707763671875,33.15134938534251],[130.31707763671875,33.15249913680936],[130.28549194335938,33.15249913680936],[130.28549194335938,33.15134938534251]]],[[[130.34591674804688,33.15134938534251],[130.36514282226562,33.15134938534251],[130.36514282226562,33.15249913680936],[130.34591674804688,33.15249913680936],[130.34591674804688,33.15134938534251]]],[[[130.37200927734375,33.15134938534251],[130.38162231445312,33.15134938534251],[130.38162231445312,33.15249913680936],[130.37200927734375,33.15249913680936],[130.37200927734375,33.15134938534251]]],[[[130.38986206054688,33.15134938534251],[130.4022216796875,33.15134938534251],[130.4022216796875,33.15249913680936],[130.38986206054688,33.15249913680936],[130.38986206054688,33.15134938534251]]],[[[130.40771484375,33.15134938534251],[130.4132080078125,33.15134938534251],[130.4132080078125,33.15249913680936],[130.40771484375,33.15249913680936],[130.40771484375,33.15134938534251]]],[[[130.12069702148438,33.15019961880554],[130.198974609375,33.15019961880554],[130.198974609375,33.15134938534251],[130.12069702148438,33.15134938534251],[130.12069702148438,33.15019961880554]]],[[[130.32119750976562,33.15019961880554],[130.33905029296875,33.15019961880554],[130.33905029296875,33.153648873205825],[130.32119750976562,33.153648873205825],[130.32119750976562,33.15019961880554]]],[[[130.37063598632812,33.15019961880554],[130.38299560546875,33.15019961880554],[130.38299560546875,33.15134938534251],[130.37063598632812,33.15134938534251],[130.37063598632812,33.15019961880554]]],[[[130.39260864257812,33.15019961880554],[130.39810180664062,33.15019961880554],[130.39810180664062,33.15134938534251],[130.39260864257812,33.15134938534251],[130.39260864257812,33.15019961880554]]],[[[130.12069702148438,33.14904983719869],[130.19760131835938,33.14904983719869],[130.19760131835938,33.15019961880554],[130.12069702148438,33.15019961880554],[130.12069702148438,33.14904983719869]]],[[[130.28549194335938,33.14904983719869],[130.31845092773438,33.14904983719869],[130.31845092773438,33.15134938534251],[130.28549194335938,33.15134938534251],[130.28549194335938,33.14904983719869]]],[[[130.32119750976562,33.14904983719869],[130.34042358398438,33.14904983719869],[130.34042358398438,33.15019961880554],[130.32119750976562,33.15019961880554],[130.32119750976562,33.14904983719869]]],[[[130.34454345703125,33.14904983719869],[130.36514282226562,33.14904983719869],[130.36514282226562,33.15134938534251],[130.34454345703125,33.15134938534251],[130.34454345703125,33.14904983719869]]],[[[130.3692626953125,33.14904983719869],[130.38299560546875,33.14904983719869],[130.38299560546875,33.15019961880554],[130.3692626953125,33.15019961880554],[130.3692626953125,33.14904983719869]]],[[[130.40634155273438,33.14904983719869],[130.41458129882812,33.14904983719869],[130.41458129882812,33.15134938534251],[130.40634155273438,33.15134938534251],[130.40634155273438,33.14904983719869]]],[[[130.12344360351562,33.14790004052224],[130.19622802734375,33.14790004052224],[130.19622802734375,33.14904983719869],[130.12344360351562,33.14904983719869],[130.12344360351562,33.14790004052224]]],[[[130.286865234375,33.14790004052224],[130.38436889648438,33.14790004052224],[130.38436889648438,33.14904983719869],[130.286865234375,33.14904983719869],[130.286865234375,33.14790004052224]]],[[[130.40496826171875,33.14790004052224],[130.41595458984375,33.14790004052224],[130.41595458984375,33.14904983719869],[130.40496826171875,33.14904983719869],[130.40496826171875,33.14790004052224]]],[[[130.12481689453125,33.14675022877647],[130.1934814453125,33.14675022877647],[130.1934814453125,33.14790004052224],[130.12481689453125,33.14790004052224],[130.12481689453125,33.14675022877647]]],[[[130.286865234375,33.14675022877647],[130.3857421875,33.14675022877647],[130.3857421875,33.14790004052224],[130.286865234375,33.14790004052224],[130.286865234375,33.14675022877647]]],[[[130.40359497070312,33.14675022877647],[130.41595458984375,33.14675022877647],[130.41595458984375,33.14790004052224],[130.40359497070312,33.14790004052224],[130.40359497070312,33.14675022877647]]],[[[130.12481689453125,33.14560040196162],[130.19210815429688,33.14560040196162],[130.19210815429688,33.14675022877647],[130.12481689453125,33.14675022877647],[130.12481689453125,33.14560040196162]]],[[[130.29373168945312,33.14560040196162],[130.38711547851562,33.14560040196162],[130.38711547851562,33.14675022877647],[130.29373168945312,33.14675022877647],[130.29373168945312,33.14560040196162]]],[[[130.4022216796875,33.14560040196162],[130.41595458984375,33.14560040196162],[130.41595458984375,33.14675022877647],[130.4022216796875,33.14675022877647],[130.4022216796875,33.14560040196162]]],[[[129.74853515625,33.144450560077985],[129.75265502929688,33.144450560077985],[129.75265502929688,33.14560040196162],[129.74853515625,33.14560040196162],[129.74853515625,33.144450560077985]]],[[[130.12619018554688,33.144450560077985],[130.19210815429688,33.144450560077985],[130.19210815429688,33.14560040196162],[130.12619018554688,33.14560040196162],[130.12619018554688,33.144450560077985]]],[[[130.31021118164062,33.144450560077985],[130.38711547851562,33.144450560077985],[130.38711547851562,33.14560040196162],[130.31021118164062,33.14560040196162],[130.31021118164062,33.144450560077985]]],[[[130.40084838867188,33.144450560077985],[130.41458129882812,33.144450560077985],[130.41458129882812,33.14560040196162],[130.40084838867188,33.14560040196162],[130.40084838867188,33.144450560077985]]],[[[129.74853515625,33.143300703125796],[129.75128173828125,33.143300703125796],[129.75128173828125,33.144450560077985],[129.74853515625,33.144450560077985],[129.74853515625,33.143300703125796]]],[[[129.7650146484375,33.143300703125796],[129.76638793945312,33.143300703125796],[129.76638793945312,33.144450560077985],[129.7650146484375,33.144450560077985],[129.7650146484375,33.143300703125796]]],[[[129.76913452148438,33.143300703125796],[129.7705078125,33.143300703125796],[129.7705078125,33.144450560077985],[129.76913452148438,33.144450560077985],[129.76913452148438,33.143300703125796]]],[[[129.7760009765625,33.143300703125796],[129.78561401367188,33.143300703125796],[129.78561401367188,33.144450560077985],[129.7760009765625,33.144450560077985],[129.7760009765625,33.143300703125796]]],[[[130.1275634765625,33.143300703125796],[130.19210815429688,33.143300703125796],[130.19210815429688,33.144450560077985],[130.1275634765625,33.144450560077985],[130.1275634765625,33.143300703125796]]],[[[130.31982421875,33.143300703125796],[130.38986206054688,33.143300703125796],[130.38986206054688,33.144450560077985],[130.31982421875,33.144450560077985],[130.31982421875,33.143300703125796]]],[[[130.396728515625,33.143300703125796],[130.41458129882812,33.143300703125796],[130.41458129882812,33.144450560077985],[130.396728515625,33.144450560077985],[130.396728515625,33.143300703125796]]],[[[129.76913452148438,33.14215083110535],[129.7760009765625,33.14215083110535],[129.7760009765625,33.143300703125796],[129.76913452148438,33.143300703125796],[129.76913452148438,33.14215083110535]]],[[[129.78424072265625,33.14215083110535],[129.78561401367188,33.14215083110535],[129.78561401367188,33.143300703125796],[129.78424072265625,33.143300703125796],[129.78424072265625,33.14215083110535]]],[[[130.12893676757812,33.14215083110535],[130.1934814453125,33.14215083110535],[130.1934814453125,33.143300703125796],[130.12893676757812,33.143300703125796],[130.12893676757812,33.14215083110535]]],[[[130.32806396484375,33.14215083110535],[130.3912353515625,33.14215083110535],[130.3912353515625,33.143300703125796],[130.32806396484375,33.143300703125796],[130.32806396484375,33.14215083110535]]],[[[130.39260864257812,33.14215083110535],[130.4132080078125,33.14215083110535],[130.4132080078125,33.143300703125796],[130.39260864257812,33.143300703125796],[130.39260864257812,33.14215083110535]]],[[[129.7650146484375,33.141000944016895],[129.76638793945312,33.141000944016895],[129.76638793945312,33.14215083110535],[129.7650146484375,33.14215083110535],[129.7650146484375,33.141000944016895]]],[[[129.77325439453125,33.141000944016895],[129.77462768554688,33.141000944016895],[129.77462768554688,33.14215083110535],[129.77325439453125,33.14215083110535],[129.77325439453125,33.141000944016895]]],[[[129.78286743164062,33.141000944016895],[129.78424072265625,33.141000944016895],[129.78424072265625,33.14215083110535],[129.78286743164062,33.14215083110535],[129.78286743164062,33.141000944016895]]],[[[130.13031005859375,33.141000944016895],[130.1934814453125,33.141000944016895],[130.1934814453125,33.14215083110535],[130.13031005859375,33.14215083110535],[130.13031005859375,33.141000944016895]]],[[[130.3363037109375,33.141000944016895],[130.4132080078125,33.141000944016895],[130.4132080078125,33.14215083110535],[130.3363037109375,33.14215083110535],[130.3363037109375,33.141000944016895]]],[[[129.78424072265625,33.13985104186069],[129.7869873046875,33.13985104186069],[129.7869873046875,33.141000944016895],[129.78424072265625,33.141000944016895],[129.78424072265625,33.13985104186069]]],[[[130.13168334960938,33.13985104186069],[130.19210815429688,33.13985104186069],[130.19210815429688,33.141000944016895],[130.13168334960938,33.141000944016895],[130.13168334960938,33.13985104186069]]],[[[130.35140991210938,33.13985104186069],[130.37338256835938,33.13985104186069],[130.37338256835938,33.141000944016895],[130.35140991210938,33.141000944016895],[130.35140991210938,33.13985104186069]]],[[[130.374755859375,33.13985104186069],[130.41183471679688,33.13985104186069],[130.41183471679688,33.141000944016895],[130.374755859375,33.141000944016895],[130.374755859375,33.13985104186069]]],[[[129.76364135742188,33.138701124637024],[129.7650146484375,33.138701124637024],[129.7650146484375,33.13985104186069],[129.76364135742188,33.13985104186069],[129.76364135742188,33.138701124637024]]],[[[130.133056640625,33.138701124637024],[130.18936157226562,33.138701124637024],[130.18936157226562,33.13985104186069],[130.133056640625,33.13985104186069],[130.133056640625,33.138701124637024]]],[[[130.35964965820312,33.138701124637024],[130.37063598632812,33.138701124637024],[130.37063598632812,33.13985104186069],[130.35964965820312,33.13985104186069],[130.35964965820312,33.138701124637024]]],[[[129.74578857421875,33.13755119234615],[129.74716186523438,33.13755119234615],[129.74716186523438,33.138701124637024],[129.74578857421875,33.138701124637024],[129.74578857421875,33.13755119234615]]],[[[130.13442993164062,33.13755119234615],[130.18661499023438,33.13755119234615],[130.18661499023438,33.138701124637024],[130.13442993164062,33.138701124637024],[130.13442993164062,33.13755119234615]]],[[[130.37338256835938,33.13755119234615],[130.41046142578125,33.13755119234615],[130.41046142578125,33.13985104186069],[130.37338256835938,33.13985104186069],[130.37338256835938,33.13755119234615]]],[[[130.13442993164062,33.136401244988335],[130.18524169921875,33.136401244988335],[130.18524169921875,33.13755119234615],[130.13442993164062,33.13755119234615],[130.13442993164062,33.136401244988335]]],[[[130.37338256835938,33.136401244988335],[130.41183471679688,33.136401244988335],[130.41183471679688,33.13755119234615],[130.37338256835938,33.13755119234615],[130.37338256835938,33.136401244988335]]],[[[129.73342895507812,33.135251282563836],[129.73480224609375,33.135251282563836],[129.73480224609375,33.136401244988335],[129.73342895507812,33.136401244988335],[129.73342895507812,33.135251282563836]]],[[[129.74441528320312,33.135251282563836],[129.74716186523438,33.135251282563836],[129.74716186523438,33.136401244988335],[129.74441528320312,33.136401244988335],[129.74441528320312,33.135251282563836]]],[[[129.79522705078125,33.135251282563836],[129.7979736328125,33.135251282563836],[129.7979736328125,33.136401244988335],[129.79522705078125,33.136401244988335],[129.79522705078125,33.135251282563836]]],[[[130.13442993164062,33.135251282563836],[130.1824951171875,33.135251282563836],[130.1824951171875,33.136401244988335],[130.13442993164062,33.136401244988335],[130.13442993164062,33.135251282563836]]],[[[130.37338256835938,33.135251282563836],[130.4132080078125,33.135251282563836],[130.4132080078125,33.136401244988335],[130.37338256835938,33.136401244988335],[130.37338256835938,33.135251282563836]]],[[[129.73480224609375,33.13410130507293],[129.73617553710938,33.13410130507293],[129.73617553710938,33.135251282563836],[129.73480224609375,33.135251282563836],[129.73480224609375,33.13410130507293]]],[[[129.7430419921875,33.13410130507293],[129.74578857421875,33.13410130507293],[129.74578857421875,33.135251282563836],[129.7430419921875,33.135251282563836],[129.7430419921875,33.13410130507293]]],[[[129.79522705078125,33.13410130507293],[129.79934692382812,33.13410130507293],[129.79934692382812,33.135251282563836],[129.79522705078125,33.135251282563836],[129.79522705078125,33.13410130507293]]],[[[130.13580322265625,33.13410130507293],[130.18112182617188,33.13410130507293],[130.18112182617188,33.135251282563836],[130.13580322265625,33.135251282563836],[130.13580322265625,33.13410130507293]]],[[[130.37338256835938,33.13410130507293],[130.41458129882812,33.13410130507293],[130.41458129882812,33.135251282563836],[130.37338256835938,33.135251282563836],[130.37338256835938,33.13410130507293]]],[[[129.7320556640625,33.132951312515885],[129.73342895507812,33.132951312515885],[129.73342895507812,33.13410130507293],[129.7320556640625,33.13410130507293],[129.7320556640625,33.132951312515885]]],[[[129.737548828125,33.132951312515885],[129.73892211914062,33.132951312515885],[129.73892211914062,33.13410130507293],[129.737548828125,33.13410130507293],[129.737548828125,33.132951312515885]]],[[[130.13580322265625,33.132951312515885],[130.17837524414062,33.132951312515885],[130.17837524414062,33.13410130507293],[130.13580322265625,33.13410130507293],[130.13580322265625,33.132951312515885]]],[[[129.73068237304688,33.13180130489295],[129.7320556640625,33.13180130489295],[129.7320556640625,33.132951312515885],[129.73068237304688,33.132951312515885],[129.73068237304688,33.13180130489295]]],[[[129.73342895507812,33.13180130489295],[129.73480224609375,33.13180130489295],[129.73480224609375,33.132951312515885],[129.73342895507812,33.132951312515885],[129.73342895507812,33.13180130489295]]],[[[129.79522705078125,33.13180130489295],[129.80072021484375,33.13180130489295],[129.80072021484375,33.13410130507293],[129.79522705078125,33.13410130507293],[129.79522705078125,33.13180130489295]]],[[[130.111083984375,33.13180130489295],[130.11383056640625,33.13180130489295],[130.11383056640625,33.132951312515885],[130.111083984375,33.132951312515885],[130.111083984375,33.13180130489295]]],[[[130.12481689453125,33.13180130489295],[130.12619018554688,33.13180130489295],[130.12619018554688,33.132951312515885],[130.12481689453125,33.132951312515885],[130.12481689453125,33.13180130489295]]],[[[130.13580322265625,33.13180130489295],[130.17562866210938,33.13180130489295],[130.17562866210938,33.132951312515885],[130.13580322265625,33.132951312515885],[130.13580322265625,33.13180130489295]]],[[[130.374755859375,33.13180130489295],[130.41595458984375,33.13180130489295],[130.41595458984375,33.13410130507293],[130.374755859375,33.13410130507293],[130.374755859375,33.13180130489295]]],[[[129.7265625,33.13065128220442],[129.72793579101562,33.13065128220442],[129.72793579101562,33.13410130507293],[129.7265625,33.13410130507293],[129.7265625,33.13065128220442]]],[[[129.73068237304688,33.13065128220442],[129.73342895507812,33.13065128220442],[129.73342895507812,33.13180130489295],[129.73068237304688,33.13180130489295],[129.73068237304688,33.13065128220442]]],[[[129.75677490234375,33.13065128220442],[129.75814819335938,33.13065128220442],[129.75814819335938,33.13180130489295],[129.75677490234375,33.13180130489295],[129.75677490234375,33.13065128220442]]],[[[129.759521484375,33.13065128220442],[129.76226806640625,33.13065128220442],[129.76226806640625,33.13180130489295],[129.759521484375,33.13180130489295],[129.759521484375,33.13065128220442]]],[[[129.79385375976562,33.13065128220442],[129.79660034179688,33.13065128220442],[129.79660034179688,33.13180130489295],[129.79385375976562,33.13180130489295],[129.79385375976562,33.13065128220442]]],[[[129.7979736328125,33.13065128220442],[129.80072021484375,33.13065128220442],[129.80072021484375,33.13180130489295],[129.7979736328125,33.13180130489295],[129.7979736328125,33.13065128220442]]],[[[130.10971069335938,33.13065128220442],[130.1165771484375,33.13065128220442],[130.1165771484375,33.13180130489295],[130.10971069335938,33.13180130489295],[130.10971069335938,33.13065128220442]]],[[[130.12344360351562,33.13065128220442],[130.12619018554688,33.13065128220442],[130.12619018554688,33.13180130489295],[130.12344360351562,33.13180130489295],[130.12344360351562,33.13065128220442]]],[[[130.13580322265625,33.13065128220442],[130.17425537109375,33.13065128220442],[130.17425537109375,33.13180130489295],[130.13580322265625,33.13180130489295],[130.13580322265625,33.13065128220442]]],[[[130.374755859375,33.13065128220442],[130.418701171875,33.13065128220442],[130.418701171875,33.13180130489295],[130.374755859375,33.13180130489295],[130.374755859375,33.13065128220442]]],[[[129.7265625,33.12950124445052],[129.72930908203125,33.12950124445052],[129.72930908203125,33.13065128220442],[129.7265625,33.13065128220442],[129.7265625,33.12950124445052]]],[[[129.73068237304688,33.12950124445052],[129.73480224609375,33.12950124445052],[129.73480224609375,33.13065128220442],[129.73068237304688,33.13065128220442],[129.73068237304688,33.12950124445052]]],[[[129.76638793945312,33.12950124445052],[129.76776123046875,33.12950124445052],[129.76776123046875,33.13065128220442],[129.76638793945312,33.13065128220442],[129.76638793945312,33.12950124445052]]],[[[129.79248046875,33.12950124445052],[129.80072021484375,33.12950124445052],[129.80072021484375,33.13065128220442],[129.79248046875,33.13065128220442],[129.79248046875,33.12950124445052]]],[[[130.10833740234375,33.12950124445052],[130.11932373046875,33.12950124445052],[130.11932373046875,33.13065128220442],[130.10833740234375,33.13065128220442],[130.10833740234375,33.12950124445052]]],[[[130.1220703125,33.12950124445052],[130.12619018554688,33.12950124445052],[130.12619018554688,33.13065128220442],[130.1220703125,33.13065128220442],[130.1220703125,33.12950124445052]]],[[[130.13580322265625,33.12950124445052],[130.1715087890625,33.12950124445052],[130.1715087890625,33.13065128220442],[130.13580322265625,33.13065128220442],[130.13580322265625,33.12950124445052]]],[[[130.374755859375,33.12950124445052],[130.38436889648438,33.12950124445052],[130.38436889648438,33.13065128220442],[130.374755859375,33.13065128220442],[130.374755859375,33.12950124445052]]],[[[130.3857421875,33.12950124445052],[130.42007446289062,33.12950124445052],[130.42007446289062,33.13065128220442],[130.3857421875,33.13065128220442],[130.3857421875,33.12950124445052]]],[[[130.42694091796875,33.12950124445052],[130.43106079101562,33.12950124445052],[130.43106079101562,33.13065128220442],[130.42694091796875,33.13065128220442],[130.42694091796875,33.12950124445052]]],[[[129.7265625,33.12835119163156],[129.73480224609375,33.12835119163156],[129.73480224609375,33.12950124445052],[129.7265625,33.12950124445052],[129.7265625,33.12835119163156]]],[[[129.75814819335938,33.12835119163156],[129.759521484375,33.12835119163156],[129.759521484375,33.12950124445052],[129.75814819335938,33.12950124445052],[129.75814819335938,33.12835119163156]]],[[[129.76776123046875,33.12835119163156],[129.77325439453125,33.12835119163156],[129.77325439453125,33.12950124445052],[129.76776123046875,33.12950124445052],[129.76776123046875,33.12835119163156]]],[[[129.79385375976562,33.12835119163156],[129.7979736328125,33.12835119163156],[129.7979736328125,33.12950124445052],[129.79385375976562,33.12950124445052],[129.79385375976562,33.12835119163156]]],[[[130.10833740234375,33.12835119163156],[130.1275634765625,33.12835119163156],[130.1275634765625,33.12950124445052],[130.10833740234375,33.12950124445052],[130.10833740234375,33.12835119163156]]],[[[130.13031005859375,33.12835119163156],[130.16876220703125,33.12835119163156],[130.16876220703125,33.12950124445052],[130.13031005859375,33.12950124445052],[130.13031005859375,33.12835119163156]]],[[[130.37612915039062,33.12835119163156],[130.38436889648438,33.12835119163156],[130.38436889648438,33.12950124445052],[130.37612915039062,33.12950124445052],[130.37612915039062,33.12835119163156]]],[[[130.38711547851562,33.12835119163156],[130.43106079101562,33.12835119163156],[130.43106079101562,33.12950124445052],[130.38711547851562,33.12950124445052],[130.38711547851562,33.12835119163156]]],[[[130.43243408203125,33.12835119163156],[130.4351806640625,33.12835119163156],[130.4351806640625,33.12950124445052],[130.43243408203125,33.12950124445052],[130.43243408203125,33.12835119163156]]],[[[129.76226806640625,33.12720112374778],[129.76364135742188,33.12720112374778],[129.76364135742188,33.12835119163156],[129.76226806640625,33.12835119163156],[129.76226806640625,33.12720112374778]]],[[[129.77188110351562,33.12720112374778],[129.77325439453125,33.12720112374778],[129.77325439453125,33.12835119163156],[129.77188110351562,33.12835119163156],[129.77188110351562,33.12720112374778]]],[[[129.79248046875,33.12720112374778],[129.79660034179688,33.12720112374778],[129.79660034179688,33.12835119163156],[129.79248046875,33.12835119163156],[129.79248046875,33.12720112374778]]],[[[130.13031005859375,33.12720112374778],[130.16738891601562,33.12720112374778],[130.16738891601562,33.12835119163156],[130.13031005859375,33.12835119163156],[130.13031005859375,33.12720112374778]]],[[[130.37612915039062,33.12720112374778],[130.38299560546875,33.12720112374778],[130.38299560546875,33.12835119163156],[130.37612915039062,33.12835119163156],[130.37612915039062,33.12720112374778]]],[[[130.38711547851562,33.12720112374778],[130.4296875,33.12720112374778],[130.4296875,33.12835119163156],[130.38711547851562,33.12835119163156],[130.38711547851562,33.12720112374778]]],[[[130.43106079101562,33.12720112374778],[130.4351806640625,33.12720112374778],[130.4351806640625,33.12835119163156],[130.43106079101562,33.12835119163156],[130.43106079101562,33.12720112374778]]],[[[129.7265625,33.12605104079945],[129.73617553710938,33.12605104079945],[129.73617553710938,33.12835119163156],[129.7265625,33.12835119163156],[129.7265625,33.12605104079945]]],[[[129.75677490234375,33.12605104079945],[129.75814819335938,33.12605104079945],[129.75814819335938,33.12720112374778],[129.75677490234375,33.12720112374778],[129.75677490234375,33.12605104079945]]],[[[129.76638793945312,33.12605104079945],[129.76913452148438,33.12605104079945],[129.76913452148438,33.12720112374778],[129.76638793945312,33.12720112374778],[129.76638793945312,33.12605104079945]]],[[[130.09872436523438,33.12605104079945],[130.10421752929688,33.12605104079945],[130.10421752929688,33.12720112374778],[130.09872436523438,33.12720112374778],[130.09872436523438,33.12605104079945]]],[[[130.10696411132812,33.12605104079945],[130.1275634765625,33.12605104079945],[130.1275634765625,33.12835119163156],[130.10696411132812,33.12835119163156],[130.10696411132812,33.12605104079945]]],[[[130.13031005859375,33.12605104079945],[130.166015625,33.12605104079945],[130.166015625,33.12720112374778],[130.13031005859375,33.12720112374778],[130.13031005859375,33.12605104079945]]],[[[130.374755859375,33.12605104079945],[130.38299560546875,33.12605104079945],[130.38299560546875,33.12720112374778],[130.374755859375,33.12720112374778],[130.374755859375,33.12605104079945]]],[[[130.38848876953125,33.12605104079945],[130.4351806640625,33.12605104079945],[130.4351806640625,33.12720112374778],[130.38848876953125,33.12720112374778],[130.38848876953125,33.12605104079945]]],[[[129.72793579101562,33.12490094278684],[129.73617553710938,33.12490094278684],[129.73617553710938,33.12605104079945],[129.72793579101562,33.12605104079945],[129.72793579101562,33.12490094278684]]],[[[129.74990844726562,33.12490094278684],[129.75128173828125,33.12490094278684],[129.75128173828125,33.12605104079945],[129.74990844726562,33.12605104079945],[129.74990844726562,33.12490094278684]]],[[[129.79248046875,33.12490094278684],[129.79522705078125,33.12490094278684],[129.79522705078125,33.12720112374778],[129.79248046875,33.12720112374778],[129.79248046875,33.12490094278684]]],[[[130.0946044921875,33.12490094278684],[130.10421752929688,33.12490094278684],[130.10421752929688,33.12605104079945],[130.0946044921875,33.12605104079945],[130.0946044921875,33.12490094278684]]],[[[130.1055908203125,33.12490094278684],[130.166015625,33.12490094278684],[130.166015625,33.12605104079945],[130.1055908203125,33.12605104079945],[130.1055908203125,33.12490094278684]]],[[[130.37338256835938,33.12490094278684],[130.38299560546875,33.12490094278684],[130.38299560546875,33.12605104079945],[130.37338256835938,33.12605104079945],[130.37338256835938,33.12490094278684]]],[[[130.40084838867188,33.12490094278684],[130.4351806640625,33.12490094278684],[130.4351806640625,33.12605104079945],[130.40084838867188,33.12605104079945],[130.40084838867188,33.12490094278684]]],[[[129.72930908203125,33.12375082971021],[129.73342895507812,33.12375082971021],[129.73342895507812,33.12490094278684],[129.72930908203125,33.12490094278684],[129.72930908203125,33.12375082971021]]],[[[129.74441528320312,33.12375082971021],[129.74578857421875,33.12375082971021],[129.74578857421875,33.12490094278684],[129.74441528320312,33.12490094278684],[129.74441528320312,33.12375082971021]]],[[[129.75540161132812,33.12375082971021],[129.75814819335938,33.12375082971021],[129.75814819335938,33.12490094278684],[129.75540161132812,33.12490094278684],[129.75540161132812,33.12375082971021]]],[[[129.79385375976562,33.12375082971021],[129.79660034179688,33.12375082971021],[129.79660034179688,33.12490094278684],[129.79385375976562,33.12490094278684],[129.79385375976562,33.12375082971021]]],[[[130.13031005859375,33.12375082971021],[130.16464233398438,33.12375082971021],[130.16464233398438,33.12490094278684],[130.13031005859375,33.12490094278684],[130.13031005859375,33.12375082971021]]],[[[130.37338256835938,33.12375082971021],[130.3802490234375,33.12375082971021],[130.3802490234375,33.12490094278684],[130.37338256835938,33.12490094278684],[130.37338256835938,33.12375082971021]]],[[[129.75677490234375,33.12260070156984],[129.75814819335938,33.12260070156984],[129.75814819335938,33.12375082971021],[129.75677490234375,33.12375082971021],[129.75677490234375,33.12260070156984]]],[[[130.09597778320312,33.12260070156984],[130.12344360351562,33.12260070156984],[130.12344360351562,33.12490094278684],[130.09597778320312,33.12490094278684],[130.09597778320312,33.12260070156984]]],[[[130.13031005859375,33.12260070156984],[130.16326904296875,33.12260070156984],[130.16326904296875,33.12375082971021],[130.13031005859375,33.12375082971021],[130.13031005859375,33.12260070156984]]],[[[130.37200927734375,33.12260070156984],[130.37750244140625,33.12260070156984],[130.37750244140625,33.12375082971021],[130.37200927734375,33.12375082971021],[130.37200927734375,33.12260070156984]]],[[[129.7430419921875,33.12145055836597],[129.74441528320312,33.12145055836597],[129.74441528320312,33.12260070156984],[129.7430419921875,33.12260070156984],[129.7430419921875,33.12145055836597]]],[[[129.75677490234375,33.12145055836597],[129.76089477539062,33.12145055836597],[129.76089477539062,33.12260070156984],[129.75677490234375,33.12260070156984],[129.75677490234375,33.12145055836597]]],[[[129.79385375976562,33.12145055836597],[129.7979736328125,33.12145055836597],[129.7979736328125,33.12375082971021],[129.79385375976562,33.12375082971021],[129.79385375976562,33.12145055836597]]],[[[130.13031005859375,33.12145055836597],[130.16189575195312,33.12145055836597],[130.16189575195312,33.12260070156984],[130.13031005859375,33.12260070156984],[130.13031005859375,33.12145055836597]]],[[[130.37200927734375,33.12145055836597],[130.3802490234375,33.12145055836597],[130.3802490234375,33.12260070156984],[130.37200927734375,33.12260070156984],[130.37200927734375,33.12145055836597]]],[[[129.75677490234375,33.12030040009889],[129.75814819335938,33.12030040009889],[129.75814819335938,33.12145055836597],[129.75677490234375,33.12145055836597],[129.75677490234375,33.12030040009889]]],[[[129.79385375976562,33.12030040009889],[129.79934692382812,33.12030040009889],[129.79934692382812,33.12145055836597],[129.79385375976562,33.12145055836597],[129.79385375976562,33.12030040009889]]],[[[130.09597778320312,33.12030040009889],[130.12481689453125,33.12030040009889],[130.12481689453125,33.12260070156984],[130.09597778320312,33.12260070156984],[130.09597778320312,33.12030040009889]]],[[[130.13031005859375,33.12030040009889],[130.1605224609375,33.12030040009889],[130.1605224609375,33.12145055836597],[130.13031005859375,33.12145055836597],[130.13031005859375,33.12030040009889]]],[[[130.37200927734375,33.12030040009889],[130.3857421875,33.12030040009889],[130.3857421875,33.12145055836597],[130.37200927734375,33.12145055836597],[130.37200927734375,33.12030040009889]]],[[[130.13031005859375,33.11915022676886],[130.15914916992188,33.11915022676886],[130.15914916992188,33.12030040009889],[130.13031005859375,33.12030040009889],[130.13031005859375,33.11915022676886]]],[[[130.37200927734375,33.11915022676886],[130.38711547851562,33.11915022676886],[130.38711547851562,33.12030040009889],[130.37200927734375,33.12030040009889],[130.37200927734375,33.11915022676886]]],[[[130.4022216796875,33.11915022676886],[130.4351806640625,33.11915022676886],[130.4351806640625,33.12490094278684],[130.4022216796875,33.12490094278684],[130.4022216796875,33.11915022676886]]],[[[130.440673828125,33.11915022676886],[130.44342041015625,33.11915022676886],[130.44342041015625,33.12030040009889],[130.440673828125,33.12030040009889],[130.440673828125,33.11915022676886]]],[[[130.09735107421875,33.118000038376145],[130.12619018554688,33.118000038376145],[130.12619018554688,33.12030040009889],[130.09735107421875,33.12030040009889],[130.09735107421875,33.118000038376145]]],[[[130.13031005859375,33.118000038376145],[130.15777587890625,33.118000038376145],[130.15777587890625,33.11915022676886],[130.13031005859375,33.11915022676886],[130.13031005859375,33.118000038376145]]],[[[130.37338256835938,33.118000038376145],[130.38848876953125,33.118000038376145],[130.38848876953125,33.11915022676886],[130.37338256835938,33.11915022676886],[130.37338256835938,33.118000038376145]]],[[[130.4022216796875,33.118000038376145],[130.44479370117188,33.118000038376145],[130.44479370117188,33.11915022676886],[130.4022216796875,33.11915022676886],[130.4022216796875,33.118000038376145]]],[[[129.7540283203125,33.116849834921],[129.75540161132812,33.116849834921],[129.75540161132812,33.118000038376145],[129.7540283203125,33.118000038376145],[129.7540283203125,33.116849834921]]],[[[129.79522705078125,33.116849834921],[129.7979736328125,33.116849834921],[129.7979736328125,33.12030040009889],[129.79522705078125,33.12030040009889],[129.79522705078125,33.116849834921]]],[[[130.09735107421875,33.116849834921],[130.1275634765625,33.116849834921],[130.1275634765625,33.118000038376145],[130.09735107421875,33.118000038376145],[130.09735107421875,33.116849834921]]],[[[130.13031005859375,33.116849834921],[130.15640258789062,33.116849834921],[130.15640258789062,33.118000038376145],[130.13031005859375,33.118000038376145],[130.13031005859375,33.116849834921]]],[[[130.37612915039062,33.116849834921],[130.38986206054688,33.116849834921],[130.38986206054688,33.118000038376145],[130.37612915039062,33.118000038376145],[130.37612915039062,33.116849834921]]],[[[130.4022216796875,33.116849834921],[130.4461669921875,33.116849834921],[130.4461669921875,33.118000038376145],[130.4022216796875,33.118000038376145],[130.4022216796875,33.116849834921]]],[[[129.75677490234375,33.11569961640372],[129.75814819335938,33.11569961640372],[129.75814819335938,33.116849834921],[129.75677490234375,33.116849834921],[129.75677490234375,33.11569961640372]]],[[[130.10147094726562,33.11569961640372],[130.11795043945312,33.11569961640372],[130.11795043945312,33.116849834921],[130.10147094726562,33.116849834921],[130.10147094726562,33.11569961640372]]],[[[130.13168334960938,33.11569961640372],[130.155029296875,33.11569961640372],[130.155029296875,33.116849834921],[130.13168334960938,33.116849834921],[130.13168334960938,33.11569961640372]]],[[[130.37887573242188,33.11569961640372],[130.3912353515625,33.11569961640372],[130.3912353515625,33.116849834921],[130.37887573242188,33.116849834921],[130.37887573242188,33.11569961640372]]],[[[130.4022216796875,33.11569961640372],[130.44891357421875,33.11569961640372],[130.44891357421875,33.116849834921],[130.4022216796875,33.116849834921],[130.4022216796875,33.11569961640372]]],[[[129.74166870117188,33.114549382824535],[129.7430419921875,33.114549382824535],[129.7430419921875,33.11569961640372],[129.74166870117188,33.11569961640372],[129.74166870117188,33.114549382824535]]],[[[129.759521484375,33.114549382824535],[129.76089477539062,33.114549382824535],[129.76089477539062,33.11569961640372],[129.759521484375,33.11569961640372],[129.759521484375,33.114549382824535]]],[[[129.79385375976562,33.114549382824535],[129.7979736328125,33.114549382824535],[129.7979736328125,33.116849834921],[129.79385375976562,33.116849834921],[129.79385375976562,33.114549382824535]]],[[[130.10421752929688,33.114549382824535],[130.1165771484375,33.114549382824535],[130.1165771484375,33.11569961640372],[130.10421752929688,33.11569961640372],[130.10421752929688,33.114549382824535]]],[[[130.11932373046875,33.114549382824535],[130.1275634765625,33.114549382824535],[130.1275634765625,33.116849834921],[130.11932373046875,33.116849834921],[130.11932373046875,33.114549382824535]]],[[[130.13717651367188,33.114549382824535],[130.15365600585938,33.114549382824535],[130.15365600585938,33.11569961640372],[130.13717651367188,33.11569961640372],[130.13717651367188,33.114549382824535]]],[[[130.3802490234375,33.114549382824535],[130.39260864257812,33.114549382824535],[130.39260864257812,33.11569961640372],[130.3802490234375,33.11569961640372],[130.3802490234375,33.114549382824535]]],[[[130.40359497070312,33.114549382824535],[130.44891357421875,33.114549382824535],[130.44891357421875,33.11569961640372],[130.40359497070312,33.11569961640372],[130.40359497070312,33.114549382824535]]],[[[129.79385375976562,33.113399134183744],[129.79522705078125,33.113399134183744],[129.79522705078125,33.114549382824535],[129.79385375976562,33.114549382824535],[129.79385375976562,33.113399134183744]]],[[[130.1055908203125,33.113399134183744],[130.11520385742188,33.113399134183744],[130.11520385742188,33.114549382824535],[130.1055908203125,33.114549382824535],[130.1055908203125,33.113399134183744]]],[[[130.14129638671875,33.113399134183744],[130.15228271484375,33.113399134183744],[130.15228271484375,33.114549382824535],[130.14129638671875,33.114549382824535],[130.14129638671875,33.113399134183744]]],[[[130.38299560546875,33.113399134183744],[130.39398193359375,33.113399134183744],[130.39398193359375,33.114549382824535],[130.38299560546875,33.114549382824535],[130.38299560546875,33.113399134183744]]],[[[130.40359497070312,33.113399134183744],[130.45440673828125,33.113399134183744],[130.45440673828125,33.114549382824535],[130.40359497070312,33.114549382824535],[130.40359497070312,33.113399134183744]]],[[[130.10696411132812,33.112248870481594],[130.11383056640625,33.112248870481594],[130.11383056640625,33.113399134183744],[130.10696411132812,33.113399134183744],[130.10696411132812,33.112248870481594]]],[[[130.11932373046875,33.112248870481594],[130.12893676757812,33.112248870481594],[130.12893676757812,33.114549382824535],[130.11932373046875,33.114549382824535],[130.11932373046875,33.112248870481594]]],[[[130.14541625976562,33.112248870481594],[130.15090942382812,33.112248870481594],[130.15090942382812,33.113399134183744],[130.14541625976562,33.113399134183744],[130.14541625976562,33.112248870481594]]],[[[130.38436889648438,33.112248870481594],[130.39535522460938,33.112248870481594],[130.39535522460938,33.113399134183744],[130.38436889648438,33.113399134183744],[130.38436889648438,33.112248870481594]]],[[[130.40496826171875,33.112248870481594],[130.45440673828125,33.112248870481594],[130.45440673828125,33.113399134183744],[130.40496826171875,33.113399134183744],[130.40496826171875,33.112248870481594]]],[[[129.74578857421875,33.11109859171835],[129.74716186523438,33.11109859171835],[129.74716186523438,33.112248870481594],[129.74578857421875,33.112248870481594],[129.74578857421875,33.11109859171835]]],[[[129.79248046875,33.11109859171835],[129.79660034179688,33.11109859171835],[129.79660034179688,33.113399134183744],[129.79248046875,33.113399134183744],[129.79248046875,33.11109859171835]]],[[[130.10696411132812,33.11109859171835],[130.11245727539062,33.11109859171835],[130.11245727539062,33.112248870481594],[130.10696411132812,33.112248870481594],[130.10696411132812,33.11109859171835]]],[[[130.38711547851562,33.11109859171835],[130.45303344726562,33.11109859171835],[130.45303344726562,33.112248870481594],[130.38711547851562,33.112248870481594],[130.38711547851562,33.11109859171835]]],[[[129.78973388671875,33.10994829789429],[129.79522705078125,33.10994829789429],[129.79522705078125,33.11109859171835],[129.78973388671875,33.11109859171835],[129.78973388671875,33.10994829789429]]],[[[130.10833740234375,33.10994829789429],[130.111083984375,33.10994829789429],[130.111083984375,33.11109859171835],[130.10833740234375,33.11109859171835],[130.10833740234375,33.10994829789429]]],[[[130.12069702148438,33.10994829789429],[130.13031005859375,33.10994829789429],[130.13031005859375,33.112248870481594],[130.12069702148438,33.112248870481594],[130.12069702148438,33.10994829789429]]],[[[130.38848876953125,33.10994829789429],[130.40496826171875,33.10994829789429],[130.40496826171875,33.11109859171835],[130.38848876953125,33.11109859171835],[130.38848876953125,33.10994829789429]]],[[[130.40771484375,33.10994829789429],[130.45166015625,33.10994829789429],[130.45166015625,33.11109859171835],[130.40771484375,33.11109859171835],[130.40771484375,33.10994829789429]]],[[[129.7869873046875,33.10879798900968],[129.79248046875,33.10879798900968],[129.79248046875,33.10994829789429],[129.7869873046875,33.10994829789429],[129.7869873046875,33.10879798900968]]],[[[130.11932373046875,33.10879798900968],[130.12893676757812,33.10879798900968],[130.12893676757812,33.10994829789429],[130.11932373046875,33.10994829789429],[130.11932373046875,33.10879798900968]]],[[[130.3912353515625,33.10879798900968],[130.40496826171875,33.10879798900968],[130.40496826171875,33.10994829789429],[130.3912353515625,33.10994829789429],[130.3912353515625,33.10879798900968]]],[[[130.41046142578125,33.10879798900968],[130.43106079101562,33.10879798900968],[130.43106079101562,33.10994829789429],[130.41046142578125,33.10994829789429],[130.41046142578125,33.10879798900968]]],[[[130.43243408203125,33.10879798900968],[130.45166015625,33.10879798900968],[130.45166015625,33.10994829789429],[130.43243408203125,33.10994829789429],[130.43243408203125,33.10879798900968]]],[[[129.7869873046875,33.10764766506478],[129.79110717773438,33.10764766506478],[129.79110717773438,33.10879798900968],[129.7869873046875,33.10879798900968],[129.7869873046875,33.10764766506478]]],[[[130.11795043945312,33.10764766506478],[130.12893676757812,33.10764766506478],[130.12893676757812,33.10879798900968],[130.11795043945312,33.10879798900968],[130.11795043945312,33.10764766506478]]],[[[130.39398193359375,33.10764766506478],[130.40496826171875,33.10764766506478],[130.40496826171875,33.10879798900968],[130.39398193359375,33.10879798900968],[130.39398193359375,33.10764766506478]]],[[[130.41183471679688,33.10764766506478],[130.42694091796875,33.10764766506478],[130.42694091796875,33.10879798900968],[130.41183471679688,33.10879798900968],[130.41183471679688,33.10764766506478]]],[[[130.43655395507812,33.10764766506478],[130.45166015625,33.10764766506478],[130.45166015625,33.10879798900968],[130.43655395507812,33.10879798900968],[130.43655395507812,33.10764766506478]]],[[[129.78561401367188,33.10649732605985],[129.79110717773438,33.10649732605985],[129.79110717773438,33.10764766506478],[129.78561401367188,33.10764766506478],[129.78561401367188,33.10649732605985]]],[[[130.1165771484375,33.10649732605985],[130.12893676757812,33.10649732605985],[130.12893676757812,33.10764766506478],[130.1165771484375,33.10764766506478],[130.1165771484375,33.10649732605985]]],[[[130.396728515625,33.10649732605985],[130.40496826171875,33.10649732605985],[130.40496826171875,33.10764766506478],[130.396728515625,33.10764766506478],[130.396728515625,33.10649732605985]]],[[[130.42007446289062,33.10649732605985],[130.4241943359375,33.10649732605985],[130.4241943359375,33.10764766506478],[130.42007446289062,33.10764766506478],[130.42007446289062,33.10649732605985]]],[[[130.440673828125,33.10649732605985],[130.45303344726562,33.10649732605985],[130.45303344726562,33.10764766506478],[130.440673828125,33.10764766506478],[130.440673828125,33.10649732605985]]],[[[129.7869873046875,33.10534697199518],[129.79110717773438,33.10534697199518],[129.79110717773438,33.10649732605985],[129.7869873046875,33.10649732605985],[129.7869873046875,33.10534697199518]]],[[[130.11520385742188,33.10534697199518],[130.12619018554688,33.10534697199518],[130.12619018554688,33.10649732605985],[130.11520385742188,33.10649732605985],[130.11520385742188,33.10534697199518]]],[[[130.396728515625,33.10534697199518],[130.40359497070312,33.10534697199518],[130.40359497070312,33.10649732605985],[130.396728515625,33.10649732605985],[130.396728515625,33.10534697199518]]],[[[130.42007446289062,33.10534697199518],[130.42282104492188,33.10534697199518],[130.42282104492188,33.10649732605985],[130.42007446289062,33.10649732605985],[130.42007446289062,33.10534697199518]]],[[[130.44342041015625,33.10534697199518],[130.44479370117188,33.10534697199518],[130.44479370117188,33.10649732605985],[130.44342041015625,33.10649732605985],[130.44342041015625,33.10534697199518]]],[[[130.11245727539062,33.10419660287101],[130.12069702148438,33.10419660287101],[130.12069702148438,33.10534697199518],[130.11245727539062,33.10534697199518],[130.11245727539062,33.10419660287101]]],[[[130.12893676757812,33.10419660287101],[130.133056640625,33.10419660287101],[130.133056640625,33.10534697199518],[130.12893676757812,33.10534697199518],[130.12893676757812,33.10419660287101]]],[[[130.39535522460938,33.10419660287101],[130.40084838867188,33.10419660287101],[130.40084838867188,33.10534697199518],[130.39535522460938,33.10534697199518],[130.39535522460938,33.10419660287101]]],[[[130.41595458984375,33.10419660287101],[130.42282104492188,33.10419660287101],[130.42282104492188,33.10534697199518],[130.41595458984375,33.10534697199518],[130.41595458984375,33.10419660287101]]],[[[129.7320556640625,33.10304621868762],[129.73342895507812,33.10304621868762],[129.73342895507812,33.10419660287101],[129.7320556640625,33.10419660287101],[129.7320556640625,33.10304621868762]]],[[[129.7869873046875,33.10304621868762],[129.78973388671875,33.10304621868762],[129.78973388671875,33.10534697199518],[129.7869873046875,33.10534697199518],[129.7869873046875,33.10304621868762]]],[[[130.111083984375,33.10304621868762],[130.12069702148438,33.10304621868762],[130.12069702148438,33.10419660287101],[130.111083984375,33.10419660287101],[130.111083984375,33.10304621868762]]],[[[130.12481689453125,33.10304621868762],[130.133056640625,33.10304621868762],[130.133056640625,33.10419660287101],[130.12481689453125,33.10419660287101],[130.12481689453125,33.10304621868762]]],[[[130.39398193359375,33.10304621868762],[130.40084838867188,33.10304621868762],[130.40084838867188,33.10419660287101],[130.39398193359375,33.10419660287101],[130.39398193359375,33.10304621868762]]],[[[130.41183471679688,33.10304621868762],[130.42282104492188,33.10304621868762],[130.42282104492188,33.10419660287101],[130.41183471679688,33.10419660287101],[130.41183471679688,33.10304621868762]]],[[[129.73480224609375,33.10189581944528],[129.73617553710938,33.10189581944528],[129.73617553710938,33.10304621868762],[129.73480224609375,33.10304621868762],[129.73480224609375,33.10189581944528]]],[[[129.737548828125,33.10189581944528],[129.73892211914062,33.10189581944528],[129.73892211914062,33.10304621868762],[129.737548828125,33.10304621868762],[129.737548828125,33.10189581944528]]],[[[129.7869873046875,33.10189581944528],[129.79110717773438,33.10189581944528],[129.79110717773438,33.10304621868762],[129.7869873046875,33.10304621868762],[129.7869873046875,33.10189581944528]]],[[[130.10971069335938,33.10189581944528],[130.11932373046875,33.10189581944528],[130.11932373046875,33.10304621868762],[130.10971069335938,33.10304621868762],[130.10971069335938,33.10189581944528]]],[[[130.12069702148438,33.10189581944528],[130.13442993164062,33.10189581944528],[130.13442993164062,33.10304621868762],[130.12069702148438,33.10304621868762],[130.12069702148438,33.10189581944528]]],[[[130.39260864257812,33.10189581944528],[130.39947509765625,33.10189581944528],[130.39947509765625,33.10304621868762],[130.39260864257812,33.10304621868762],[130.39260864257812,33.10189581944528]]],[[[130.40908813476562,33.10189581944528],[130.42282104492188,33.10189581944528],[130.42282104492188,33.10304621868762],[130.40908813476562,33.10304621868762],[130.40908813476562,33.10189581944528]]],[[[129.74029541015625,33.10074540514424],[129.74166870117188,33.10074540514424],[129.74166870117188,33.10189581944528],[129.74029541015625,33.10189581944528],[129.74029541015625,33.10074540514424]]],[[[129.74716186523438,33.10074540514424],[129.7540283203125,33.10074540514424],[129.7540283203125,33.10189581944528],[129.74716186523438,33.10189581944528],[129.74716186523438,33.10074540514424]]],[[[129.78836059570312,33.10074540514424],[129.79110717773438,33.10074540514424],[129.79110717773438,33.10189581944528],[129.78836059570312,33.10189581944528],[129.78836059570312,33.10074540514424]]],[[[130.10833740234375,33.10074540514424],[130.12481689453125,33.10074540514424],[130.12481689453125,33.10189581944528],[130.10833740234375,33.10189581944528],[130.10833740234375,33.10074540514424]]],[[[130.12893676757812,33.10074540514424],[130.13442993164062,33.10074540514424],[130.13442993164062,33.10189581944528],[130.12893676757812,33.10189581944528],[130.12893676757812,33.10074540514424]]],[[[130.3912353515625,33.10074540514424],[130.39947509765625,33.10074540514424],[130.39947509765625,33.10189581944528],[130.3912353515625,33.10189581944528],[130.3912353515625,33.10074540514424]]],[[[129.72793579101562,33.09959497578479],[129.72930908203125,33.09959497578479],[129.72930908203125,33.10189581944528],[129.72793579101562,33.10189581944528],[129.72793579101562,33.09959497578479]]],[[[129.74441528320312,33.09959497578479],[129.74578857421875,33.09959497578479],[129.74578857421875,33.10074540514424],[129.74441528320312,33.10074540514424],[129.74441528320312,33.09959497578479]]],[[[130.10833740234375,33.09959497578479],[130.1220703125,33.09959497578479],[130.1220703125,33.10074540514424],[130.10833740234375,33.10074540514424],[130.10833740234375,33.09959497578479]]],[[[130.13168334960938,33.09959497578479],[130.13442993164062,33.09959497578479],[130.13442993164062,33.10074540514424],[130.13168334960938,33.10074540514424],[130.13168334960938,33.09959497578479]]],[[[130.40771484375,33.09959497578479],[130.42282104492188,33.09959497578479],[130.42282104492188,33.10189581944528],[130.40771484375,33.10189581944528],[130.40771484375,33.09959497578479]]],[[[129.74578857421875,33.09844453136718],[129.74716186523438,33.09844453136718],[129.74716186523438,33.09959497578479],[129.74578857421875,33.09959497578479],[129.74578857421875,33.09844453136718]]],[[[129.78973388671875,33.09844453136718],[129.79248046875,33.09844453136718],[129.79248046875,33.10074540514424],[129.78973388671875,33.10074540514424],[129.78973388671875,33.09844453136718]]],[[[130.10833740234375,33.09844453136718],[130.11245727539062,33.09844453136718],[130.11245727539062,33.09959497578479],[130.10833740234375,33.09959497578479],[130.10833740234375,33.09844453136718]]],[[[130.1165771484375,33.09844453136718],[130.12069702148438,33.09844453136718],[130.12069702148438,33.09959497578479],[130.1165771484375,33.09959497578479],[130.1165771484375,33.09844453136718]]],[[[130.38986206054688,33.09844453136718],[130.39810180664062,33.09844453136718],[130.39810180664062,33.10074540514424],[130.38986206054688,33.10074540514424],[130.38986206054688,33.09844453136718]]],[[[129.76776123046875,33.09729407189168],[129.76913452148438,33.09729407189168],[129.76913452148438,33.09844453136718],[129.76776123046875,33.09844453136718],[129.76776123046875,33.09729407189168]]],[[[130.11795043945312,33.09729407189168],[130.12069702148438,33.09729407189168],[130.12069702148438,33.09844453136718],[130.11795043945312,33.09844453136718],[130.11795043945312,33.09729407189168]]],[[[130.133056640625,33.09729407189168],[130.13580322265625,33.09729407189168],[130.13580322265625,33.09959497578479],[130.133056640625,33.09959497578479],[130.133056640625,33.09729407189168]]],[[[130.38848876953125,33.09729407189168],[130.39810180664062,33.09729407189168],[130.39810180664062,33.09844453136718],[130.38848876953125,33.09844453136718],[130.38848876953125,33.09729407189168]]],[[[130.40634155273438,33.09729407189168],[130.42282104492188,33.09729407189168],[130.42282104492188,33.09959497578479],[130.40634155273438,33.09959497578479],[130.40634155273438,33.09729407189168]]],[[[129.79110717773438,33.09614359735856],[129.79248046875,33.09614359735856],[129.79248046875,33.09844453136718],[129.79110717773438,33.09844453136718],[129.79110717773438,33.09614359735856]]],[[[130.13031005859375,33.09614359735856],[130.1385498046875,33.09614359735856],[130.1385498046875,33.09729407189168],[130.13031005859375,33.09729407189168],[130.13031005859375,33.09614359735856]]],[[[130.40496826171875,33.09614359735856],[130.42282104492188,33.09614359735856],[130.42282104492188,33.09729407189168],[130.40496826171875,33.09729407189168],[130.40496826171875,33.09614359735856]]],[[[129.79248046875,33.09499310776808],[129.79385375976562,33.09499310776808],[129.79385375976562,33.09614359735856],[129.79248046875,33.09614359735856],[129.79248046875,33.09499310776808]]],[[[130.12893676757812,33.09499310776808],[130.1385498046875,33.09499310776808],[130.1385498046875,33.09614359735856],[130.12893676757812,33.09614359735856],[130.12893676757812,33.09499310776808]]],[[[130.38711547851562,33.09499310776808],[130.396728515625,33.09499310776808],[130.396728515625,33.09729407189168],[130.38711547851562,33.09729407189168],[130.38711547851562,33.09499310776808]]],[[[129.79248046875,33.09384260312052],[129.79522705078125,33.09384260312052],[129.79522705078125,33.09499310776808],[129.79248046875,33.09499310776808],[129.79248046875,33.09384260312052]]],[[[130.1275634765625,33.09384260312052],[130.13168334960938,33.09384260312052],[130.13168334960938,33.09499310776808],[130.1275634765625,33.09499310776808],[130.1275634765625,33.09384260312052]]],[[[130.133056640625,33.09384260312052],[130.14129638671875,33.09384260312052],[130.14129638671875,33.09499310776808],[130.133056640625,33.09499310776808],[130.133056640625,33.09384260312052]]],[[[130.38848876953125,33.09384260312052],[130.396728515625,33.09384260312052],[130.396728515625,33.09499310776808],[130.38848876953125,33.09499310776808],[130.38848876953125,33.09384260312052]]],[[[130.40496826171875,33.09384260312052],[130.42144775390625,33.09384260312052],[130.42144775390625,33.09614359735856],[130.40496826171875,33.09614359735856],[130.40496826171875,33.09384260312052]]],[[[129.76226806640625,33.09269208341613],[129.76364135742188,33.09269208341613],[129.76364135742188,33.09384260312052],[129.76226806640625,33.09384260312052],[129.76226806640625,33.09269208341613]]],[[[129.76638793945312,33.09269208341613],[129.76776123046875,33.09269208341613],[129.76776123046875,33.09729407189168],[129.76638793945312,33.09729407189168],[129.76638793945312,33.09269208341613]]],[[[129.79385375976562,33.09269208341613],[129.79522705078125,33.09269208341613],[129.79522705078125,33.09384260312052],[129.79385375976562,33.09384260312052],[129.79385375976562,33.09269208341613]]],[[[130.1275634765625,33.09269208341613],[130.13031005859375,33.09269208341613],[130.13031005859375,33.09384260312052],[130.1275634765625,33.09384260312052],[130.1275634765625,33.09269208341613]]],[[[130.38986206054688,33.09269208341613],[130.39810180664062,33.09269208341613],[130.39810180664062,33.09384260312052],[130.38986206054688,33.09384260312052],[130.38986206054688,33.09269208341613]]],[[[130.40359497070312,33.09269208341613],[130.42144775390625,33.09269208341613],[130.42144775390625,33.09384260312052],[130.40359497070312,33.09384260312052],[130.40359497070312,33.09269208341613]]],[[[129.73342895507812,33.091541548655194],[129.73480224609375,33.091541548655194],[129.73480224609375,33.09269208341613],[129.73342895507812,33.09269208341613],[129.73342895507812,33.091541548655194]]],[[[129.76364135742188,33.091541548655194],[129.7650146484375,33.091541548655194],[129.7650146484375,33.09269208341613],[129.76364135742188,33.09269208341613],[129.76364135742188,33.091541548655194]]],[[[129.76776123046875,33.091541548655194],[129.76913452148438,33.091541548655194],[129.76913452148438,33.09269208341613],[129.76776123046875,33.09269208341613],[129.76776123046875,33.091541548655194]]],[[[130.1275634765625,33.091541548655194],[130.133056640625,33.091541548655194],[130.133056640625,33.09269208341613],[130.1275634765625,33.09269208341613],[130.1275634765625,33.091541548655194]]],[[[130.13580322265625,33.091541548655194],[130.14266967773438,33.091541548655194],[130.14266967773438,33.09384260312052],[130.13580322265625,33.09384260312052],[130.13580322265625,33.091541548655194]]],[[[130.39260864257812,33.091541548655194],[130.39810180664062,33.091541548655194],[130.39810180664062,33.09269208341613],[130.39260864257812,33.09269208341613],[130.39260864257812,33.091541548655194]]],[[[130.4022216796875,33.091541548655194],[130.40908813476562,33.091541548655194],[130.40908813476562,33.09269208341613],[130.4022216796875,33.09269208341613],[130.4022216796875,33.091541548655194]]],[[[130.4132080078125,33.091541548655194],[130.42144775390625,33.091541548655194],[130.42144775390625,33.09269208341613],[130.4132080078125,33.09269208341613],[130.4132080078125,33.091541548655194]]],[[[129.79385375976562,33.09039099883797],[129.79660034179688,33.09039099883797],[129.79660034179688,33.09269208341613],[129.79385375976562,33.09269208341613],[129.79385375976562,33.09039099883797]]],[[[130.1275634765625,33.09039099883797],[130.14404296875,33.09039099883797],[130.14404296875,33.091541548655194],[130.1275634765625,33.091541548655194],[130.1275634765625,33.09039099883797]]],[[[130.396728515625,33.09039099883797],[130.39810180664062,33.09039099883797],[130.39810180664062,33.091541548655194],[130.396728515625,33.091541548655194],[130.396728515625,33.09039099883797]]],[[[130.40084838867188,33.09039099883797],[130.40908813476562,33.09039099883797],[130.40908813476562,33.091541548655194],[130.40084838867188,33.091541548655194],[130.40084838867188,33.09039099883797]]],[[[130.41732788085938,33.09039099883797],[130.42144775390625,33.09039099883797],[130.42144775390625,33.091541548655194],[130.41732788085938,33.091541548655194],[130.41732788085938,33.09039099883797]]],[[[129.76776123046875,33.089240433964726],[129.7705078125,33.089240433964726],[129.7705078125,33.09039099883797],[129.76776123046875,33.09039099883797],[129.76776123046875,33.089240433964726]]],[[[129.79385375976562,33.089240433964726],[129.79522705078125,33.089240433964726],[129.79522705078125,33.09039099883797],[129.79385375976562,33.09039099883797],[129.79385375976562,33.089240433964726]]],[[[130.12893676757812,33.089240433964726],[130.14541625976562,33.089240433964726],[130.14541625976562,33.09039099883797],[130.12893676757812,33.09039099883797],[130.12893676757812,33.089240433964726]]],[[[130.40084838867188,33.089240433964726],[130.41046142578125,33.089240433964726],[130.41046142578125,33.09039099883797],[130.40084838867188,33.09039099883797],[130.40084838867188,33.089240433964726]]],[[[130.42007446289062,33.089240433964726],[130.42144775390625,33.089240433964726],[130.42144775390625,33.09039099883797],[130.42007446289062,33.09039099883797],[130.42007446289062,33.089240433964726]]],[[[129.76226806640625,33.08808985403572],[129.76364135742188,33.08808985403572],[129.76364135742188,33.089240433964726],[129.76226806640625,33.089240433964726],[129.76226806640625,33.08808985403572]]],[[[129.76638793945312,33.08808985403572],[129.76776123046875,33.08808985403572],[129.76776123046875,33.089240433964726],[129.76638793945312,33.089240433964726],[129.76638793945312,33.08808985403572]]],[[[129.79385375976562,33.08808985403572],[129.79660034179688,33.08808985403572],[129.79660034179688,33.089240433964726],[129.79385375976562,33.089240433964726],[129.79385375976562,33.08808985403572]]],[[[130.133056640625,33.08808985403572],[130.14541625976562,33.08808985403572],[130.14541625976562,33.089240433964726],[130.133056640625,33.089240433964726],[130.133056640625,33.08808985403572]]],[[[130.40496826171875,33.08808985403572],[130.41183471679688,33.08808985403572],[130.41183471679688,33.089240433964726],[130.40496826171875,33.089240433964726],[130.40496826171875,33.08808985403572]]],[[[130.41732788085938,33.08808985403572],[130.42282104492188,33.08808985403572],[130.42282104492188,33.089240433964726],[130.41732788085938,33.089240433964726],[130.41732788085938,33.08808985403572]]],[[[130.40771484375,33.08693925905123],[130.4241943359375,33.08693925905123],[130.4241943359375,33.08808985403572],[130.40771484375,33.08808985403572],[130.40771484375,33.08693925905123]]],[[[129.79248046875,33.085788649011526],[129.7979736328125,33.085788649011526],[129.7979736328125,33.08808985403572],[129.79248046875,33.08808985403572],[129.79248046875,33.085788649011526]]],[[[130.14404296875,33.085788649011526],[130.14678955078125,33.085788649011526],[130.14678955078125,33.08808985403572],[130.14404296875,33.08808985403572],[130.14404296875,33.085788649011526]]],[[[130.41046142578125,33.085788649011526],[130.42556762695312,33.085788649011526],[130.42556762695312,33.08693925905123],[130.41046142578125,33.08693925905123],[130.41046142578125,33.085788649011526]]],[[[130.43106079101562,33.085788649011526],[130.43792724609375,33.085788649011526],[130.43792724609375,33.08693925905123],[130.43106079101562,33.08693925905123],[130.43106079101562,33.085788649011526]]],[[[130.14266967773438,33.08463802391687],[130.14541625976562,33.08463802391687],[130.14541625976562,33.085788649011526],[130.14266967773438,33.085788649011526],[130.14266967773438,33.08463802391687]]],[[[130.41183471679688,33.08463802391687],[130.440673828125,33.08463802391687],[130.440673828125,33.085788649011526],[130.41183471679688,33.085788649011526],[130.41183471679688,33.08463802391687]]],[[[129.76226806640625,33.08348738376751],[129.76364135742188,33.08348738376751],[129.76364135742188,33.085788649011526],[129.76226806640625,33.085788649011526],[129.76226806640625,33.08348738376751]]],[[[129.7869873046875,33.08348738376751],[129.79110717773438,33.08348738376751],[129.79110717773438,33.08463802391687],[129.7869873046875,33.08463802391687],[129.7869873046875,33.08348738376751]]],[[[129.79248046875,33.08348738376751],[129.79522705078125,33.08348738376751],[129.79522705078125,33.085788649011526],[129.79248046875,33.085788649011526],[129.79248046875,33.08348738376751]]],[[[130.13992309570312,33.08348738376751],[130.14541625976562,33.08348738376751],[130.14541625976562,33.08463802391687],[130.13992309570312,33.08463802391687],[130.13992309570312,33.08348738376751]]],[[[130.41183471679688,33.08348738376751],[130.44479370117188,33.08348738376751],[130.44479370117188,33.08463802391687],[130.41183471679688,33.08463802391687],[130.41183471679688,33.08348738376751]]],[[[129.75814819335938,33.08233672856375],[129.759521484375,33.08233672856375],[129.759521484375,33.08348738376751],[129.75814819335938,33.08348738376751],[129.75814819335938,33.08233672856375]]],[[[129.78561401367188,33.08233672856375],[129.79522705078125,33.08233672856375],[129.79522705078125,33.08348738376751],[129.78561401367188,33.08348738376751],[129.78561401367188,33.08233672856375]]],[[[130.13992309570312,33.08233672856375],[130.14404296875,33.08233672856375],[130.14404296875,33.08348738376751],[130.13992309570312,33.08348738376751],[130.13992309570312,33.08233672856375]]],[[[130.41183471679688,33.08233672856375],[130.42556762695312,33.08233672856375],[130.42556762695312,33.08348738376751],[130.41183471679688,33.08348738376751],[130.41183471679688,33.08233672856375]]],[[[130.42831420898438,33.08233672856375],[130.44479370117188,33.08233672856375],[130.44479370117188,33.08348738376751],[130.42831420898438,33.08348738376751],[130.42831420898438,33.08233672856375]]],[[[129.737548828125,33.08118605830583],[129.73892211914062,33.08118605830583],[129.73892211914062,33.08348738376751],[129.737548828125,33.08348738376751],[129.737548828125,33.08118605830583]]],[[[130.4296875,33.08118605830583],[130.44479370117188,33.08118605830583],[130.44479370117188,33.08233672856375],[130.4296875,33.08233672856375],[130.4296875,33.08118605830583]]],[[[129.74578857421875,33.08003537299403],[129.74716186523438,33.08003537299403],[129.74716186523438,33.08233672856375],[129.74578857421875,33.08233672856375],[129.74578857421875,33.08003537299403]]],[[[129.75814819335938,33.08003537299403],[129.76638793945312,33.08003537299403],[129.76638793945312,33.08118605830583],[129.75814819335938,33.08118605830583],[129.75814819335938,33.08003537299403]]],[[[129.78561401367188,33.08003537299403],[129.7869873046875,33.08003537299403],[129.7869873046875,33.08233672856375],[129.78561401367188,33.08233672856375],[129.78561401367188,33.08003537299403]]],[[[130.41183471679688,33.08003537299403],[130.4241943359375,33.08003537299403],[130.4241943359375,33.08233672856375],[130.41183471679688,33.08233672856375],[130.41183471679688,33.08003537299403]]],[[[130.43243408203125,33.08003537299403],[130.44479370117188,33.08003537299403],[130.44479370117188,33.08118605830583],[130.43243408203125,33.08118605830583],[130.43243408203125,33.08003537299403]]],[[[129.737548828125,33.078884672628625],[129.73892211914062,33.078884672628625],[129.73892211914062,33.08003537299403],[129.737548828125,33.08003537299403],[129.737548828125,33.078884672628625]]],[[[129.759521484375,33.078884672628625],[129.76089477539062,33.078884672628625],[129.76089477539062,33.08003537299403],[129.759521484375,33.08003537299403],[129.759521484375,33.078884672628625]]],[[[129.7650146484375,33.078884672628625],[129.76638793945312,33.078884672628625],[129.76638793945312,33.08003537299403],[129.7650146484375,33.08003537299403],[129.7650146484375,33.078884672628625]]],[[[129.78286743164062,33.078884672628625],[129.7869873046875,33.078884672628625],[129.7869873046875,33.08003537299403],[129.78286743164062,33.08003537299403],[129.78286743164062,33.078884672628625]]],[[[129.7979736328125,33.078884672628625],[129.79934692382812,33.078884672628625],[129.79934692382812,33.08003537299403],[129.7979736328125,33.08003537299403],[129.7979736328125,33.078884672628625]]],[[[130.14266967773438,33.078884672628625],[130.14404296875,33.078884672628625],[130.14404296875,33.08233672856375],[130.14266967773438,33.08233672856375],[130.14266967773438,33.078884672628625]]],[[[130.4132080078125,33.078884672628625],[130.4241943359375,33.078884672628625],[130.4241943359375,33.08003537299403],[130.4132080078125,33.08003537299403],[130.4132080078125,33.078884672628625]]],[[[130.43655395507812,33.078884672628625],[130.44479370117188,33.078884672628625],[130.44479370117188,33.08003537299403],[130.43655395507812,33.08003537299403],[130.43655395507812,33.078884672628625]]],[[[129.73892211914062,33.077733957209844],[129.74029541015625,33.077733957209844],[129.74029541015625,33.078884672628625],[129.73892211914062,33.078884672628625],[129.73892211914062,33.077733957209844]]],[[[129.76089477539062,33.077733957209844],[129.76364135742188,33.077733957209844],[129.76364135742188,33.078884672628625],[129.76089477539062,33.078884672628625],[129.76089477539062,33.077733957209844]]],[[[129.781494140625,33.077733957209844],[129.78424072265625,33.077733957209844],[129.78424072265625,33.078884672628625],[129.781494140625,33.078884672628625],[129.781494140625,33.077733957209844]]],[[[129.80072021484375,33.077733957209844],[129.803466796875,33.077733957209844],[129.803466796875,33.078884672628625],[129.80072021484375,33.078884672628625],[129.80072021484375,33.077733957209844]]],[[[130.14404296875,33.077733957209844],[130.14541625976562,33.077733957209844],[130.14541625976562,33.078884672628625],[130.14404296875,33.078884672628625],[130.14404296875,33.077733957209844]]],[[[130.43930053710938,33.077733957209844],[130.44204711914062,33.077733957209844],[130.44204711914062,33.078884672628625],[130.43930053710938,33.078884672628625],[130.43930053710938,33.077733957209844]]],[[[129.7430419921875,33.076583226738],[129.74441528320312,33.076583226738],[129.74441528320312,33.077733957209844],[129.7430419921875,33.077733957209844],[129.7430419921875,33.076583226738]]],[[[129.7705078125,33.076583226738],[129.77325439453125,33.076583226738],[129.77325439453125,33.077733957209844],[129.7705078125,33.077733957209844],[129.7705078125,33.076583226738]]],[[[129.7760009765625,33.076583226738],[129.77737426757812,33.076583226738],[129.77737426757812,33.077733957209844],[129.7760009765625,33.077733957209844],[129.7760009765625,33.076583226738]]],[[[129.7979736328125,33.076583226738],[129.80072021484375,33.076583226738],[129.80072021484375,33.077733957209844],[129.7979736328125,33.077733957209844],[129.7979736328125,33.076583226738]]],[[[129.80621337890625,33.076583226738],[129.80758666992188,33.076583226738],[129.80758666992188,33.077733957209844],[129.80621337890625,33.077733957209844],[129.80621337890625,33.076583226738]]],[[[129.72930908203125,33.07543248121333],[129.73068237304688,33.07543248121333],[129.73068237304688,33.076583226738],[129.72930908203125,33.076583226738],[129.72930908203125,33.07543248121333]]],[[[129.76364135742188,33.07543248121333],[129.76638793945312,33.07543248121333],[129.76638793945312,33.076583226738],[129.76364135742188,33.076583226738],[129.76364135742188,33.07543248121333]]],[[[129.803466796875,33.07543248121333],[129.80758666992188,33.07543248121333],[129.80758666992188,33.076583226738],[129.803466796875,33.076583226738],[129.803466796875,33.07543248121333]]],[[[129.7650146484375,33.074281720636115],[129.76638793945312,33.074281720636115],[129.76638793945312,33.07543248121333],[129.7650146484375,33.07543248121333],[129.7650146484375,33.074281720636115]]],[[[129.76776123046875,33.074281720636115],[129.76913452148438,33.074281720636115],[129.76913452148438,33.077733957209844],[129.76776123046875,33.077733957209844],[129.76776123046875,33.074281720636115]]],[[[129.80072021484375,33.074281720636115],[129.80209350585938,33.074281720636115],[129.80209350585938,33.07543248121333],[129.80072021484375,33.07543248121333],[129.80072021484375,33.074281720636115]]],[[[130.41458129882812,33.074281720636115],[130.4241943359375,33.074281720636115],[130.4241943359375,33.078884672628625],[130.41458129882812,33.078884672628625],[130.41458129882812,33.074281720636115]]],[[[129.73068237304688,33.07313094500662],[129.7320556640625,33.07313094500662],[129.7320556640625,33.074281720636115],[129.73068237304688,33.074281720636115],[129.73068237304688,33.07313094500662]]],[[[129.7430419921875,33.07313094500662],[129.74578857421875,33.07313094500662],[129.74578857421875,33.074281720636115],[129.7430419921875,33.074281720636115],[129.7430419921875,33.07313094500662]]],[[[129.76913452148438,33.07313094500662],[129.77188110351562,33.07313094500662],[129.77188110351562,33.074281720636115],[129.76913452148438,33.074281720636115],[129.76913452148438,33.07313094500662]]],[[[129.77737426757812,33.07313094500662],[129.77874755859375,33.07313094500662],[129.77874755859375,33.076583226738],[129.77737426757812,33.076583226738],[129.77737426757812,33.07313094500662]]],[[[129.78424072265625,33.07313094500662],[129.78561401367188,33.07313094500662],[129.78561401367188,33.074281720636115],[129.78424072265625,33.074281720636115],[129.78424072265625,33.07313094500662]]],[[[130.14541625976562,33.07313094500662],[130.14678955078125,33.07313094500662],[130.14678955078125,33.077733957209844],[130.14541625976562,33.077733957209844],[130.14541625976562,33.07313094500662]]],[[[129.73892211914062,33.07198015432512],[129.74029541015625,33.07198015432512],[129.74029541015625,33.07313094500662],[129.73892211914062,33.07313094500662],[129.73892211914062,33.07198015432512]]],[[[130.14404296875,33.07198015432512],[130.14678955078125,33.07198015432512],[130.14678955078125,33.07313094500662],[130.14404296875,33.07313094500662],[130.14404296875,33.07198015432512]]],[[[130.41595458984375,33.07198015432512],[130.42556762695312,33.07198015432512],[130.42556762695312,33.074281720636115],[130.41595458984375,33.074281720636115],[130.41595458984375,33.07198015432512]]],[[[129.78561401367188,33.07082934859186],[129.7869873046875,33.07082934859186],[129.7869873046875,33.07198015432512],[129.78561401367188,33.07198015432512],[129.78561401367188,33.07082934859186]]],[[[129.79934692382812,33.07082934859186],[129.80484008789062,33.07082934859186],[129.80484008789062,33.07198015432512],[129.79934692382812,33.07198015432512],[129.79934692382812,33.07082934859186]]],[[[130.14541625976562,33.07082934859186],[130.1495361328125,33.07082934859186],[130.1495361328125,33.07198015432512],[130.14541625976562,33.07198015432512],[130.14541625976562,33.07082934859186]]],[[[130.41732788085938,33.07082934859186],[130.42694091796875,33.07082934859186],[130.42694091796875,33.07198015432512],[130.41732788085938,33.07198015432512],[130.41732788085938,33.07082934859186]]],[[[129.73892211914062,33.06967852780713],[129.74029541015625,33.06967852780713],[129.74029541015625,33.07082934859186],[129.73892211914062,33.07082934859186],[129.73892211914062,33.06967852780713]]],[[[129.79660034179688,33.06967852780713],[129.79934692382812,33.06967852780713],[129.79934692382812,33.07082934859186],[129.79660034179688,33.07082934859186],[129.79660034179688,33.06967852780713]]],[[[129.80072021484375,33.06967852780713],[129.803466796875,33.06967852780713],[129.803466796875,33.07082934859186],[129.80072021484375,33.07082934859186],[129.80072021484375,33.06967852780713]]],[[[129.77188110351562,33.068527691971184],[129.77325439453125,33.068527691971184],[129.77325439453125,33.07313094500662],[129.77188110351562,33.07313094500662],[129.77188110351562,33.068527691971184]]],[[[129.78012084960938,33.068527691971184],[129.781494140625,33.068527691971184],[129.781494140625,33.07082934859186],[129.78012084960938,33.07082934859186],[129.78012084960938,33.068527691971184]]],[[[129.79934692382812,33.068527691971184],[129.80209350585938,33.068527691971184],[129.80209350585938,33.06967852780713],[129.79934692382812,33.06967852780713],[129.79934692382812,33.068527691971184]]],[[[130.41732788085938,33.068527691971184],[130.42831420898438,33.068527691971184],[130.42831420898438,33.07082934859186],[130.41732788085938,33.07082934859186],[130.41732788085938,33.068527691971184]]],[[[129.74029541015625,33.06737684108429],[129.74166870117188,33.06737684108429],[129.74166870117188,33.068527691971184],[129.74029541015625,33.068527691971184],[129.74029541015625,33.06737684108429]]],[[[129.80072021484375,33.06737684108429],[129.80209350585938,33.06737684108429],[129.80209350585938,33.068527691971184],[129.80072021484375,33.068527691971184],[129.80072021484375,33.06737684108429]]],[[[129.80484008789062,33.06737684108429],[129.80621337890625,33.06737684108429],[129.80621337890625,33.068527691971184],[129.80484008789062,33.068527691971184],[129.80484008789062,33.06737684108429]]],[[[129.8089599609375,33.06737684108429],[129.81307983398438,33.06737684108429],[129.81307983398438,33.068527691971184],[129.8089599609375,33.068527691971184],[129.8089599609375,33.06737684108429]]],[[[129.82269287109375,33.06737684108429],[129.825439453125,33.06737684108429],[129.825439453125,33.068527691971184],[129.82269287109375,33.068527691971184],[129.82269287109375,33.06737684108429]]],[[[130.1495361328125,33.06737684108429],[130.15090942382812,33.06737684108429],[130.15090942382812,33.07082934859186],[130.1495361328125,33.07082934859186],[130.1495361328125,33.06737684108429]]],[[[130.418701171875,33.06737684108429],[130.4296875,33.06737684108429],[130.4296875,33.068527691971184],[130.418701171875,33.068527691971184],[130.418701171875,33.06737684108429]]],[[[130.43792724609375,33.06737684108429],[130.43930053710938,33.06737684108429],[130.43930053710938,33.068527691971184],[130.43792724609375,33.068527691971184],[130.43792724609375,33.06737684108429]]],[[[129.781494140625,33.06622597514672],[129.78286743164062,33.06622597514672],[129.78286743164062,33.068527691971184],[129.781494140625,33.068527691971184],[129.781494140625,33.06622597514672]]],[[[129.79660034179688,33.06622597514672],[129.7979736328125,33.06622597514672],[129.7979736328125,33.06967852780713],[129.79660034179688,33.06967852780713],[129.79660034179688,33.06622597514672]]],[[[129.803466796875,33.06622597514672],[129.80484008789062,33.06622597514672],[129.80484008789062,33.06737684108429],[129.803466796875,33.06737684108429],[129.803466796875,33.06622597514672]]],[[[129.85702514648438,33.06622597514672],[129.86251831054688,33.06622597514672],[129.86251831054688,33.06737684108429],[129.85702514648438,33.06737684108429],[129.85702514648438,33.06622597514672]]],[[[129.86663818359375,33.06622597514672],[129.87213134765625,33.06622597514672],[129.87213134765625,33.06737684108429],[129.86663818359375,33.06737684108429],[129.86663818359375,33.06622597514672]]],[[[130.15228271484375,33.06622597514672],[130.15365600585938,33.06622597514672],[130.15365600585938,33.06737684108429],[130.15228271484375,33.06737684108429],[130.15228271484375,33.06622597514672]]],[[[130.418701171875,33.06622597514672],[130.43106079101562,33.06622597514672],[130.43106079101562,33.06737684108429],[130.418701171875,33.06737684108429],[130.418701171875,33.06622597514672]]],[[[130.43655395507812,33.06622597514672],[130.440673828125,33.06622597514672],[130.440673828125,33.06737684108429],[130.43655395507812,33.06737684108429],[130.43655395507812,33.06622597514672]]],[[[129.73342895507812,33.06507509415876],[129.73480224609375,33.06507509415876],[129.73480224609375,33.068527691971184],[129.73342895507812,33.068527691971184],[129.73342895507812,33.06507509415876]]],[[[129.7760009765625,33.06507509415876],[129.77737426757812,33.06507509415876],[129.77737426757812,33.06622597514672],[129.7760009765625,33.06622597514672],[129.7760009765625,33.06507509415876]]],[[[129.77874755859375,33.06507509415876],[129.78012084960938,33.06507509415876],[129.78012084960938,33.06622597514672],[129.77874755859375,33.06622597514672],[129.77874755859375,33.06507509415876]]],[[[129.78424072265625,33.06507509415876],[129.78561401367188,33.06507509415876],[129.78561401367188,33.06622597514672],[129.78424072265625,33.06622597514672],[129.78424072265625,33.06507509415876]]],[[[129.79660034179688,33.06507509415876],[129.79934692382812,33.06507509415876],[129.79934692382812,33.06622597514672],[129.79660034179688,33.06622597514672],[129.79660034179688,33.06507509415876]]],[[[129.81307983398438,33.06507509415876],[129.814453125,33.06507509415876],[129.814453125,33.06622597514672],[129.81307983398438,33.06622597514672],[129.81307983398438,33.06507509415876]]],[[[129.81719970703125,33.06507509415876],[129.82269287109375,33.06507509415876],[129.82269287109375,33.06622597514672],[129.81719970703125,33.06622597514672],[129.81719970703125,33.06507509415876]]],[[[129.82406616210938,33.06507509415876],[129.825439453125,33.06507509415876],[129.825439453125,33.06737684108429],[129.82406616210938,33.06737684108429],[129.82406616210938,33.06507509415876]]],[[[129.85427856445312,33.06507509415876],[129.8748779296875,33.06507509415876],[129.8748779296875,33.06622597514672],[129.85427856445312,33.06622597514672],[129.85427856445312,33.06507509415876]]],[[[130.418701171875,33.06507509415876],[130.43243408203125,33.06507509415876],[130.43243408203125,33.06622597514672],[130.418701171875,33.06622597514672],[130.418701171875,33.06507509415876]]],[[[130.43380737304688,33.06507509415876],[130.440673828125,33.06507509415876],[130.440673828125,33.06622597514672],[130.43380737304688,33.06622597514672],[130.43380737304688,33.06507509415876]]],[[[129.85427856445312,33.06392419812064],[129.87625122070312,33.06392419812064],[129.87625122070312,33.06507509415876],[129.85427856445312,33.06507509415876],[129.85427856445312,33.06392419812064]]],[[[130.15365600585938,33.06392419812064],[130.15640258789062,33.06392419812064],[130.15640258789062,33.06507509415876],[130.15365600585938,33.06507509415876],[130.15365600585938,33.06392419812064]]],[[[130.22506713867188,33.06392419812064],[130.2264404296875,33.06392419812064],[130.2264404296875,33.06622597514672],[130.22506713867188,33.06622597514672],[130.22506713867188,33.06392419812064]]],[[[130.42007446289062,33.06392419812064],[130.44204711914062,33.06392419812064],[130.44204711914062,33.06507509415876],[130.42007446289062,33.06507509415876],[130.42007446289062,33.06392419812064]]],[[[129.74029541015625,33.062773287032655],[129.74166870117188,33.062773287032655],[129.74166870117188,33.06392419812064],[129.74029541015625,33.06392419812064],[129.74029541015625,33.062773287032655]]],[[[129.81307983398438,33.062773287032655],[129.81582641601562,33.062773287032655],[129.81582641601562,33.06392419812064],[129.81307983398438,33.06392419812064],[129.81307983398438,33.062773287032655]]],[[[129.82955932617188,33.062773287032655],[129.83230590820312,33.062773287032655],[129.83230590820312,33.06392419812064],[129.82955932617188,33.06392419812064],[129.82955932617188,33.062773287032655]]],[[[129.85427856445312,33.062773287032655],[129.87213134765625,33.062773287032655],[129.87213134765625,33.06392419812064],[129.85427856445312,33.06392419812064],[129.85427856445312,33.062773287032655]]],[[[129.87625122070312,33.062773287032655],[129.87899780273438,33.062773287032655],[129.87899780273438,33.06392419812064],[129.87625122070312,33.06392419812064],[129.87625122070312,33.062773287032655]]],[[[130.155029296875,33.062773287032655],[130.15640258789062,33.062773287032655],[130.15640258789062,33.06392419812064],[130.155029296875,33.06392419812064],[130.155029296875,33.062773287032655]]],[[[130.42007446289062,33.062773287032655],[130.44342041015625,33.062773287032655],[130.44342041015625,33.06392419812064],[130.42007446289062,33.06392419812064],[130.42007446289062,33.062773287032655]]],[[[129.73480224609375,33.06162236089505],[129.73617553710938,33.06162236089505],[129.73617553710938,33.062773287032655],[129.73480224609375,33.062773287032655],[129.73480224609375,33.06162236089505]]],[[[129.74990844726562,33.06162236089505],[129.75128173828125,33.06162236089505],[129.75128173828125,33.062773287032655],[129.74990844726562,33.062773287032655],[129.74990844726562,33.06162236089505]]],[[[129.78424072265625,33.06162236089505],[129.78561401367188,33.06162236089505],[129.78561401367188,33.062773287032655],[129.78424072265625,33.062773287032655],[129.78424072265625,33.06162236089505]]],[[[129.81582641601562,33.06162236089505],[129.81719970703125,33.06162236089505],[129.81719970703125,33.062773287032655],[129.81582641601562,33.062773287032655],[129.81582641601562,33.06162236089505]]],[[[129.82818603515625,33.06162236089505],[129.82955932617188,33.06162236089505],[129.82955932617188,33.062773287032655],[129.82818603515625,33.062773287032655],[129.82818603515625,33.06162236089505]]],[[[129.8309326171875,33.06162236089505],[129.83505249023438,33.06162236089505],[129.83505249023438,33.062773287032655],[129.8309326171875,33.062773287032655],[129.8309326171875,33.06162236089505]]],[[[129.85427856445312,33.06162236089505],[129.85977172851562,33.06162236089505],[129.85977172851562,33.062773287032655],[129.85427856445312,33.062773287032655],[129.85427856445312,33.06162236089505]]],[[[129.87899780273438,33.06162236089505],[129.88174438476562,33.06162236089505],[129.88174438476562,33.062773287032655],[129.87899780273438,33.062773287032655],[129.87899780273438,33.06162236089505]]],[[[130.155029296875,33.06162236089505],[130.15777587890625,33.06162236089505],[130.15777587890625,33.062773287032655],[130.155029296875,33.062773287032655],[130.155029296875,33.06162236089505]]],[[[130.42007446289062,33.06162236089505],[130.44204711914062,33.06162236089505],[130.44204711914062,33.062773287032655],[130.42007446289062,33.062773287032655],[130.42007446289062,33.06162236089505]]],[[[129.74166870117188,33.06047141970812],[129.74441528320312,33.06047141970812],[129.74441528320312,33.06162236089505],[129.74166870117188,33.06162236089505],[129.74166870117188,33.06047141970812]]],[[[129.78836059570312,33.06047141970812],[129.78973388671875,33.06047141970812],[129.78973388671875,33.06162236089505],[129.78836059570312,33.06162236089505],[129.78836059570312,33.06047141970812]]],[[[129.81857299804688,33.06047141970812],[129.82131958007812,33.06047141970812],[129.82131958007812,33.06162236089505],[129.81857299804688,33.06162236089505],[129.81857299804688,33.06047141970812]]],[[[129.82955932617188,33.06047141970812],[129.83230590820312,33.06047141970812],[129.83230590820312,33.06162236089505],[129.82955932617188,33.06162236089505],[129.82955932617188,33.06047141970812]]],[[[129.83505249023438,33.06047141970812],[129.83642578125,33.06047141970812],[129.83642578125,33.06162236089505],[129.83505249023438,33.06162236089505],[129.83505249023438,33.06047141970812]]],[[[129.85427856445312,33.06047141970812],[129.85565185546875,33.06047141970812],[129.85565185546875,33.06162236089505],[129.85427856445312,33.06162236089505],[129.85427856445312,33.06047141970812]]],[[[129.86251831054688,33.06047141970812],[129.869384765625,33.06047141970812],[129.869384765625,33.062773287032655],[129.86251831054688,33.062773287032655],[129.86251831054688,33.06047141970812]]],[[[129.88174438476562,33.06047141970812],[129.88311767578125,33.06047141970812],[129.88311767578125,33.06162236089505],[129.88174438476562,33.06162236089505],[129.88174438476562,33.06047141970812]]],[[[129.73480224609375,33.05932046347212],[129.73617553710938,33.05932046347212],[129.73617553710938,33.06047141970812],[129.73480224609375,33.06047141970812],[129.73480224609375,33.05932046347212]]],[[[129.74578857421875,33.05932046347212],[129.74716186523438,33.05932046347212],[129.74716186523438,33.06047141970812],[129.74578857421875,33.06047141970812],[129.74578857421875,33.05932046347212]]],[[[129.74990844726562,33.05932046347212],[129.75265502929688,33.05932046347212],[129.75265502929688,33.06047141970812],[129.74990844726562,33.06047141970812],[129.74990844726562,33.05932046347212]]],[[[129.76776123046875,33.05932046347212],[129.7760009765625,33.05932046347212],[129.7760009765625,33.06047141970812],[129.76776123046875,33.06047141970812],[129.76776123046875,33.05932046347212]]],[[[129.78424072265625,33.05932046347212],[129.78836059570312,33.05932046347212],[129.78836059570312,33.06047141970812],[129.78424072265625,33.06047141970812],[129.78424072265625,33.05932046347212]]],[[[129.81719970703125,33.05932046347212],[129.8199462890625,33.05932046347212],[129.8199462890625,33.06047141970812],[129.81719970703125,33.06047141970812],[129.81719970703125,33.05932046347212]]],[[[129.8529052734375,33.05932046347212],[129.85427856445312,33.05932046347212],[129.85427856445312,33.06047141970812],[129.8529052734375,33.06047141970812],[129.8529052734375,33.05932046347212]]],[[[129.86251831054688,33.05932046347212],[129.86663818359375,33.05932046347212],[129.86663818359375,33.06047141970812],[129.86251831054688,33.06047141970812],[129.86251831054688,33.05932046347212]]],[[[129.88311767578125,33.05932046347212],[129.88449096679688,33.05932046347212],[129.88449096679688,33.06047141970812],[129.88311767578125,33.06047141970812],[129.88311767578125,33.05932046347212]]],[[[129.7430419921875,33.058169492187304],[129.74441528320312,33.058169492187304],[129.74441528320312,33.05932046347212],[129.7430419921875,33.05932046347212],[129.7430419921875,33.058169492187304]]],[[[129.74990844726562,33.058169492187304],[129.75128173828125,33.058169492187304],[129.75128173828125,33.05932046347212],[129.74990844726562,33.05932046347212],[129.74990844726562,33.058169492187304]]],[[[129.7540283203125,33.058169492187304],[129.75540161132812,33.058169492187304],[129.75540161132812,33.06047141970812],[129.7540283203125,33.06047141970812],[129.7540283203125,33.058169492187304]]],[[[129.7650146484375,33.058169492187304],[129.76776123046875,33.058169492187304],[129.76776123046875,33.05932046347212],[129.7650146484375,33.05932046347212],[129.7650146484375,33.058169492187304]]],[[[129.83642578125,33.058169492187304],[129.83779907226562,33.058169492187304],[129.83779907226562,33.05932046347212],[129.83642578125,33.05932046347212],[129.83642578125,33.058169492187304]]],[[[130.15777587890625,33.058169492187304],[130.15914916992188,33.058169492187304],[130.15914916992188,33.05932046347212],[130.15777587890625,33.05932046347212],[130.15777587890625,33.058169492187304]]],[[[130.42144775390625,33.058169492187304],[130.44204711914062,33.058169492187304],[130.44204711914062,33.06162236089505],[130.42144775390625,33.06162236089505],[130.42144775390625,33.058169492187304]]],[[[129.73068237304688,33.05701850585397],[129.7320556640625,33.05701850585397],[129.7320556640625,33.058169492187304],[129.73068237304688,33.058169492187304],[129.73068237304688,33.05701850585397]]],[[[129.83367919921875,33.05701850585397],[129.83505249023438,33.05701850585397],[129.83505249023438,33.058169492187304],[129.83367919921875,33.058169492187304],[129.83367919921875,33.05701850585397]]],[[[129.8858642578125,33.05701850585397],[129.88723754882812,33.05701850585397],[129.88723754882812,33.05932046347212],[129.8858642578125,33.05932046347212],[129.8858642578125,33.05701850585397]]],[[[130.15777587890625,33.05701850585397],[130.1605224609375,33.05701850585397],[130.1605224609375,33.058169492187304],[130.15777587890625,33.058169492187304],[130.15777587890625,33.05701850585397]]],[[[129.7320556640625,33.05586750447235],[129.73342895507812,33.05586750447235],[129.73342895507812,33.05701850585397],[129.7320556640625,33.05701850585397],[129.7320556640625,33.05586750447235]]],[[[129.82406616210938,33.05586750447235],[129.825439453125,33.05586750447235],[129.825439453125,33.05701850585397],[129.82406616210938,33.05701850585397],[129.82406616210938,33.05586750447235]]],[[[129.8309326171875,33.05586750447235],[129.83230590820312,33.05586750447235],[129.83230590820312,33.05701850585397],[129.8309326171875,33.05701850585397],[129.8309326171875,33.05586750447235]]],[[[129.85015869140625,33.05586750447235],[129.85153198242188,33.05586750447235],[129.85153198242188,33.05932046347212],[129.85015869140625,33.05932046347212],[129.85015869140625,33.05586750447235]]],[[[129.88998413085938,33.05586750447235],[129.89273071289062,33.05586750447235],[129.89273071289062,33.05701850585397],[129.88998413085938,33.05701850585397],[129.88998413085938,33.05586750447235]]],[[[130.15914916992188,33.05586750447235],[130.1605224609375,33.05586750447235],[130.1605224609375,33.05701850585397],[130.15914916992188,33.05701850585397],[130.15914916992188,33.05586750447235]]],[[[130.42282104492188,33.05586750447235],[130.44342041015625,33.05586750447235],[130.44342041015625,33.058169492187304],[130.42282104492188,33.058169492187304],[130.42282104492188,33.05586750447235]]],[[[129.73892211914062,33.05471648804274],[129.74029541015625,33.05471648804274],[129.74029541015625,33.05586750447235],[129.73892211914062,33.05586750447235],[129.73892211914062,33.05471648804274]]],[[[129.825439453125,33.05471648804274],[129.82818603515625,33.05471648804274],[129.82818603515625,33.05586750447235],[129.825439453125,33.05586750447235],[129.825439453125,33.05471648804274]]],[[[129.84878540039062,33.05471648804274],[129.85153198242188,33.05471648804274],[129.85153198242188,33.05586750447235],[129.84878540039062,33.05586750447235],[129.84878540039062,33.05471648804274]]],[[[129.89273071289062,33.05471648804274],[129.89410400390625,33.05471648804274],[129.89410400390625,33.05586750447235],[129.89273071289062,33.05586750447235],[129.89273071289062,33.05471648804274]]],[[[130.1605224609375,33.05471648804274],[130.16189575195312,33.05471648804274],[130.16189575195312,33.05586750447235],[130.1605224609375,33.05586750447235],[130.1605224609375,33.05471648804274]]],[[[130.16326904296875,33.05471648804274],[130.166015625,33.05471648804274],[130.166015625,33.05586750447235],[130.16326904296875,33.05586750447235],[130.16326904296875,33.05471648804274]]],[[[130.42282104492188,33.05471648804274],[130.44479370117188,33.05471648804274],[130.44479370117188,33.05586750447235],[130.42282104492188,33.05586750447235],[130.42282104492188,33.05471648804274]]],[[[129.72930908203125,33.0535654565654],[129.73068237304688,33.0535654565654],[129.73068237304688,33.05586750447235],[129.72930908203125,33.05586750447235],[129.72930908203125,33.0535654565654]]],[[[129.737548828125,33.0535654565654],[129.74029541015625,33.0535654565654],[129.74029541015625,33.05471648804274],[129.737548828125,33.05471648804274],[129.737548828125,33.0535654565654]]],[[[129.76638793945312,33.0535654565654],[129.76776123046875,33.0535654565654],[129.76776123046875,33.05471648804274],[129.76638793945312,33.05471648804274],[129.76638793945312,33.0535654565654]]],[[[129.83779907226562,33.0535654565654],[129.83917236328125,33.0535654565654],[129.83917236328125,33.05471648804274],[129.83779907226562,33.05471648804274],[129.83779907226562,33.0535654565654]]],[[[129.8419189453125,33.0535654565654],[129.84329223632812,33.0535654565654],[129.84329223632812,33.05471648804274],[129.8419189453125,33.05471648804274],[129.8419189453125,33.0535654565654]]],[[[129.84878540039062,33.0535654565654],[129.85015869140625,33.0535654565654],[129.85015869140625,33.05471648804274],[129.84878540039062,33.05471648804274],[129.84878540039062,33.0535654565654]]],[[[130.16464233398438,33.0535654565654],[130.166015625,33.0535654565654],[130.166015625,33.05471648804274],[130.16464233398438,33.05471648804274],[130.16464233398438,33.0535654565654]]],[[[129.72793579101562,33.0524144100406],[129.72930908203125,33.0524144100406],[129.72930908203125,33.0535654565654],[129.72793579101562,33.0535654565654],[129.72793579101562,33.0524144100406]]],[[[129.73480224609375,33.0524144100406],[129.73617553710938,33.0524144100406],[129.73617553710938,33.0535654565654],[129.73480224609375,33.0535654565654],[129.73480224609375,33.0524144100406]]],[[[129.7650146484375,33.0524144100406],[129.76776123046875,33.0524144100406],[129.76776123046875,33.0535654565654],[129.7650146484375,33.0535654565654],[129.7650146484375,33.0524144100406]]],[[[129.81857299804688,33.0524144100406],[129.8199462890625,33.0524144100406],[129.8199462890625,33.05471648804274],[129.81857299804688,33.05471648804274],[129.81857299804688,33.0524144100406]]],[[[129.825439453125,33.0524144100406],[129.82681274414062,33.0524144100406],[129.82681274414062,33.05471648804274],[129.825439453125,33.05471648804274],[129.825439453125,33.0524144100406]]],[[[129.89410400390625,33.0524144100406],[129.89547729492188,33.0524144100406],[129.89547729492188,33.0535654565654],[129.89410400390625,33.0535654565654],[129.89410400390625,33.0524144100406]]],[[[130.166015625,33.0524144100406],[130.16738891601562,33.0524144100406],[130.16738891601562,33.0535654565654],[130.166015625,33.0535654565654],[130.166015625,33.0524144100406]]],[[[130.40359497070312,33.0524144100406],[130.40634155273438,33.0524144100406],[130.40634155273438,33.05471648804274],[130.40359497070312,33.05471648804274],[130.40359497070312,33.0524144100406]]],[[[130.4241943359375,33.0524144100406],[130.4461669921875,33.0524144100406],[130.4461669921875,33.05471648804274],[130.4241943359375,33.05471648804274],[130.4241943359375,33.0524144100406]]],[[[129.7265625,33.05126334846859],[129.72793579101562,33.05126334846859],[129.72793579101562,33.0524144100406],[129.7265625,33.0524144100406],[129.7265625,33.05126334846859]]],[[[129.72930908203125,33.05126334846859],[129.73068237304688,33.05126334846859],[129.73068237304688,33.0524144100406],[129.72930908203125,33.0524144100406],[129.72930908203125,33.05126334846859]]],[[[129.76776123046875,33.05126334846859],[129.76913452148438,33.05126334846859],[129.76913452148438,33.0524144100406],[129.76776123046875,33.0524144100406],[129.76776123046875,33.05126334846859]]],[[[129.8199462890625,33.05126334846859],[129.82131958007812,33.05126334846859],[129.82131958007812,33.0524144100406],[129.8199462890625,33.0524144100406],[129.8199462890625,33.05126334846859]]],[[[129.82406616210938,33.05126334846859],[129.825439453125,33.05126334846859],[129.825439453125,33.0524144100406],[129.82406616210938,33.0524144100406],[129.82406616210938,33.05126334846859]]],[[[129.84466552734375,33.05126334846859],[129.84603881835938,33.05126334846859],[129.84603881835938,33.0524144100406],[129.84466552734375,33.0524144100406],[129.84466552734375,33.05126334846859]]],[[[129.89410400390625,33.05126334846859],[129.8968505859375,33.05126334846859],[129.8968505859375,33.0524144100406],[129.89410400390625,33.0524144100406],[129.89410400390625,33.05126334846859]]],[[[130.166015625,33.05126334846859],[130.17013549804688,33.05126334846859],[130.17013549804688,33.0524144100406],[130.166015625,33.0524144100406],[130.166015625,33.05126334846859]]],[[[129.73068237304688,33.050112271849656],[129.7320556640625,33.050112271849656],[129.7320556640625,33.05126334846859],[129.73068237304688,33.05126334846859],[129.73068237304688,33.050112271849656]]],[[[129.73480224609375,33.050112271849656],[129.73617553710938,33.050112271849656],[129.73617553710938,33.05126334846859],[129.73480224609375,33.05126334846859],[129.73480224609375,33.050112271849656]]],[[[129.8419189453125,33.050112271849656],[129.84466552734375,33.050112271849656],[129.84466552734375,33.05126334846859],[129.8419189453125,33.05126334846859],[129.8419189453125,33.050112271849656]]],[[[129.89410400390625,33.050112271849656],[129.89547729492188,33.050112271849656],[129.89547729492188,33.05126334846859],[129.89410400390625,33.05126334846859],[129.89410400390625,33.050112271849656]]],[[[129.89822387695312,33.050112271849656],[129.89959716796875,33.050112271849656],[129.89959716796875,33.05126334846859],[129.89822387695312,33.05126334846859],[129.89822387695312,33.050112271849656]]],[[[129.82131958007812,33.048961180184065],[129.82269287109375,33.048961180184065],[129.82269287109375,33.050112271849656],[129.82131958007812,33.050112271849656],[129.82131958007812,33.048961180184065]]],[[[129.8419189453125,33.048961180184065],[129.84329223632812,33.048961180184065],[129.84329223632812,33.050112271849656],[129.8419189453125,33.050112271849656],[129.8419189453125,33.048961180184065]]],[[[129.84466552734375,33.048961180184065],[129.84603881835938,33.048961180184065],[129.84603881835938,33.050112271849656],[129.84466552734375,33.050112271849656],[129.84466552734375,33.048961180184065]]],[[[129.89959716796875,33.048961180184065],[129.90097045898438,33.048961180184065],[129.90097045898438,33.050112271849656],[129.89959716796875,33.050112271849656],[129.89959716796875,33.048961180184065]]],[[[130.42144775390625,33.048961180184065],[130.4461669921875,33.048961180184065],[130.4461669921875,33.0524144100406],[130.42144775390625,33.0524144100406],[130.42144775390625,33.048961180184065]]],[[[129.72930908203125,33.04781007347207],[129.73068237304688,33.04781007347207],[129.73068237304688,33.050112271849656],[129.72930908203125,33.050112271849656],[129.72930908203125,33.04781007347207]]],[[[129.76226806640625,33.04781007347207],[129.76364135742188,33.04781007347207],[129.76364135742188,33.048961180184065],[129.76226806640625,33.048961180184065],[129.76226806640625,33.04781007347207]]],[[[129.81719970703125,33.04781007347207],[129.81857299804688,33.04781007347207],[129.81857299804688,33.048961180184065],[129.81719970703125,33.048961180184065],[129.81719970703125,33.04781007347207]]],[[[130.42144775390625,33.04781007347207],[130.44754028320312,33.04781007347207],[130.44754028320312,33.048961180184065],[130.42144775390625,33.048961180184065],[130.42144775390625,33.04781007347207]]],[[[129.7265625,33.046658951713965],[129.72793579101562,33.046658951713965],[129.72793579101562,33.04781007347207],[129.7265625,33.04781007347207],[129.7265625,33.046658951713965]]],[[[129.814453125,33.046658951713965],[129.81582641601562,33.046658951713965],[129.81582641601562,33.04781007347207],[129.814453125,33.04781007347207],[129.814453125,33.046658951713965]]],[[[130.42144775390625,33.046658951713965],[130.44204711914062,33.046658951713965],[130.44204711914062,33.04781007347207],[130.42144775390625,33.04781007347207],[130.42144775390625,33.046658951713965]]],[[[130.44479370117188,33.046658951713965],[130.45440673828125,33.046658951713965],[130.45440673828125,33.04781007347207],[130.44479370117188,33.04781007347207],[130.44479370117188,33.046658951713965]]],[[[129.72930908203125,33.04550781491],[129.7320556640625,33.04550781491],[129.7320556640625,33.046658951713965],[129.72930908203125,33.046658951713965],[129.72930908203125,33.04550781491]]],[[[129.73342895507812,33.04550781491],[129.73480224609375,33.04550781491],[129.73480224609375,33.046658951713965],[129.73342895507812,33.046658951713965],[129.73342895507812,33.04550781491]]],[[[130.42144775390625,33.04550781491],[130.43243408203125,33.04550781491],[130.43243408203125,33.046658951713965],[130.42144775390625,33.046658951713965],[130.42144775390625,33.04550781491]]],[[[130.44754028320312,33.04550781491],[130.45028686523438,33.04550781491],[130.45028686523438,33.046658951713965],[130.44754028320312,33.046658951713965],[130.44754028320312,33.04550781491]]],[[[130.45303344726562,33.04550781491],[130.45578002929688,33.04550781491],[130.45578002929688,33.046658951713965],[130.45303344726562,33.046658951713965],[130.45303344726562,33.04550781491]]],[[[129.8199462890625,33.044356663060434],[129.82131958007812,33.044356663060434],[129.82131958007812,33.04550781491],[129.8199462890625,33.04550781491],[129.8199462890625,33.044356663060434]]],[[[130.42144775390625,33.044356663060434],[130.43380737304688,33.044356663060434],[130.43380737304688,33.04550781491],[130.42144775390625,33.04550781491],[130.42144775390625,33.044356663060434]]],[[[130.4351806640625,33.044356663060434],[130.440673828125,33.044356663060434],[130.440673828125,33.046658951713965],[130.4351806640625,33.046658951713965],[130.4351806640625,33.044356663060434]]],[[[130.45303344726562,33.044356663060434],[130.45440673828125,33.044356663060434],[130.45440673828125,33.04550781491],[130.45303344726562,33.04550781491],[130.45303344726562,33.044356663060434]]],[[[130.16876220703125,33.04320549616556],[130.17013549804688,33.04320549616556],[130.17013549804688,33.04781007347207],[130.16876220703125,33.04781007347207],[130.16876220703125,33.04320549616556]]],[[[130.42144775390625,33.04320549616556],[130.440673828125,33.04320549616556],[130.440673828125,33.044356663060434],[130.42144775390625,33.044356663060434],[130.42144775390625,33.04320549616556]]],[[[130.45166015625,33.04320549616556],[130.45440673828125,33.04320549616556],[130.45440673828125,33.044356663060434],[130.45166015625,33.044356663060434],[130.45166015625,33.04320549616556]]],[[[129.75677490234375,33.04205431422563],[129.759521484375,33.04205431422563],[129.759521484375,33.04320549616556],[129.75677490234375,33.04320549616556],[129.75677490234375,33.04205431422563]]],[[[130.17013549804688,33.04205431422563],[130.17288208007812,33.04205431422563],[130.17288208007812,33.04320549616556],[130.17013549804688,33.04320549616556],[130.17013549804688,33.04205431422563]]],[[[130.42007446289062,33.04205431422563],[130.43930053710938,33.04205431422563],[130.43930053710938,33.04320549616556],[130.42007446289062,33.04320549616556],[130.42007446289062,33.04205431422563]]],[[[129.7540283203125,33.040903117240916],[129.75540161132812,33.040903117240916],[129.75540161132812,33.04205431422563],[129.7540283203125,33.04205431422563],[129.7540283203125,33.040903117240916]]],[[[129.81857299804688,33.040903117240916],[129.8199462890625,33.040903117240916],[129.8199462890625,33.04320549616556],[129.81857299804688,33.04320549616556],[129.81857299804688,33.040903117240916]]],[[[130.1715087890625,33.040903117240916],[130.17288208007812,33.040903117240916],[130.17288208007812,33.04205431422563],[130.1715087890625,33.04205431422563],[130.1715087890625,33.040903117240916]]],[[[130.42007446289062,33.040903117240916],[130.440673828125,33.040903117240916],[130.440673828125,33.04205431422563],[130.42007446289062,33.04205431422563],[130.42007446289062,33.040903117240916]]],[[[129.90371704101562,33.03975190521167],[129.90509033203125,33.03975190521167],[129.90509033203125,33.040903117240916],[129.90371704101562,33.040903117240916],[129.90371704101562,33.03975190521167]]],[[[129.90646362304688,33.03975190521167],[129.913330078125,33.03975190521167],[129.913330078125,33.040903117240916],[129.90646362304688,33.040903117240916],[129.90646362304688,33.03975190521167]]],[[[130.17013549804688,33.03975190521167],[130.17288208007812,33.03975190521167],[130.17288208007812,33.040903117240916],[130.17013549804688,33.040903117240916],[130.17013549804688,33.03975190521167]]],[[[130.42007446289062,33.03975190521167],[130.43930053710938,33.03975190521167],[130.43930053710938,33.040903117240916],[130.42007446289062,33.040903117240916],[130.42007446289062,33.03975190521167]]],[[[130.440673828125,33.03975190521167],[130.44204711914062,33.03975190521167],[130.44204711914062,33.040903117240916],[130.440673828125,33.040903117240916],[130.440673828125,33.03975190521167]]],[[[129.75265502929688,33.038600678138195],[129.7540283203125,33.038600678138195],[129.7540283203125,33.03975190521167],[129.75265502929688,33.03975190521167],[129.75265502929688,33.038600678138195]]],[[[129.83230590820312,33.038600678138195],[129.83367919921875,33.038600678138195],[129.83367919921875,33.03975190521167],[129.83230590820312,33.03975190521167],[129.83230590820312,33.038600678138195]]],[[[129.90371704101562,33.038600678138195],[129.91470336914062,33.038600678138195],[129.91470336914062,33.03975190521167],[129.90371704101562,33.03975190521167],[129.90371704101562,33.038600678138195]]],[[[130.352783203125,33.038600678138195],[130.35552978515625,33.038600678138195],[130.35552978515625,33.040903117240916],[130.352783203125,33.040903117240916],[130.352783203125,33.038600678138195]]],[[[130.418701171875,33.038600678138195],[130.44204711914062,33.038600678138195],[130.44204711914062,33.03975190521167],[130.418701171875,33.03975190521167],[130.418701171875,33.038600678138195]]],[[[129.74716186523438,33.03744943602074],[129.74853515625,33.03744943602074],[129.74853515625,33.038600678138195],[129.74716186523438,33.038600678138195],[129.74716186523438,33.03744943602074]]],[[[129.74990844726562,33.03744943602074],[129.75265502929688,33.03744943602074],[129.75265502929688,33.038600678138195],[129.74990844726562,33.038600678138195],[129.74990844726562,33.03744943602074]]],[[[129.8309326171875,33.03744943602074],[129.83230590820312,33.03744943602074],[129.83230590820312,33.038600678138195],[129.8309326171875,33.038600678138195],[129.8309326171875,33.03744943602074]]],[[[129.90921020507812,33.03744943602074],[129.91607666015625,33.03744943602074],[129.91607666015625,33.038600678138195],[129.90921020507812,33.038600678138195],[129.90921020507812,33.03744943602074]]],[[[130.1715087890625,33.03744943602074],[130.17288208007812,33.03744943602074],[130.17288208007812,33.03975190521167],[130.1715087890625,33.03975190521167],[130.1715087890625,33.03744943602074]]],[[[130.418701171875,33.03744943602074],[130.44342041015625,33.03744943602074],[130.44342041015625,33.038600678138195],[130.418701171875,33.038600678138195],[130.418701171875,33.03744943602074]]],[[[129.8199462890625,33.03629817885956],[129.82131958007812,33.03629817885956],[129.82131958007812,33.03744943602074],[129.8199462890625,33.03744943602074],[129.8199462890625,33.03629817885956]]],[[[129.91195678710938,33.03629817885956],[129.91607666015625,33.03629817885956],[129.91607666015625,33.03744943602074],[129.91195678710938,33.03744943602074],[129.91195678710938,33.03629817885956]]],[[[130.418701171875,33.03629817885956],[130.43380737304688,33.03629817885956],[130.43380737304688,33.03744943602074],[130.418701171875,33.03744943602074],[130.418701171875,33.03629817885956]]],[[[130.43655395507812,33.03629817885956],[130.44342041015625,33.03629817885956],[130.44342041015625,33.03744943602074],[130.43655395507812,33.03744943602074],[130.43655395507812,33.03629817885956]]],[[[129.74578857421875,33.03514690665494],[129.74716186523438,33.03514690665494],[129.74716186523438,33.03629817885956],[129.74578857421875,33.03629817885956],[129.74578857421875,33.03514690665494]]],[[[129.82269287109375,33.03514690665494],[129.825439453125,33.03514690665494],[129.825439453125,33.03629817885956],[129.82269287109375,33.03629817885956],[129.82269287109375,33.03514690665494]]],[[[129.91058349609375,33.03514690665494],[129.91744995117188,33.03514690665494],[129.91744995117188,33.03629817885956],[129.91058349609375,33.03629817885956],[129.91058349609375,33.03514690665494]]],[[[130.1715087890625,33.03514690665494],[130.17288208007812,33.03514690665494],[130.17288208007812,33.03629817885956],[130.1715087890625,33.03629817885956],[130.1715087890625,33.03514690665494]]],[[[130.418701171875,33.03514690665494],[130.4351806640625,33.03514690665494],[130.4351806640625,33.03629817885956],[130.418701171875,33.03629817885956],[130.418701171875,33.03514690665494]]],[[[130.43792724609375,33.03514690665494],[130.440673828125,33.03514690665494],[130.440673828125,33.03629817885956],[130.43792724609375,33.03629817885956],[130.43792724609375,33.03514690665494]]],[[[129.913330078125,33.03399561940715],[129.92156982421875,33.03399561940715],[129.92156982421875,33.03514690665494],[129.913330078125,33.03514690665494],[129.913330078125,33.03399561940715]]],[[[130.1715087890625,33.03399561940715],[130.17425537109375,33.03399561940715],[130.17425537109375,33.03514690665494],[130.1715087890625,33.03514690665494],[130.1715087890625,33.03399561940715]]],[[[130.418701171875,33.03399561940715],[130.43655395507812,33.03399561940715],[130.43655395507812,33.03514690665494],[130.418701171875,33.03514690665494],[130.418701171875,33.03399561940715]]],[[[130.43792724609375,33.03399561940715],[130.43930053710938,33.03399561940715],[130.43930053710938,33.03514690665494],[130.43792724609375,33.03514690665494],[130.43792724609375,33.03399561940715]]],[[[129.91607666015625,33.03284431711645],[129.92431640625,33.03284431711645],[129.92431640625,33.03399561940715],[129.91607666015625,33.03399561940715],[129.91607666015625,33.03284431711645]]],[[[130.17288208007812,33.03284431711645],[130.17562866210938,33.03284431711645],[130.17562866210938,33.03399561940715],[130.17288208007812,33.03399561940715],[130.17288208007812,33.03284431711645]]],[[[130.42007446289062,33.03284431711645],[130.43655395507812,33.03284431711645],[130.43655395507812,33.03399561940715],[130.42007446289062,33.03399561940715],[130.42007446289062,33.03284431711645]]],[[[129.74441528320312,33.031692999783104],[129.74578857421875,33.031692999783104],[129.74578857421875,33.03284431711645],[129.74441528320312,33.03284431711645],[129.74441528320312,33.031692999783104]]],[[[129.7540283203125,33.031692999783104],[129.75540161132812,33.031692999783104],[129.75540161132812,33.03284431711645],[129.7540283203125,33.03284431711645],[129.7540283203125,33.031692999783104]]],[[[129.75677490234375,33.031692999783104],[129.75814819335938,33.031692999783104],[129.75814819335938,33.03284431711645],[129.75677490234375,33.03284431711645],[129.75677490234375,33.031692999783104]]],[[[129.91607666015625,33.031692999783104],[129.9188232421875,33.031692999783104],[129.9188232421875,33.03284431711645],[129.91607666015625,33.03284431711645],[129.91607666015625,33.031692999783104]]],[[[130.17425537109375,33.031692999783104],[130.17562866210938,33.031692999783104],[130.17562866210938,33.03284431711645],[130.17425537109375,33.03284431711645],[130.17425537109375,33.031692999783104]]],[[[130.42007446289062,33.031692999783104],[130.4351806640625,33.031692999783104],[130.4351806640625,33.03284431711645],[130.42007446289062,33.03284431711645],[130.42007446289062,33.031692999783104]]],[[[130.43792724609375,33.031692999783104],[130.440673828125,33.031692999783104],[130.440673828125,33.03284431711645],[130.43792724609375,33.03284431711645],[130.43792724609375,33.031692999783104]]],[[[130.44204711914062,33.031692999783104],[130.44342041015625,33.031692999783104],[130.44342041015625,33.03284431711645],[130.44204711914062,33.03284431711645],[130.44204711914062,33.031692999783104]]],[[[129.75128173828125,33.0305416674074],[129.7540283203125,33.0305416674074],[129.7540283203125,33.031692999783104],[129.75128173828125,33.031692999783104],[129.75128173828125,33.0305416674074]]],[[[129.92431640625,33.0305416674074],[129.92568969726562,33.0305416674074],[129.92568969726562,33.031692999783104],[129.92431640625,33.031692999783104],[129.92431640625,33.0305416674074]]],[[[130.17562866210938,33.0305416674074],[130.17837524414062,33.0305416674074],[130.17837524414062,33.031692999783104],[130.17562866210938,33.031692999783104],[130.17562866210938,33.0305416674074]]],[[[130.43655395507812,33.0305416674074],[130.440673828125,33.0305416674074],[130.440673828125,33.031692999783104],[130.43655395507812,33.031692999783104],[130.43655395507812,33.0305416674074]]],[[[130.44204711914062,33.0305416674074],[130.44479370117188,33.0305416674074],[130.44479370117188,33.031692999783104],[130.44204711914062,33.031692999783104],[130.44204711914062,33.0305416674074]]],[[[130.43655395507812,33.02939031998959],[130.44342041015625,33.02939031998959],[130.44342041015625,33.0305416674074],[130.43655395507812,33.0305416674074],[130.43655395507812,33.02939031998959]]],[[[129.7430419921875,33.02823895752994],[129.74441528320312,33.02823895752994],[129.74441528320312,33.02939031998959],[129.7430419921875,33.02939031998959],[129.7430419921875,33.02823895752994]]],[[[129.75265502929688,33.02823895752994],[129.7540283203125,33.02823895752994],[129.7540283203125,33.0305416674074],[129.75265502929688,33.0305416674074],[129.75265502929688,33.02823895752994]]],[[[129.92568969726562,33.02823895752994],[129.92706298828125,33.02823895752994],[129.92706298828125,33.0305416674074],[129.92568969726562,33.0305416674074],[129.92568969726562,33.02823895752994]]],[[[130.17562866210938,33.02823895752994],[130.17974853515625,33.02823895752994],[130.17974853515625,33.0305416674074],[130.17562866210938,33.0305416674074],[130.17562866210938,33.02823895752994]]],[[[130.42144775390625,33.02823895752994],[130.4351806640625,33.02823895752994],[130.4351806640625,33.031692999783104],[130.42144775390625,33.031692999783104],[130.42144775390625,33.02823895752994]]],[[[130.43655395507812,33.02823895752994],[130.44204711914062,33.02823895752994],[130.44204711914062,33.02939031998959],[130.43655395507812,33.02939031998959],[130.43655395507812,33.02823895752994]]],[[[129.92843627929688,33.027087580028734],[129.9298095703125,33.027087580028734],[129.9298095703125,33.02823895752994],[129.92843627929688,33.02823895752994],[129.92843627929688,33.027087580028734]]],[[[130.177001953125,33.027087580028734],[130.17974853515625,33.027087580028734],[130.17974853515625,33.02823895752994],[130.177001953125,33.02823895752994],[130.177001953125,33.027087580028734]]],[[[130.418701171875,33.027087580028734],[130.43930053710938,33.027087580028734],[130.43930053710938,33.02823895752994],[130.418701171875,33.02823895752994],[130.418701171875,33.027087580028734]]],[[[129.74029541015625,33.025936187486224],[129.74166870117188,33.025936187486224],[129.74166870117188,33.027087580028734],[129.74029541015625,33.027087580028734],[129.74029541015625,33.025936187486224]]],[[[129.93118286132812,33.025936187486224],[129.93255615234375,33.025936187486224],[129.93255615234375,33.027087580028734],[129.93118286132812,33.027087580028734],[129.93118286132812,33.025936187486224]]],[[[130.17837524414062,33.025936187486224],[130.18112182617188,33.025936187486224],[130.18112182617188,33.027087580028734],[130.17837524414062,33.027087580028734],[130.17837524414062,33.025936187486224]]],[[[130.41732788085938,33.025936187486224],[130.43380737304688,33.025936187486224],[130.43380737304688,33.027087580028734],[130.41732788085938,33.027087580028734],[130.41732788085938,33.025936187486224]]],[[[130.4351806640625,33.025936187486224],[130.43792724609375,33.025936187486224],[130.43792724609375,33.027087580028734],[130.4351806640625,33.027087580028734],[130.4351806640625,33.025936187486224]]],[[[129.93255615234375,33.02478477990268],[129.93392944335938,33.02478477990268],[129.93392944335938,33.025936187486224],[129.93255615234375,33.025936187486224],[129.93255615234375,33.02478477990268]]],[[[130.17837524414062,33.02478477990268],[130.18386840820312,33.02478477990268],[130.18386840820312,33.025936187486224],[130.17837524414062,33.025936187486224],[130.17837524414062,33.02478477990268]]],[[[130.41595458984375,33.02478477990268],[130.43655395507812,33.02478477990268],[130.43655395507812,33.025936187486224],[130.41595458984375,33.025936187486224],[130.41595458984375,33.02478477990268]]],[[[129.73892211914062,33.02363335727839],[129.74029541015625,33.02363335727839],[129.74029541015625,33.02478477990268],[129.73892211914062,33.02478477990268],[129.73892211914062,33.02363335727839]]],[[[129.93392944335938,33.02363335727839],[129.935302734375,33.02363335727839],[129.935302734375,33.02478477990268],[129.93392944335938,33.02478477990268],[129.93392944335938,33.02363335727839]]],[[[130.17837524414062,33.02363335727839],[130.1824951171875,33.02363335727839],[130.1824951171875,33.02478477990268],[130.17837524414062,33.02478477990268],[130.17837524414062,33.02363335727839]]],[[[130.41458129882812,33.02363335727839],[130.42007446289062,33.02363335727839],[130.42007446289062,33.02478477990268],[130.41458129882812,33.02478477990268],[130.41458129882812,33.02363335727839]]],[[[130.4241943359375,33.02363335727839],[130.43655395507812,33.02363335727839],[130.43655395507812,33.02478477990268],[130.4241943359375,33.02478477990268],[130.4241943359375,33.02363335727839]]],[[[129.93392944335938,33.0224819196136],[129.93667602539062,33.0224819196136],[129.93667602539062,33.02363335727839],[129.93392944335938,33.02363335727839],[129.93392944335938,33.0224819196136]]],[[[130.17837524414062,33.0224819196136],[130.18112182617188,33.0224819196136],[130.18112182617188,33.02363335727839],[130.17837524414062,33.02363335727839],[130.17837524414062,33.0224819196136]]],[[[130.4132080078125,33.0224819196136],[130.418701171875,33.0224819196136],[130.418701171875,33.02363335727839],[130.4132080078125,33.02363335727839],[130.4132080078125,33.0224819196136]]],[[[130.42694091796875,33.0224819196136],[130.43380737304688,33.0224819196136],[130.43380737304688,33.02363335727839],[130.42694091796875,33.02363335727839],[130.42694091796875,33.0224819196136]]],[[[129.737548828125,33.02133046690858],[129.73892211914062,33.02133046690858],[129.73892211914062,33.02363335727839],[129.737548828125,33.02363335727839],[129.737548828125,33.02133046690858]]],[[[129.76364135742188,33.02133046690858],[129.7650146484375,33.02133046690858],[129.7650146484375,33.0224819196136],[129.76364135742188,33.0224819196136],[129.76364135742188,33.02133046690858]]],[[[129.781494140625,33.02133046690858],[129.78286743164062,33.02133046690858],[129.78286743164062,33.0224819196136],[129.781494140625,33.0224819196136],[129.781494140625,33.02133046690858]]],[[[129.935302734375,33.02133046690858],[129.93804931640625,33.02133046690858],[129.93804931640625,33.0224819196136],[129.935302734375,33.0224819196136],[129.935302734375,33.02133046690858]]],[[[130.41183471679688,33.02133046690858],[130.418701171875,33.02133046690858],[130.418701171875,33.0224819196136],[130.41183471679688,33.0224819196136],[130.41183471679688,33.02133046690858]]],[[[129.74441528320312,33.02017899916362],[129.74578857421875,33.02017899916362],[129.74578857421875,33.02363335727839],[129.74441528320312,33.02363335727839],[129.74441528320312,33.02017899916362]]],[[[129.759521484375,33.02017899916362],[129.76089477539062,33.02017899916362],[129.76089477539062,33.02133046690858],[129.759521484375,33.02133046690858],[129.759521484375,33.02017899916362]]],[[[129.93667602539062,33.02017899916362],[129.93942260742188,33.02017899916362],[129.93942260742188,33.02133046690858],[129.93667602539062,33.02133046690858],[129.93667602539062,33.02017899916362]]],[[[130.17974853515625,33.02017899916362],[130.18112182617188,33.02017899916362],[130.18112182617188,33.0224819196136],[130.17974853515625,33.0224819196136],[130.17974853515625,33.02017899916362]]],[[[130.41046142578125,33.02017899916362],[130.418701171875,33.02017899916362],[130.418701171875,33.02133046690858],[130.41046142578125,33.02133046690858],[130.41046142578125,33.02017899916362]]],[[[130.42831420898438,33.02017899916362],[130.43380737304688,33.02017899916362],[130.43380737304688,33.0224819196136],[130.42831420898438,33.0224819196136],[130.42831420898438,33.02017899916362]]],[[[129.74166870117188,33.019027516378955],[129.7430419921875,33.019027516378955],[129.7430419921875,33.02017899916362],[129.74166870117188,33.02017899916362],[129.74166870117188,33.019027516378955]]],[[[129.93804931640625,33.019027516378955],[129.93942260742188,33.019027516378955],[129.93942260742188,33.02017899916362],[129.93804931640625,33.02017899916362],[129.93804931640625,33.019027516378955]]],[[[130.18112182617188,33.019027516378955],[130.1824951171875,33.019027516378955],[130.1824951171875,33.02017899916362],[130.18112182617188,33.02017899916362],[130.18112182617188,33.019027516378955]]],[[[130.40908813476562,33.019027516378955],[130.41595458984375,33.019027516378955],[130.41595458984375,33.02017899916362],[130.40908813476562,33.02017899916362],[130.40908813476562,33.019027516378955]]],[[[130.43243408203125,33.019027516378955],[130.43380737304688,33.019027516378955],[130.43380737304688,33.02017899916362],[130.43243408203125,33.02017899916362],[130.43243408203125,33.019027516378955]]],[[[129.73617553710938,33.017876018554894],[129.737548828125,33.017876018554894],[129.737548828125,33.02017899916362],[129.73617553710938,33.02017899916362],[129.73617553710938,33.017876018554894]]],[[[129.76638793945312,33.017876018554894],[129.76776123046875,33.017876018554894],[129.76776123046875,33.02017899916362],[129.76638793945312,33.02017899916362],[129.76638793945312,33.017876018554894]]],[[[129.93942260742188,33.017876018554894],[129.9407958984375,33.017876018554894],[129.9407958984375,33.019027516378955],[129.93942260742188,33.019027516378955],[129.93942260742188,33.017876018554894]]],[[[130.17974853515625,33.017876018554894],[130.1824951171875,33.017876018554894],[130.1824951171875,33.019027516378955],[130.17974853515625,33.019027516378955],[130.17974853515625,33.017876018554894]]],[[[130.40771484375,33.017876018554894],[130.4132080078125,33.017876018554894],[130.4132080078125,33.019027516378955],[130.40771484375,33.019027516378955],[130.40771484375,33.017876018554894]]],[[[130.41595458984375,33.017876018554894],[130.418701171875,33.017876018554894],[130.418701171875,33.019027516378955],[130.41595458984375,33.019027516378955],[130.41595458984375,33.017876018554894]]],[[[130.42007446289062,33.017876018554894],[130.42556762695312,33.017876018554894],[130.42556762695312,33.02017899916362],[130.42007446289062,33.02017899916362],[130.42007446289062,33.017876018554894]]],[[[129.73342895507812,33.01672450569167],[129.737548828125,33.01672450569167],[129.737548828125,33.017876018554894],[129.73342895507812,33.017876018554894],[129.73342895507812,33.01672450569167]]],[[[129.759521484375,33.01672450569167],[129.76089477539062,33.01672450569167],[129.76089477539062,33.017876018554894],[129.759521484375,33.017876018554894],[129.759521484375,33.01672450569167]]],[[[129.76913452148438,33.01672450569167],[129.7705078125,33.01672450569167],[129.7705078125,33.017876018554894],[129.76913452148438,33.017876018554894],[129.76913452148438,33.01672450569167]]],[[[130.17837524414062,33.01672450569167],[130.1824951171875,33.01672450569167],[130.1824951171875,33.017876018554894],[130.17837524414062,33.017876018554894],[130.17837524414062,33.01672450569167]]],[[[130.40771484375,33.01672450569167],[130.42556762695312,33.01672450569167],[130.42556762695312,33.017876018554894],[130.40771484375,33.017876018554894],[130.40771484375,33.01672450569167]]],[[[129.73480224609375,33.015572977789574],[129.73617553710938,33.015572977789574],[129.73617553710938,33.01672450569167],[129.73480224609375,33.01672450569167],[129.73480224609375,33.015572977789574]]],[[[129.75814819335938,33.015572977789574],[129.76226806640625,33.015572977789574],[129.76226806640625,33.01672450569167],[129.75814819335938,33.01672450569167],[129.75814819335938,33.015572977789574]]],[[[129.94354248046875,33.015572977789574],[129.94491577148438,33.015572977789574],[129.94491577148438,33.01672450569167],[129.94354248046875,33.01672450569167],[129.94354248046875,33.015572977789574]]],[[[130.40634155273438,33.015572977789574],[130.4241943359375,33.015572977789574],[130.4241943359375,33.01672450569167],[130.40634155273438,33.01672450569167],[130.40634155273438,33.015572977789574]]],[[[129.73342895507812,33.01442143484887],[129.73480224609375,33.01442143484887],[129.73480224609375,33.015572977789574],[129.73342895507812,33.015572977789574],[129.73342895507812,33.01442143484887]]],[[[129.737548828125,33.01442143484887],[129.74029541015625,33.01442143484887],[129.74029541015625,33.015572977789574],[129.737548828125,33.015572977789574],[129.737548828125,33.01442143484887]]],[[[129.759521484375,33.01442143484887],[129.76089477539062,33.01442143484887],[129.76089477539062,33.015572977789574],[129.759521484375,33.015572977789574],[129.759521484375,33.01442143484887]]],[[[130.17974853515625,33.01442143484887],[130.1824951171875,33.01442143484887],[130.1824951171875,33.01672450569167],[130.17974853515625,33.01672450569167],[130.17974853515625,33.01442143484887]]],[[[130.40771484375,33.01442143484887],[130.4132080078125,33.01442143484887],[130.4132080078125,33.015572977789574],[130.40771484375,33.015572977789574],[130.40771484375,33.01442143484887]]],[[[130.41458129882812,33.01442143484887],[130.41732788085938,33.01442143484887],[130.41732788085938,33.015572977789574],[130.41458129882812,33.015572977789574],[130.41458129882812,33.01442143484887]]],[[[130.418701171875,33.01442143484887],[130.42144775390625,33.01442143484887],[130.42144775390625,33.015572977789574],[130.418701171875,33.015572977789574],[130.418701171875,33.01442143484887]]],[[[129.73617553710938,33.01326987686981],[129.73892211914062,33.01326987686981],[129.73892211914062,33.01442143484887],[129.73617553710938,33.01442143484887],[129.73617553710938,33.01326987686981]]],[[[129.7705078125,33.01326987686981],[129.77188110351562,33.01326987686981],[129.77188110351562,33.01442143484887],[129.7705078125,33.01442143484887],[129.7705078125,33.01326987686981]]],[[[129.94491577148438,33.01326987686981],[129.9462890625,33.01326987686981],[129.9462890625,33.015572977789574],[129.94491577148438,33.015572977789574],[129.94491577148438,33.01326987686981]]],[[[130.1824951171875,33.01326987686981],[130.18386840820312,33.01326987686981],[130.18386840820312,33.01442143484887],[130.1824951171875,33.01442143484887],[130.1824951171875,33.01326987686981]]],[[[130.40771484375,33.01326987686981],[130.41183471679688,33.01326987686981],[130.41183471679688,33.01442143484887],[130.40771484375,33.01442143484887],[130.40771484375,33.01326987686981]]],[[[130.41458129882812,33.01326987686981],[130.42144775390625,33.01326987686981],[130.42144775390625,33.01442143484887],[130.41458129882812,33.01442143484887],[130.41458129882812,33.01326987686981]]],[[[130.42282104492188,33.01326987686981],[130.4241943359375,33.01326987686981],[130.4241943359375,33.015572977789574],[130.42282104492188,33.015572977789574],[130.42282104492188,33.01326987686981]]],[[[129.73617553710938,33.012118303852695],[129.737548828125,33.012118303852695],[129.737548828125,33.01326987686981],[129.73617553710938,33.01326987686981],[129.73617553710938,33.012118303852695]]],[[[129.75814819335938,33.012118303852695],[129.759521484375,33.012118303852695],[129.759521484375,33.01326987686981],[129.75814819335938,33.01326987686981],[129.75814819335938,33.012118303852695]]],[[[130.1824951171875,33.012118303852695],[130.18524169921875,33.012118303852695],[130.18524169921875,33.01326987686981],[130.1824951171875,33.01326987686981],[130.1824951171875,33.012118303852695]]],[[[130.40908813476562,33.012118303852695],[130.41046142578125,33.012118303852695],[130.41046142578125,33.01326987686981],[130.40908813476562,33.01326987686981],[130.40908813476562,33.012118303852695]]],[[[130.41732788085938,33.012118303852695],[130.4241943359375,33.012118303852695],[130.4241943359375,33.01326987686981],[130.41732788085938,33.01326987686981],[130.41732788085938,33.012118303852695]]],[[[129.7540283203125,33.010966715797764],[129.75677490234375,33.010966715797764],[129.75677490234375,33.012118303852695],[129.7540283203125,33.012118303852695],[129.7540283203125,33.010966715797764]]],[[[129.7979736328125,33.010966715797764],[129.79934692382812,33.010966715797764],[129.79934692382812,33.012118303852695],[129.7979736328125,33.012118303852695],[129.7979736328125,33.010966715797764]]],[[[129.81033325195312,33.010966715797764],[129.81307983398438,33.010966715797764],[129.81307983398438,33.012118303852695],[129.81033325195312,33.012118303852695],[129.81033325195312,33.010966715797764]]],[[[129.94354248046875,33.010966715797764],[129.94491577148438,33.010966715797764],[129.94491577148438,33.01326987686981],[129.94354248046875,33.01326987686981],[129.94354248046875,33.010966715797764]]],[[[130.41732788085938,33.010966715797764],[130.418701171875,33.010966715797764],[130.418701171875,33.012118303852695],[130.41732788085938,33.012118303852695],[130.41732788085938,33.010966715797764]]],[[[130.42144775390625,33.010966715797764],[130.42556762695312,33.010966715797764],[130.42556762695312,33.012118303852695],[130.42144775390625,33.012118303852695],[130.42144775390625,33.010966715797764]]],[[[129.73480224609375,33.0098151127053],[129.73617553710938,33.0098151127053],[129.73617553710938,33.010966715797764],[129.73480224609375,33.010966715797764],[129.73480224609375,33.0098151127053]]],[[[129.7540283203125,33.0098151127053],[129.75814819335938,33.0098151127053],[129.75814819335938,33.010966715797764],[129.7540283203125,33.010966715797764],[129.7540283203125,33.0098151127053]]],[[[129.78012084960938,33.0098151127053],[129.781494140625,33.0098151127053],[129.781494140625,33.010966715797764],[129.78012084960938,33.010966715797764],[129.78012084960938,33.0098151127053]]],[[[129.79522705078125,33.0098151127053],[129.79660034179688,33.0098151127053],[129.79660034179688,33.010966715797764],[129.79522705078125,33.010966715797764],[129.79522705078125,33.0098151127053]]],[[[130.40771484375,33.0098151127053],[130.41046142578125,33.0098151127053],[130.41046142578125,33.012118303852695],[130.40771484375,33.012118303852695],[130.40771484375,33.0098151127053]]],[[[130.4241943359375,33.0098151127053],[130.42556762695312,33.0098151127053],[130.42556762695312,33.010966715797764],[130.4241943359375,33.010966715797764],[130.4241943359375,33.0098151127053]]],[[[129.781494140625,33.00866349457557],[129.78424072265625,33.00866349457557],[129.78424072265625,33.0098151127053],[129.781494140625,33.0098151127053],[129.781494140625,33.00866349457557]]],[[[129.7869873046875,33.00866349457557],[129.78973388671875,33.00866349457557],[129.78973388671875,33.0098151127053],[129.7869873046875,33.0098151127053],[129.7869873046875,33.00866349457557]]],[[[129.79660034179688,33.00866349457557],[129.7979736328125,33.00866349457557],[129.7979736328125,33.0098151127053],[129.79660034179688,33.0098151127053],[129.79660034179688,33.00866349457557]]],[[[129.94354248046875,33.00866349457557],[129.94491577148438,33.00866349457557],[129.94491577148438,33.0098151127053],[129.94354248046875,33.0098151127053],[129.94354248046875,33.00866349457557]]],[[[130.40771484375,33.00866349457557],[130.41183471679688,33.00866349457557],[130.41183471679688,33.0098151127053],[130.40771484375,33.0098151127053],[130.40771484375,33.00866349457557]]],[[[130.41732788085938,33.00866349457557],[130.42007446289062,33.00866349457557],[130.42007446289062,33.010966715797764],[130.41732788085938,33.010966715797764],[130.41732788085938,33.00866349457557]]],[[[129.75265502929688,33.00751186140884],[129.7540283203125,33.00751186140884],[129.7540283203125,33.0098151127053],[129.75265502929688,33.0098151127053],[129.75265502929688,33.00751186140884]]],[[[129.781494140625,33.00751186140884],[129.78286743164062,33.00751186140884],[129.78286743164062,33.00866349457557],[129.781494140625,33.00866349457557],[129.781494140625,33.00751186140884]]],[[[129.7869873046875,33.00751186140884],[129.78836059570312,33.00751186140884],[129.78836059570312,33.00866349457557],[129.7869873046875,33.00866349457557],[129.7869873046875,33.00751186140884]]],[[[129.94491577148438,33.00751186140884],[129.9462890625,33.00751186140884],[129.9462890625,33.00866349457557],[129.94491577148438,33.00866349457557],[129.94491577148438,33.00751186140884]]],[[[130.40359497070312,33.00751186140884],[130.42007446289062,33.00751186140884],[130.42007446289062,33.00866349457557],[130.40359497070312,33.00866349457557],[130.40359497070312,33.00751186140884]]],[[[129.7320556640625,33.006360213205376],[129.73342895507812,33.006360213205376],[129.73342895507812,33.00751186140884],[129.7320556640625,33.00751186140884],[129.7320556640625,33.006360213205376]]],[[[129.78561401367188,33.006360213205376],[129.78836059570312,33.006360213205376],[129.78836059570312,33.00751186140884],[129.78561401367188,33.00751186140884],[129.78561401367188,33.006360213205376]]],[[[129.80072021484375,33.006360213205376],[129.80209350585938,33.006360213205376],[129.80209350585938,33.00866349457557],[129.80072021484375,33.00866349457557],[129.80072021484375,33.006360213205376]]],[[[129.81170654296875,33.006360213205376],[129.81307983398438,33.006360213205376],[129.81307983398438,33.00751186140884],[129.81170654296875,33.00751186140884],[129.81170654296875,33.006360213205376]]],[[[130.40084838867188,33.006360213205376],[130.41046142578125,33.006360213205376],[130.41046142578125,33.00751186140884],[130.40084838867188,33.00751186140884],[130.40084838867188,33.006360213205376]]],[[[130.4132080078125,33.006360213205376],[130.418701171875,33.006360213205376],[130.418701171875,33.00751186140884],[130.4132080078125,33.00751186140884],[130.4132080078125,33.006360213205376]]],[[[129.73342895507812,33.00520854996545],[129.737548828125,33.00520854996545],[129.737548828125,33.006360213205376],[129.73342895507812,33.006360213205376],[129.73342895507812,33.00520854996545]]],[[[129.80209350585938,33.00520854996545],[129.80484008789062,33.00520854996545],[129.80484008789062,33.006360213205376],[129.80209350585938,33.006360213205376],[129.80209350585938,33.00520854996545]]],[[[130.39810180664062,33.00520854996545],[130.41046142578125,33.00520854996545],[130.41046142578125,33.006360213205376],[130.39810180664062,33.006360213205376],[130.39810180664062,33.00520854996545]]],[[[130.41183471679688,33.00520854996545],[130.4132080078125,33.00520854996545],[130.4132080078125,33.006360213205376],[130.41183471679688,33.006360213205376],[130.41183471679688,33.00520854996545]]],[[[129.73617553710938,33.00405687168934],[129.74166870117188,33.00405687168934],[129.74166870117188,33.00520854996545],[129.73617553710938,33.00520854996545],[129.73617553710938,33.00405687168934]]],[[[129.74716186523438,33.00405687168934],[129.74853515625,33.00405687168934],[129.74853515625,33.00520854996545],[129.74716186523438,33.00520854996545],[129.74716186523438,33.00405687168934]]],[[[129.759521484375,33.00405687168934],[129.76226806640625,33.00405687168934],[129.76226806640625,33.00520854996545],[129.759521484375,33.00520854996545],[129.759521484375,33.00405687168934]]],[[[129.803466796875,33.00405687168934],[129.80484008789062,33.00405687168934],[129.80484008789062,33.00520854996545],[129.803466796875,33.00520854996545],[129.803466796875,33.00405687168934]]],[[[130.39535522460938,33.00405687168934],[130.41458129882812,33.00405687168934],[130.41458129882812,33.00520854996545],[130.39535522460938,33.00520854996545],[130.39535522460938,33.00405687168934]]],[[[129.74029541015625,33.00290517837732],[129.74166870117188,33.00290517837732],[129.74166870117188,33.00405687168934],[129.74029541015625,33.00405687168934],[129.74029541015625,33.00290517837732]]],[[[129.7540283203125,33.00290517837732],[129.75677490234375,33.00290517837732],[129.75677490234375,33.00405687168934],[129.7540283203125,33.00405687168934],[129.7540283203125,33.00290517837732]]],[[[129.76089477539062,33.00290517837732],[129.76226806640625,33.00290517837732],[129.76226806640625,33.00405687168934],[129.76089477539062,33.00405687168934],[129.76089477539062,33.00290517837732]]],[[[129.80484008789062,33.00290517837732],[129.80621337890625,33.00290517837732],[129.80621337890625,33.00405687168934],[129.80484008789062,33.00405687168934],[129.80484008789062,33.00290517837732]]],[[[129.81307983398438,33.00290517837732],[129.814453125,33.00290517837732],[129.814453125,33.00405687168934],[129.81307983398438,33.00405687168934],[129.81307983398438,33.00290517837732]]],[[[130.18798828125,33.00290517837732],[130.18936157226562,33.00290517837732],[130.18936157226562,33.00405687168934],[130.18798828125,33.00405687168934],[130.18798828125,33.00290517837732]]],[[[130.39535522460938,33.00290517837732],[130.41595458984375,33.00290517837732],[130.41595458984375,33.00405687168934],[130.39535522460938,33.00405687168934],[130.39535522460938,33.00290517837732]]],[[[129.7320556640625,33.00175347002963],[129.73342895507812,33.00175347002963],[129.73342895507812,33.00290517837732],[129.7320556640625,33.00290517837732],[129.7320556640625,33.00175347002963]]],[[[129.737548828125,33.00175347002963],[129.74166870117188,33.00175347002963],[129.74166870117188,33.00290517837732],[129.737548828125,33.00290517837732],[129.737548828125,33.00175347002963]]],[[[129.75128173828125,33.00175347002963],[129.75265502929688,33.00175347002963],[129.75265502929688,33.00520854996545],[129.75128173828125,33.00520854996545],[129.75128173828125,33.00175347002963]]],[[[129.7540283203125,33.00175347002963],[129.75540161132812,33.00175347002963],[129.75540161132812,33.00290517837732],[129.7540283203125,33.00290517837732],[129.7540283203125,33.00175347002963]]],[[[129.76226806640625,33.00175347002963],[129.76364135742188,33.00175347002963],[129.76364135742188,33.00290517837732],[129.76226806640625,33.00290517837732],[129.76226806640625,33.00175347002963]]],[[[129.80621337890625,33.00175347002963],[129.80758666992188,33.00175347002963],[129.80758666992188,33.00290517837732],[129.80621337890625,33.00290517837732],[129.80621337890625,33.00175347002963]]],[[[129.94491577148438,33.00175347002963],[129.9462890625,33.00175347002963],[129.9462890625,33.00405687168934],[129.94491577148438,33.00405687168934],[129.94491577148438,33.00175347002963]]],[[[130.39535522460938,33.00175347002963],[130.40908813476562,33.00175347002963],[130.40908813476562,33.00290517837732],[130.39535522460938,33.00290517837732],[130.39535522460938,33.00175347002963]]],[[[130.4132080078125,33.00175347002963],[130.41595458984375,33.00175347002963],[130.41595458984375,33.00290517837732],[130.4132080078125,33.00290517837732],[130.4132080078125,33.00175347002963]]],[[[129.7320556640625,33.00060174664656],[129.73892211914062,33.00060174664656],[129.73892211914062,33.00175347002963],[129.7320556640625,33.00175347002963],[129.7320556640625,33.00060174664656]]],[[[129.74441528320312,33.00060174664656],[129.74578857421875,33.00060174664656],[129.74578857421875,33.00175347002963],[129.74441528320312,33.00175347002963],[129.74441528320312,33.00060174664656]]],[[[129.75128173828125,33.00060174664656],[129.7540283203125,33.00060174664656],[129.7540283203125,33.00175347002963],[129.75128173828125,33.00175347002963],[129.75128173828125,33.00060174664656]]],[[[129.76089477539062,33.00060174664656],[129.76226806640625,33.00060174664656],[129.76226806640625,33.00175347002963],[129.76089477539062,33.00175347002963],[129.76089477539062,33.00060174664656]]],[[[129.76364135742188,33.00060174664656],[129.7650146484375,33.00060174664656],[129.7650146484375,33.00175347002963],[129.76364135742188,33.00175347002963],[129.76364135742188,33.00060174664656]]],[[[129.94354248046875,33.00060174664656],[129.94491577148438,33.00060174664656],[129.94491577148438,33.00175347002963],[129.94354248046875,33.00175347002963],[129.94354248046875,33.00060174664656]]],[[[130.39535522460938,33.00060174664656],[130.40496826171875,33.00060174664656],[130.40496826171875,33.00175347002963],[130.39535522460938,33.00175347002963],[130.39535522460938,33.00060174664656]]],[[[130.4132080078125,33.00060174664656],[130.41732788085938,33.00060174664656],[130.41732788085938,33.00175347002963],[130.4132080078125,33.00175347002963],[130.4132080078125,33.00060174664656]]],[[[129.7320556640625,32.99945000822837],[129.73342895507812,32.99945000822837],[129.73342895507812,33.00060174664656],[129.7320556640625,33.00060174664656],[129.7320556640625,32.99945000822837]]],[[[129.75265502929688,32.99945000822837],[129.76089477539062,32.99945000822837],[129.76089477539062,33.00060174664656],[129.75265502929688,33.00060174664656],[129.75265502929688,32.99945000822837]]],[[[129.76226806640625,32.99945000822837],[129.76364135742188,32.99945000822837],[129.76364135742188,33.00060174664656],[129.76226806640625,33.00060174664656],[129.76226806640625,32.99945000822837]]],[[[129.80758666992188,32.99945000822837],[129.8089599609375,32.99945000822837],[129.8089599609375,33.00060174664656],[129.80758666992188,33.00060174664656],[129.80758666992188,32.99945000822837]]],[[[129.81033325195312,32.99945000822837],[129.81170654296875,32.99945000822837],[129.81170654296875,33.00060174664656],[129.81033325195312,33.00060174664656],[129.81033325195312,32.99945000822837]]],[[[129.81582641601562,32.99945000822837],[129.81857299804688,32.99945000822837],[129.81857299804688,33.00060174664656],[129.81582641601562,33.00060174664656],[129.81582641601562,32.99945000822837]]],[[[130.18798828125,32.99945000822837],[130.1934814453125,32.99945000822837],[130.1934814453125,33.00060174664656],[130.18798828125,33.00060174664656],[130.18798828125,32.99945000822837]]],[[[130.39535522460938,32.99945000822837],[130.40084838867188,32.99945000822837],[130.40084838867188,33.00060174664656],[130.39535522460938,33.00060174664656],[130.39535522460938,32.99945000822837]]],[[[129.74853515625,32.99829825477534],[129.74990844726562,32.99829825477534],[129.74990844726562,33.00290517837732],[129.74853515625,33.00290517837732],[129.74853515625,32.99829825477534]]],[[[129.7540283203125,32.99829825477534],[129.75677490234375,32.99829825477534],[129.75677490234375,32.99945000822837],[129.7540283203125,32.99945000822837],[129.7540283203125,32.99829825477534]]],[[[129.81582641601562,32.99829825477534],[129.81719970703125,32.99829825477534],[129.81719970703125,32.99945000822837],[129.81582641601562,32.99945000822837],[129.81582641601562,32.99829825477534]]],[[[130.41458129882812,32.99829825477534],[130.418701171875,32.99829825477534],[130.418701171875,33.00060174664656],[130.41458129882812,33.00060174664656],[130.41458129882812,32.99829825477534]]],[[[129.73617553710938,32.99714648628775],[129.737548828125,32.99714648628775],[129.737548828125,32.99829825477534],[129.73617553710938,32.99829825477534],[129.73617553710938,32.99714648628775]]],[[[129.75677490234375,32.99714648628775],[129.75814819335938,32.99714648628775],[129.75814819335938,32.99829825477534],[129.75677490234375,32.99829825477534],[129.75677490234375,32.99714648628775]]],[[[129.81170654296875,32.99714648628775],[129.81307983398438,32.99714648628775],[129.81307983398438,32.99945000822837],[129.81170654296875,32.99945000822837],[129.81170654296875,32.99714648628775]]],[[[130.41595458984375,32.99714648628775],[130.42007446289062,32.99714648628775],[130.42007446289062,32.99829825477534],[130.41595458984375,32.99829825477534],[130.41595458984375,32.99714648628775]]],[[[130.42831420898438,32.99714648628775],[130.43380737304688,32.99714648628775],[130.43380737304688,32.99829825477534],[130.42831420898438,32.99829825477534],[130.42831420898438,32.99714648628775]]],[[[129.73480224609375,32.99599470276583],[129.73892211914062,32.99599470276583],[129.73892211914062,32.99714648628775],[129.73480224609375,32.99714648628775],[129.73480224609375,32.99599470276583]]],[[[129.74578857421875,32.99599470276583],[129.74853515625,32.99599470276583],[129.74853515625,32.99714648628775],[129.74578857421875,32.99714648628775],[129.74578857421875,32.99599470276583]]],[[[129.7540283203125,32.99599470276583],[129.75814819335938,32.99599470276583],[129.75814819335938,32.99714648628775],[129.7540283203125,32.99714648628775],[129.7540283203125,32.99599470276583]]],[[[129.81582641601562,32.99599470276583],[129.81719970703125,32.99599470276583],[129.81719970703125,32.99714648628775],[129.81582641601562,32.99714648628775],[129.81582641601562,32.99599470276583]]],[[[130.41458129882812,32.99599470276583],[130.42007446289062,32.99599470276583],[130.42007446289062,32.99714648628775],[130.41458129882812,32.99714648628775],[130.41458129882812,32.99599470276583]]],[[[130.4241943359375,32.99599470276583],[130.43380737304688,32.99599470276583],[130.43380737304688,32.99714648628775],[130.4241943359375,32.99714648628775],[130.4241943359375,32.99599470276583]]],[[[129.7540283203125,32.994842904209875],[129.75540161132812,32.994842904209875],[129.75540161132812,32.99599470276583],[129.7540283203125,32.99599470276583],[129.7540283203125,32.994842904209875]]],[[[129.75677490234375,32.994842904209875],[129.75814819335938,32.994842904209875],[129.75814819335938,32.99599470276583],[129.75677490234375,32.99599470276583],[129.75677490234375,32.994842904209875]]],[[[129.814453125,32.994842904209875],[129.81719970703125,32.994842904209875],[129.81719970703125,32.99599470276583],[129.814453125,32.99599470276583],[129.814453125,32.994842904209875]]],[[[130.41458129882812,32.994842904209875],[130.43380737304688,32.994842904209875],[130.43380737304688,32.99599470276583],[130.41458129882812,32.99599470276583],[130.41458129882812,32.994842904209875]]],[[[129.74029541015625,32.99369109062015],[129.74166870117188,32.99369109062015],[129.74166870117188,32.994842904209875],[129.74029541015625,32.994842904209875],[129.74029541015625,32.99369109062015]]],[[[130.1934814453125,32.99369109062015],[130.19485473632812,32.99369109062015],[130.19485473632812,32.994842904209875],[130.1934814453125,32.994842904209875],[130.1934814453125,32.99369109062015]]],[[[130.41595458984375,32.99369109062015],[130.4241943359375,32.99369109062015],[130.4241943359375,32.994842904209875],[130.41595458984375,32.994842904209875],[130.41595458984375,32.99369109062015]]],[[[130.42556762695312,32.99369109062015],[130.43243408203125,32.99369109062015],[130.43243408203125,32.994842904209875],[130.42556762695312,32.994842904209875],[130.42556762695312,32.99369109062015]]],[[[129.74578857421875,32.992539261996924],[129.74716186523438,32.992539261996924],[129.74716186523438,32.99599470276583],[129.74578857421875,32.99599470276583],[129.74578857421875,32.992539261996924]]],[[[129.814453125,32.992539261996924],[129.81719970703125,32.992539261996924],[129.81719970703125,32.99369109062015],[129.814453125,32.99369109062015],[129.814453125,32.992539261996924]]],[[[130.19210815429688,32.992539261996924],[130.1934814453125,32.992539261996924],[130.1934814453125,32.99369109062015],[130.19210815429688,32.99369109062015],[130.19210815429688,32.992539261996924]]],[[[130.41595458984375,32.992539261996924],[130.42144775390625,32.992539261996924],[130.42144775390625,32.99369109062015],[130.41595458984375,32.99369109062015],[130.41595458984375,32.992539261996924]]],[[[130.42556762695312,32.992539261996924],[130.43106079101562,32.992539261996924],[130.43106079101562,32.99369109062015],[130.42556762695312,32.99369109062015],[130.42556762695312,32.992539261996924]]],[[[129.74029541015625,32.99138741834048],[129.7430419921875,32.99138741834048],[129.7430419921875,32.99369109062015],[129.74029541015625,32.99369109062015],[129.74029541015625,32.99138741834048]]],[[[129.81719970703125,32.99138741834048],[129.81857299804688,32.99138741834048],[129.81857299804688,32.992539261996924],[129.81719970703125,32.992539261996924],[129.81719970703125,32.99138741834048]]],[[[130.198974609375,32.99138741834048],[130.20034790039062,32.99138741834048],[130.20034790039062,32.992539261996924],[130.198974609375,32.992539261996924],[130.198974609375,32.99138741834048]]],[[[130.19073486328125,32.99023555965106],[130.19210815429688,32.99023555965106],[130.19210815429688,32.99138741834048],[130.19073486328125,32.99138741834048],[130.19073486328125,32.99023555965106]]],[[[130.2044677734375,32.99023555965106],[130.20584106445312,32.99023555965106],[130.20584106445312,32.99138741834048],[130.2044677734375,32.99138741834048],[130.2044677734375,32.99023555965106]]],[[[130.42556762695312,32.99023555965106],[130.4296875,32.99023555965106],[130.4296875,32.992539261996924],[130.42556762695312,32.992539261996924],[130.42556762695312,32.99023555965106]]],[[[129.737548828125,32.989083685928954],[129.73892211914062,32.989083685928954],[129.73892211914062,32.99023555965106],[129.737548828125,32.99023555965106],[129.737548828125,32.989083685928954]]],[[[129.74166870117188,32.989083685928954],[129.7430419921875,32.989083685928954],[129.7430419921875,32.99023555965106],[129.74166870117188,32.99023555965106],[129.74166870117188,32.989083685928954]]],[[[129.81307983398438,32.989083685928954],[129.814453125,32.989083685928954],[129.814453125,32.99023555965106],[129.81307983398438,32.99023555965106],[129.81307983398438,32.989083685928954]]],[[[130.19210815429688,32.989083685928954],[130.1934814453125,32.989083685928954],[130.1934814453125,32.99023555965106],[130.19210815429688,32.99023555965106],[130.19210815429688,32.989083685928954]]],[[[130.42556762695312,32.989083685928954],[130.43106079101562,32.989083685928954],[130.43106079101562,32.99023555965106],[130.42556762695312,32.99023555965106],[130.42556762695312,32.989083685928954]]],[[[129.737548828125,32.987931797174426],[129.74578857421875,32.987931797174426],[129.74578857421875,32.989083685928954],[129.737548828125,32.989083685928954],[129.737548828125,32.987931797174426]]],[[[129.94903564453125,32.987931797174426],[129.95040893554688,32.987931797174426],[129.95040893554688,32.989083685928954],[129.94903564453125,32.989083685928954],[129.94903564453125,32.987931797174426]]],[[[130.20584106445312,32.987931797174426],[130.20858764648438,32.987931797174426],[130.20858764648438,32.989083685928954],[130.20584106445312,32.989083685928954],[130.20584106445312,32.987931797174426]]],[[[130.42556762695312,32.987931797174426],[130.43243408203125,32.987931797174426],[130.43243408203125,32.989083685928954],[130.42556762695312,32.989083685928954],[130.42556762695312,32.987931797174426]]],[[[129.73892211914062,32.98677989338775],[129.74029541015625,32.98677989338775],[129.74029541015625,32.987931797174426],[129.73892211914062,32.987931797174426],[129.73892211914062,32.98677989338775]]],[[[129.95040893554688,32.98677989338775],[129.9517822265625,32.98677989338775],[129.9517822265625,32.987931797174426],[129.95040893554688,32.987931797174426],[129.95040893554688,32.98677989338775]]],[[[130.20721435546875,32.98677989338775],[130.20858764648438,32.98677989338775],[130.20858764648438,32.987931797174426],[130.20721435546875,32.987931797174426],[130.20721435546875,32.98677989338775]]],[[[130.42694091796875,32.98677989338775],[130.43243408203125,32.98677989338775],[130.43243408203125,32.987931797174426],[130.42694091796875,32.987931797174426],[130.42694091796875,32.98677989338775]]],[[[129.94903564453125,32.98562797456918],[129.95040893554688,32.98562797456918],[129.95040893554688,32.98677989338775],[129.94903564453125,32.98677989338775],[129.94903564453125,32.98562797456918]]],[[[130.20858764648438,32.98562797456918],[130.21133422851562,32.98562797456918],[130.21133422851562,32.98677989338775],[130.20858764648438,32.98677989338775],[130.20858764648438,32.98562797456918]]],[[[129.8199462890625,32.98447604071901],[129.82131958007812,32.98447604071901],[129.82131958007812,32.98562797456918],[129.8199462890625,32.98562797456918],[129.8199462890625,32.98447604071901]]],[[[129.9462890625,32.98447604071901],[129.95040893554688,32.98447604071901],[129.95040893554688,32.98562797456918],[129.9462890625,32.98562797456918],[129.9462890625,32.98447604071901]]],[[[130.2099609375,32.98447604071901],[130.21133422851562,32.98447604071901],[130.21133422851562,32.98562797456918],[130.2099609375,32.98562797456918],[130.2099609375,32.98447604071901]]],[[[129.94354248046875,32.98332409183748],[129.94766235351562,32.98332409183748],[129.94766235351562,32.98447604071901],[129.94354248046875,32.98447604071901],[129.94354248046875,32.98332409183748]]],[[[130.20858764648438,32.982172127924876],[130.21133422851562,32.982172127924876],[130.21133422851562,32.98332409183748],[130.20858764648438,32.98332409183748],[130.20858764648438,32.982172127924876]]],[[[130.4296875,32.982172127924876],[130.43243408203125,32.982172127924876],[130.43243408203125,32.98677989338775],[130.4296875,32.98677989338775],[130.4296875,32.982172127924876]]],[[[130.20721435546875,32.98102014898148],[130.20858764648438,32.98102014898148],[130.20858764648438,32.982172127924876],[130.20721435546875,32.982172127924876],[130.20721435546875,32.98102014898148]]],[[[130.20858764648438,32.97986815500753],[130.21133422851562,32.97986815500753],[130.21133422851562,32.98102014898148],[130.20858764648438,32.98102014898148],[130.20858764648438,32.97986815500753]]],[[[129.94491577148438,32.97871614600332],[129.9462890625,32.97871614600332],[129.9462890625,32.98332409183748],[129.94491577148438,32.98332409183748],[129.94491577148438,32.97871614600332]]],[[[129.82131958007812,32.977564121969124],[129.82269287109375,32.977564121969124],[129.82269287109375,32.97871614600332],[129.82131958007812,32.97871614600332],[129.82131958007812,32.977564121969124]]],[[[130.21682739257812,32.977564121969124],[130.21820068359375,32.977564121969124],[130.21820068359375,32.97871614600332],[130.21682739257812,32.97871614600332],[130.21682739257812,32.977564121969124]]],[[[130.4296875,32.977564121969124],[130.43380737304688,32.977564121969124],[130.43380737304688,32.982172127924876],[130.4296875,32.982172127924876],[130.4296875,32.977564121969124]]],[[[130.4296875,32.976412082905185],[130.43243408203125,32.976412082905185],[130.43243408203125,32.977564121969124],[130.4296875,32.977564121969124],[130.4296875,32.976412082905185]]],[[[129.935302734375,32.975260028811796],[129.93667602539062,32.975260028811796],[129.93667602539062,32.976412082905185],[129.935302734375,32.976412082905185],[129.935302734375,32.975260028811796]]],[[[129.93942260742188,32.975260028811796],[129.9407958984375,32.975260028811796],[129.9407958984375,32.976412082905185],[129.93942260742188,32.976412082905185],[129.93942260742188,32.975260028811796]]],[[[129.94216918945312,32.975260028811796],[129.94491577148438,32.975260028811796],[129.94491577148438,32.97871614600332],[129.94216918945312,32.97871614600332],[129.94216918945312,32.975260028811796]]],[[[130.220947265625,32.975260028811796],[130.22232055664062,32.975260028811796],[130.22232055664062,32.976412082905185],[130.220947265625,32.976412082905185],[130.220947265625,32.975260028811796]]],[[[130.4296875,32.975260028811796],[130.43106079101562,32.975260028811796],[130.43106079101562,32.976412082905185],[130.4296875,32.976412082905185],[130.4296875,32.975260028811796]]],[[[129.93392944335938,32.97410795968922],[129.94354248046875,32.97410795968922],[129.94354248046875,32.975260028811796],[129.93392944335938,32.975260028811796],[129.93392944335938,32.97410795968922]]],[[[129.93255615234375,32.97295587553773],[129.94354248046875,32.97295587553773],[129.94354248046875,32.97410795968922],[129.93255615234375,32.97410795968922],[129.93255615234375,32.97295587553773]]],[[[129.82131958007812,32.97180377635759],[129.82269287109375,32.97180377635759],[129.82269287109375,32.97295587553773],[129.82131958007812,32.97295587553773],[129.82131958007812,32.97180377635759]]],[[[129.82406616210938,32.97180377635759],[129.825439453125,32.97180377635759],[129.825439453125,32.975260028811796],[129.82406616210938,32.975260028811796],[129.82406616210938,32.97180377635759]]],[[[129.93118286132812,32.97180377635759],[129.93255615234375,32.97180377635759],[129.93255615234375,32.97295587553773],[129.93118286132812,32.97295587553773],[129.93118286132812,32.97180377635759]]],[[[129.93392944335938,32.97180377635759],[129.94491577148438,32.97180377635759],[129.94491577148438,32.97295587553773],[129.93392944335938,32.97295587553773],[129.93392944335938,32.97180377635759]]],[[[130.22232055664062,32.97180377635759],[130.22369384765625,32.97180377635759],[130.22369384765625,32.97410795968922],[130.22232055664062,32.97410795968922],[130.22232055664062,32.97180377635759]]],[[[129.9298095703125,32.970651662149066],[129.94491577148438,32.970651662149066],[129.94491577148438,32.97180377635759],[129.9298095703125,32.97180377635759],[129.9298095703125,32.970651662149066]]],[[[129.82269287109375,32.96949953291243],[129.825439453125,32.96949953291243],[129.825439453125,32.970651662149066],[129.82269287109375,32.970651662149066],[129.82269287109375,32.96949953291243]]],[[[129.92843627929688,32.96949953291243],[129.94216918945312,32.96949953291243],[129.94216918945312,32.970651662149066],[129.92843627929688,32.970651662149066],[129.92843627929688,32.96949953291243]]],[[[130.4296875,32.96949953291243],[130.43243408203125,32.96949953291243],[130.43243408203125,32.975260028811796],[130.4296875,32.975260028811796],[130.4296875,32.96949953291243]]],[[[129.81170654296875,32.968347388647956],[129.81307983398438,32.968347388647956],[129.81307983398438,32.96949953291243],[129.81170654296875,32.96949953291243],[129.81170654296875,32.968347388647956]]],[[[129.814453125,32.968347388647956],[129.81582641601562,32.968347388647956],[129.81582641601562,32.96949953291243],[129.814453125,32.96949953291243],[129.814453125,32.968347388647956]]],[[[129.81857299804688,32.968347388647956],[129.8199462890625,32.968347388647956],[129.8199462890625,32.96949953291243],[129.81857299804688,32.96949953291243],[129.81857299804688,32.968347388647956]]],[[[129.92706298828125,32.968347388647956],[129.9407958984375,32.968347388647956],[129.9407958984375,32.96949953291243],[129.92706298828125,32.96949953291243],[129.92706298828125,32.968347388647956]]],[[[130.22369384765625,32.968347388647956],[130.22506713867188,32.968347388647956],[130.22506713867188,32.96949953291243],[130.22369384765625,32.96949953291243],[130.22369384765625,32.968347388647956]]],[[[129.81033325195312,32.96719522935592],[129.81170654296875,32.96719522935592],[129.81170654296875,32.968347388647956],[129.81033325195312,32.968347388647956],[129.81033325195312,32.96719522935592]]],[[[129.92843627929688,32.96719522935592],[129.93942260742188,32.96719522935592],[129.93942260742188,32.968347388647956],[129.92843627929688,32.968347388647956],[129.92843627929688,32.96719522935592]]],[[[129.9298095703125,32.96604305503658],[129.93392944335938,32.96604305503658],[129.93392944335938,32.96719522935592],[129.9298095703125,32.96719522935592],[129.9298095703125,32.96604305503658]]],[[[129.935302734375,32.96604305503658],[129.93667602539062,32.96604305503658],[129.93667602539062,32.96719522935592],[129.935302734375,32.96719522935592],[129.935302734375,32.96604305503658]]],[[[130.43106079101562,32.96604305503658],[130.43243408203125,32.96604305503658],[130.43243408203125,32.96949953291243],[130.43106079101562,32.96949953291243],[130.43106079101562,32.96604305503658]]],[[[129.93118286132812,32.964890865690215],[129.93392944335938,32.964890865690215],[129.93392944335938,32.96604305503658],[129.93118286132812,32.96604305503658],[129.93118286132812,32.964890865690215]]],[[[129.814453125,32.96373866131708],[129.81582641601562,32.96373866131708],[129.81582641601562,32.964890865690215],[129.814453125,32.964890865690215],[129.814453125,32.96373866131708]]],[[[129.81719970703125,32.96373866131708],[129.81857299804688,32.96373866131708],[129.81857299804688,32.964890865690215],[129.81719970703125,32.964890865690215],[129.81719970703125,32.96373866131708]]],[[[129.9298095703125,32.96258644191747],[129.935302734375,32.96258644191747],[129.935302734375,32.964890865690215],[129.9298095703125,32.964890865690215],[129.9298095703125,32.96258644191747]]],[[[130.22232055664062,32.96258644191747],[130.22506713867188,32.96258644191747],[130.22506713867188,32.96373866131708],[130.22232055664062,32.96373866131708],[130.22232055664062,32.96258644191747]]],[[[129.814453125,32.961434207491635],[129.81719970703125,32.961434207491635],[129.81719970703125,32.96373866131708],[129.814453125,32.96373866131708],[129.814453125,32.961434207491635]]],[[[129.92843627929688,32.961434207491635],[129.935302734375,32.961434207491635],[129.935302734375,32.96258644191747],[129.92843627929688,32.96258644191747],[129.92843627929688,32.961434207491635]]],[[[130.21957397460938,32.961434207491635],[130.22506713867188,32.961434207491635],[130.22506713867188,32.96258644191747],[130.21957397460938,32.96258644191747],[130.21957397460938,32.961434207491635]]],[[[130.21957397460938,32.96028195803985],[130.22232055664062,32.96028195803985],[130.22232055664062,32.961434207491635],[130.21957397460938,32.961434207491635],[130.21957397460938,32.96028195803985]]],[[[130.21820068359375,32.95912969356238],[130.220947265625,32.95912969356238],[130.220947265625,32.96028195803985],[130.21820068359375,32.96028195803985],[130.21820068359375,32.95912969356238]]],[[[130.43106079101562,32.95912969356238],[130.43380737304688,32.95912969356238],[130.43380737304688,32.96604305503658],[130.43106079101562,32.96604305503658],[130.43106079101562,32.95912969356238]]],[[[129.92843627929688,32.95797741405951],[129.93392944335938,32.95797741405951],[129.93392944335938,32.961434207491635],[129.92843627929688,32.961434207491635],[129.92843627929688,32.95797741405951]]],[[[130.21270751953125,32.95797741405951],[130.2154541015625,32.95797741405951],[130.2154541015625,32.95912969356238],[130.21270751953125,32.95912969356238],[130.21270751953125,32.95797741405951]]],[[[130.22369384765625,32.95797741405951],[130.22506713867188,32.95797741405951],[130.22506713867188,32.95912969356238],[130.22369384765625,32.95912969356238],[130.22369384765625,32.95797741405951]]],[[[130.43106079101562,32.95797741405951],[130.4351806640625,32.95797741405951],[130.4351806640625,32.95912969356238],[130.43106079101562,32.95912969356238],[130.43106079101562,32.95797741405951]]],[[[129.814453125,32.9568251195315],[129.81582641601562,32.9568251195315],[129.81582641601562,32.95912969356238],[129.814453125,32.95912969356238],[129.814453125,32.9568251195315]]],[[[130.21133422851562,32.9568251195315],[130.21408081054688,32.9568251195315],[130.21408081054688,32.95797741405951],[130.21133422851562,32.95797741405951],[130.21133422851562,32.9568251195315]]],[[[130.43106079101562,32.9568251195315],[130.43655395507812,32.9568251195315],[130.43655395507812,32.95797741405951],[130.43106079101562,32.95797741405951],[130.43106079101562,32.9568251195315]]],[[[129.81582641601562,32.95567280997862],[129.81719970703125,32.95567280997862],[129.81719970703125,32.9568251195315],[129.81582641601562,32.9568251195315],[129.81582641601562,32.95567280997862]]],[[[130.20584106445312,32.95567280997862],[130.21133422851562,32.95567280997862],[130.21133422851562,32.9568251195315],[130.20584106445312,32.9568251195315],[130.20584106445312,32.95567280997862]]],[[[130.21408081054688,32.95567280997862],[130.2154541015625,32.95567280997862],[130.2154541015625,32.9568251195315],[130.21408081054688,32.9568251195315],[130.21408081054688,32.95567280997862]]],[[[130.22506713867188,32.95567280997862],[130.2264404296875,32.95567280997862],[130.2264404296875,32.95797741405951],[130.22506713867188,32.95797741405951],[130.22506713867188,32.95567280997862]]],[[[129.93118286132812,32.95452048540113],[129.935302734375,32.95452048540113],[129.935302734375,32.95797741405951],[129.93118286132812,32.95797741405951],[129.93118286132812,32.95452048540113]]],[[[130.22369384765625,32.95452048540113],[130.22506713867188,32.95452048540113],[130.22506713867188,32.95567280997862],[130.22369384765625,32.95567280997862],[130.22369384765625,32.95452048540113]]],[[[129.7979736328125,32.953368145799324],[129.79934692382812,32.953368145799324],[129.79934692382812,32.95452048540113],[129.7979736328125,32.95452048540113],[129.7979736328125,32.953368145799324]]],[[[130.20309448242188,32.953368145799324],[130.2044677734375,32.953368145799324],[130.2044677734375,32.95452048540113],[130.20309448242188,32.95452048540113],[130.20309448242188,32.953368145799324]]],[[[130.21820068359375,32.953368145799324],[130.22369384765625,32.953368145799324],[130.22369384765625,32.95452048540113],[130.21820068359375,32.95452048540113],[130.21820068359375,32.953368145799324]]],[[[130.43243408203125,32.953368145799324],[130.43655395507812,32.953368145799324],[130.43655395507812,32.9568251195315],[130.43243408203125,32.9568251195315],[130.43243408203125,32.953368145799324]]],[[[129.79660034179688,32.95221579117346],[129.79934692382812,32.95221579117346],[129.79934692382812,32.953368145799324],[129.79660034179688,32.953368145799324],[129.79660034179688,32.95221579117346]]],[[[129.93118286132812,32.95221579117346],[129.93392944335938,32.95221579117346],[129.93392944335938,32.95452048540113],[129.93118286132812,32.95452048540113],[129.93118286132812,32.95221579117346]]],[[[130.20034790039062,32.95221579117346],[130.20309448242188,32.95221579117346],[130.20309448242188,32.953368145799324],[130.20034790039062,32.953368145799324],[130.20034790039062,32.95221579117346]]],[[[130.43243408203125,32.95221579117346],[130.4351806640625,32.95221579117346],[130.4351806640625,32.953368145799324],[130.43243408203125,32.953368145799324],[130.43243408203125,32.95221579117346]]],[[[129.78973388671875,32.95106342152381],[129.79660034179688,32.95106342152381],[129.79660034179688,32.95221579117346],[129.78973388671875,32.95221579117346],[129.78973388671875,32.95106342152381]]],[[[129.81582641601562,32.95106342152381],[129.81857299804688,32.95106342152381],[129.81857299804688,32.953368145799324],[129.81582641601562,32.953368145799324],[129.81582641601562,32.95106342152381]]],[[[129.9298095703125,32.95106342152381],[129.93255615234375,32.95106342152381],[129.93255615234375,32.95221579117346],[129.9298095703125,32.95221579117346],[129.9298095703125,32.95106342152381]]],[[[130.2154541015625,32.95106342152381],[130.21682739257812,32.95106342152381],[130.21682739257812,32.95221579117346],[130.2154541015625,32.95221579117346],[130.2154541015625,32.95106342152381]]],[[[130.21957397460938,32.95106342152381],[130.220947265625,32.95106342152381],[130.220947265625,32.953368145799324],[130.21957397460938,32.953368145799324],[130.21957397460938,32.95106342152381]]],[[[130.43380737304688,32.95106342152381],[130.4351806640625,32.95106342152381],[130.4351806640625,32.95221579117346],[130.43380737304688,32.95221579117346],[130.43380737304688,32.95106342152381]]],[[[129.78836059570312,32.94991103685063],[129.79110717773438,32.94991103685063],[129.79110717773438,32.95106342152381],[129.78836059570312,32.95106342152381],[129.78836059570312,32.94991103685063]]],[[[129.81719970703125,32.94991103685063],[129.81857299804688,32.94991103685063],[129.81857299804688,32.95106342152381],[129.81719970703125,32.95106342152381],[129.81719970703125,32.94991103685063]]],[[[130.21682739257812,32.94991103685063],[130.21957397460938,32.94991103685063],[130.21957397460938,32.95106342152381],[130.21682739257812,32.95106342152381],[130.21682739257812,32.94991103685063]]],[[[129.78561401367188,32.948758637154214],[129.78973388671875,32.948758637154214],[129.78973388671875,32.94991103685063],[129.78561401367188,32.94991103685063],[129.78561401367188,32.948758637154214]]],[[[129.7979736328125,32.948758637154214],[129.79934692382812,32.948758637154214],[129.79934692382812,32.95106342152381],[129.7979736328125,32.95106342152381],[129.7979736328125,32.948758637154214]]],[[[129.81582641601562,32.948758637154214],[129.81719970703125,32.948758637154214],[129.81719970703125,32.94991103685063],[129.81582641601562,32.94991103685063],[129.81582641601562,32.948758637154214]]],[[[129.9298095703125,32.948758637154214],[129.93118286132812,32.948758637154214],[129.93118286132812,32.95106342152381],[129.9298095703125,32.95106342152381],[129.9298095703125,32.948758637154214]]],[[[130.20034790039062,32.948758637154214],[130.20172119140625,32.948758637154214],[130.20172119140625,32.95106342152381],[130.20034790039062,32.95106342152381],[130.20034790039062,32.948758637154214]]],[[[130.43380737304688,32.948758637154214],[130.43655395507812,32.948758637154214],[130.43655395507812,32.95106342152381],[130.43380737304688,32.95106342152381],[130.43380737304688,32.948758637154214]]],[[[129.78424072265625,32.947606222434814],[129.7869873046875,32.947606222434814],[129.7869873046875,32.948758637154214],[129.78424072265625,32.948758637154214],[129.78424072265625,32.947606222434814]]],[[[129.78424072265625,32.946453792692715],[129.78561401367188,32.946453792692715],[129.78561401367188,32.947606222434814],[129.78424072265625,32.947606222434814],[129.78424072265625,32.946453792692715]]],[[[129.79522705078125,32.946453792692715],[129.79660034179688,32.946453792692715],[129.79660034179688,32.947606222434814],[129.79522705078125,32.947606222434814],[129.79522705078125,32.946453792692715]]],[[[129.92706298828125,32.946453792692715],[129.93118286132812,32.946453792692715],[129.93118286132812,32.948758637154214],[129.92706298828125,32.948758637154214],[129.92706298828125,32.946453792692715]]],[[[130.4351806640625,32.94530134792817],[130.43655395507812,32.94530134792817],[130.43655395507812,32.948758637154214],[130.4351806640625,32.948758637154214],[130.4351806640625,32.94530134792817]]],[[[130.198974609375,32.942996413332864],[130.20172119140625,32.942996413332864],[130.20172119140625,32.94414888814147],[130.198974609375,32.94414888814147],[130.198974609375,32.942996413332864]]],[[[129.78286743164062,32.94184392350264],[129.78561401367188,32.94184392350264],[129.78561401367188,32.946453792692715],[129.78286743164062,32.946453792692715],[129.78286743164062,32.94184392350264]]],[[[129.79522705078125,32.94184392350264],[129.79660034179688,32.94184392350264],[129.79660034179688,32.94414888814147],[129.79522705078125,32.94414888814147],[129.79522705078125,32.94184392350264]]],[[[130.20172119140625,32.94184392350264],[130.2044677734375,32.94184392350264],[130.2044677734375,32.942996413332864],[130.20172119140625,32.942996413332864],[130.20172119140625,32.94184392350264]]],[[[130.43655395507812,32.94184392350264],[130.43792724609375,32.94184392350264],[130.43792724609375,32.94530134792817],[130.43655395507812,32.94530134792817],[130.43655395507812,32.94184392350264]]],[[[130.43655395507812,32.94069141865106],[130.43930053710938,32.94069141865106],[130.43930053710938,32.94184392350264],[130.43655395507812,32.94184392350264],[130.43655395507812,32.94069141865106]]],[[[130.20309448242188,32.9395388987784],[130.2044677734375,32.9395388987784],[130.2044677734375,32.94069141865106],[130.20309448242188,32.94069141865106],[130.20309448242188,32.9395388987784]]],[[[129.78424072265625,32.93723381397089],[129.78561401367188,32.93723381397089],[129.78561401367188,32.9395388987784],[129.78424072265625,32.9395388987784],[129.78424072265625,32.93723381397089]]],[[[129.7979736328125,32.93723381397089],[129.80209350585938,32.93723381397089],[129.80209350585938,32.938386363884916],[129.7979736328125,32.938386363884916],[129.7979736328125,32.93723381397089]]],[[[130.198974609375,32.93723381397089],[130.20172119140625,32.93723381397089],[130.20172119140625,32.9395388987784],[130.198974609375,32.9395388987784],[130.198974609375,32.93723381397089]]],[[[129.79385375976562,32.93608124903661],[129.79522705078125,32.93608124903661],[129.79522705078125,32.9395388987784],[129.79385375976562,32.9395388987784],[129.79385375976562,32.93608124903661]]],[[[129.7979736328125,32.93608124903661],[129.80072021484375,32.93608124903661],[129.80072021484375,32.93723381397089],[129.7979736328125,32.93723381397089],[129.7979736328125,32.93608124903661]]],[[[130.43792724609375,32.93608124903661],[130.43930053710938,32.93608124903661],[130.43930053710938,32.94069141865106],[130.43792724609375,32.94069141865106],[130.43792724609375,32.93608124903661]]],[[[129.92843627929688,32.93492866908232],[129.93118286132812,32.93492866908232],[129.93118286132812,32.946453792692715],[129.92843627929688,32.946453792692715],[129.92843627929688,32.93492866908232]]],[[[130.20034790039062,32.93492866908232],[130.20309448242188,32.93492866908232],[130.20309448242188,32.93608124903661],[130.20034790039062,32.93608124903661],[130.20034790039062,32.93492866908232]]],[[[129.78424072265625,32.933776074108295],[129.78561401367188,32.933776074108295],[129.78561401367188,32.93608124903661],[129.78424072265625,32.93608124903661],[129.78424072265625,32.933776074108295]]],[[[129.79934692382812,32.933776074108295],[129.80072021484375,32.933776074108295],[129.80072021484375,32.93492866908232],[129.79934692382812,32.93492866908232],[129.79934692382812,32.933776074108295]]],[[[129.92843627929688,32.933776074108295],[129.93255615234375,32.933776074108295],[129.93255615234375,32.93492866908232],[129.92843627929688,32.93492866908232],[129.92843627929688,32.933776074108295]]],[[[130.20034790039062,32.933776074108295],[130.20172119140625,32.933776074108295],[130.20172119140625,32.93492866908232],[130.20034790039062,32.93492866908232],[130.20034790039062,32.933776074108295]]],[[[129.78561401367188,32.932623464114805],[129.7869873046875,32.932623464114805],[129.7869873046875,32.933776074108295],[129.78561401367188,32.933776074108295],[129.78561401367188,32.932623464114805]]],[[[129.79660034179688,32.932623464114805],[129.7979736328125,32.932623464114805],[129.7979736328125,32.933776074108295],[129.79660034179688,32.933776074108295],[129.79660034179688,32.932623464114805]]],[[[129.81719970703125,32.932623464114805],[129.81857299804688,32.932623464114805],[129.81857299804688,32.933776074108295],[129.81719970703125,32.933776074108295],[129.81719970703125,32.932623464114805]]],[[[129.79385375976562,32.93147083910213],[129.79660034179688,32.93147083910213],[129.79660034179688,32.932623464114805],[129.79385375976562,32.932623464114805],[129.79385375976562,32.93147083910213]]],[[[129.79934692382812,32.93147083910213],[129.80072021484375,32.93147083910213],[129.80072021484375,32.932623464114805],[129.79934692382812,32.932623464114805],[129.79934692382812,32.93147083910213]]],[[[129.81582641601562,32.93147083910213],[129.81719970703125,32.93147083910213],[129.81719970703125,32.932623464114805],[129.81582641601562,32.932623464114805],[129.81582641601562,32.93147083910213]]],[[[129.9298095703125,32.93147083910213],[129.93255615234375,32.93147083910213],[129.93255615234375,32.933776074108295],[129.9298095703125,32.933776074108295],[129.9298095703125,32.93147083910213]]],[[[130.20309448242188,32.93147083910213],[130.2044677734375,32.93147083910213],[130.2044677734375,32.932623464114805],[130.20309448242188,32.932623464114805],[130.20309448242188,32.93147083910213]]],[[[130.43930053710938,32.93147083910213],[130.440673828125,32.93147083910213],[130.440673828125,32.93608124903661],[130.43930053710938,32.93608124903661],[130.43930053710938,32.93147083910213]]],[[[130.45303344726562,32.93147083910213],[130.45578002929688,32.93147083910213],[130.45578002929688,32.932623464114805],[130.45303344726562,32.932623464114805],[130.45303344726562,32.93147083910213]]],[[[129.7869873046875,32.93031819907054],[129.78836059570312,32.93031819907054],[129.78836059570312,32.93147083910213],[129.7869873046875,32.93147083910213],[129.7869873046875,32.93031819907054]]],[[[129.92843627929688,32.93031819907054],[129.93392944335938,32.93031819907054],[129.93392944335938,32.93147083910213],[129.92843627929688,32.93147083910213],[129.92843627929688,32.93031819907054]]],[[[130.43930053710938,32.93031819907054],[130.44204711914062,32.93031819907054],[130.44204711914062,32.93147083910213],[130.43930053710938,32.93147083910213],[130.43930053710938,32.93031819907054]]],[[[130.45303344726562,32.93031819907054],[130.4571533203125,32.93031819907054],[130.4571533203125,32.93147083910213],[130.45303344726562,32.93147083910213],[130.45303344726562,32.93031819907054]]],[[[129.90097045898438,32.92916554402031],[129.90234375,32.92916554402031],[129.90234375,32.93031819907054],[129.90097045898438,32.93031819907054],[129.90097045898438,32.92916554402031]]],[[[129.90371704101562,32.92916554402031],[129.90509033203125,32.92916554402031],[129.90509033203125,32.93031819907054],[129.90371704101562,32.93031819907054],[129.90371704101562,32.92916554402031]]],[[[130.43930053710938,32.92916554402031],[130.44342041015625,32.92916554402031],[130.44342041015625,32.93031819907054],[130.43930053710938,32.93031819907054],[130.43930053710938,32.92916554402031]]],[[[130.45303344726562,32.92916554402031],[130.46401977539062,32.92916554402031],[130.46401977539062,32.93031819907054],[130.45303344726562,32.93031819907054],[130.45303344726562,32.92916554402031]]],[[[129.78561401367188,32.928012873951694],[129.7869873046875,32.928012873951694],[129.7869873046875,32.93031819907054],[129.78561401367188,32.93031819907054],[129.78561401367188,32.928012873951694]]],[[[129.79934692382812,32.928012873951694],[129.80072021484375,32.928012873951694],[129.80072021484375,32.92916554402031],[129.79934692382812,32.92916554402031],[129.79934692382812,32.928012873951694]]],[[[129.814453125,32.928012873951694],[129.81582641601562,32.928012873951694],[129.81582641601562,32.93147083910213],[129.814453125,32.93147083910213],[129.814453125,32.928012873951694]]],[[[129.89959716796875,32.928012873951694],[129.90646362304688,32.928012873951694],[129.90646362304688,32.92916554402031],[129.89959716796875,32.92916554402031],[129.89959716796875,32.928012873951694]]],[[[129.9298095703125,32.928012873951694],[129.93392944335938,32.928012873951694],[129.93392944335938,32.93031819907054],[129.9298095703125,32.93031819907054],[129.9298095703125,32.928012873951694]]],[[[130.19210815429688,32.928012873951694],[130.19622802734375,32.928012873951694],[130.19622802734375,32.92916554402031],[130.19210815429688,32.92916554402031],[130.19210815429688,32.928012873951694]]],[[[130.20034790039062,32.928012873951694],[130.20172119140625,32.928012873951694],[130.20172119140625,32.92916554402031],[130.20034790039062,32.92916554402031],[130.20034790039062,32.928012873951694]]],[[[130.440673828125,32.928012873951694],[130.44342041015625,32.928012873951694],[130.44342041015625,32.92916554402031],[130.440673828125,32.92916554402031],[130.440673828125,32.928012873951694]]],[[[129.89959716796875,32.926860188864964],[129.9078369140625,32.926860188864964],[129.9078369140625,32.928012873951694],[129.89959716796875,32.928012873951694],[129.89959716796875,32.926860188864964]]],[[[130.19210815429688,32.926860188864964],[130.19485473632812,32.926860188864964],[130.19485473632812,32.928012873951694],[130.19210815429688,32.928012873951694],[130.19210815429688,32.926860188864964]]],[[[129.81719970703125,32.92570748876041],[129.81857299804688,32.92570748876041],[129.81857299804688,32.926860188864964],[129.81719970703125,32.926860188864964],[129.81719970703125,32.92570748876041]]],[[[129.93118286132812,32.92570748876041],[129.935302734375,32.92570748876041],[129.935302734375,32.928012873951694],[129.93118286132812,32.928012873951694],[129.93118286132812,32.92570748876041]]],[[[130.18936157226562,32.92570748876041],[130.19073486328125,32.92570748876041],[130.19073486328125,32.926860188864964],[130.18936157226562,32.926860188864964],[130.18936157226562,32.92570748876041]]],[[[130.44204711914062,32.92570748876041],[130.44479370117188,32.92570748876041],[130.44479370117188,32.928012873951694],[130.44204711914062,32.928012873951694],[130.44204711914062,32.92570748876041]]],[[[130.45303344726562,32.92570748876041],[130.462646484375,32.92570748876041],[130.462646484375,32.92916554402031],[130.45303344726562,32.92916554402031],[130.45303344726562,32.92570748876041]]],[[[129.90097045898438,32.924554773638285],[129.90921020507812,32.924554773638285],[129.90921020507812,32.926860188864964],[129.90097045898438,32.926860188864964],[129.90097045898438,32.924554773638285]]],[[[130.18798828125,32.924554773638285],[130.18936157226562,32.924554773638285],[130.18936157226562,32.92570748876041],[130.18798828125,32.92570748876041],[130.18798828125,32.924554773638285]]],[[[130.440673828125,32.924554773638285],[130.44342041015625,32.924554773638285],[130.44342041015625,32.92570748876041],[130.440673828125,32.92570748876041],[130.440673828125,32.924554773638285]]],[[[129.79660034179688,32.92340204349887],[129.7979736328125,32.92340204349887],[129.7979736328125,32.924554773638285],[129.79660034179688,32.924554773638285],[129.79660034179688,32.92340204349887]]],[[[129.90234375,32.92340204349887],[129.91058349609375,32.92340204349887],[129.91058349609375,32.924554773638285],[129.90234375,32.924554773638285],[129.90234375,32.92340204349887]]],[[[129.9298095703125,32.92340204349887],[129.935302734375,32.92340204349887],[129.935302734375,32.92570748876041],[129.9298095703125,32.92570748876041],[129.9298095703125,32.92340204349887]]],[[[130.18661499023438,32.92340204349887],[130.18798828125,32.92340204349887],[130.18798828125,32.924554773638285],[130.18661499023438,32.924554773638285],[130.18661499023438,32.92340204349887]]],[[[130.45303344726562,32.92340204349887],[130.46401977539062,32.92340204349887],[130.46401977539062,32.92570748876041],[130.45303344726562,32.92570748876041],[130.45303344726562,32.92340204349887]]],[[[129.90371704101562,32.92224929834243],[129.91195678710938,32.92224929834243],[129.91195678710938,32.92340204349887],[129.90371704101562,32.92340204349887],[129.90371704101562,32.92224929834243]]],[[[129.93255615234375,32.92224929834243],[129.93667602539062,32.92224929834243],[129.93667602539062,32.92340204349887],[129.93255615234375,32.92340204349887],[129.93255615234375,32.92224929834243]]],[[[130.18524169921875,32.92224929834243],[130.18661499023438,32.92224929834243],[130.18661499023438,32.92340204349887],[130.18524169921875,32.92340204349887],[130.18524169921875,32.92224929834243]]],[[[130.43792724609375,32.92224929834243],[130.43930053710938,32.92224929834243],[130.43930053710938,32.92340204349887],[130.43792724609375,32.92340204349887],[130.43792724609375,32.92224929834243]]],[[[130.440673828125,32.92224929834243],[130.44204711914062,32.92224929834243],[130.44204711914062,32.924554773638285],[130.440673828125,32.924554773638285],[130.440673828125,32.92224929834243]]],[[[130.44754028320312,32.92224929834243],[130.46401977539062,32.92224929834243],[130.46401977539062,32.92340204349887],[130.44754028320312,32.92340204349887],[130.44754028320312,32.92224929834243]]],[[[129.81307983398438,32.921096538169245],[129.81582641601562,32.921096538169245],[129.81582641601562,32.92224929834243],[129.81307983398438,32.92224929834243],[129.81307983398438,32.921096538169245]]],[[[129.90509033203125,32.921096538169245],[129.913330078125,32.921096538169245],[129.913330078125,32.92224929834243],[129.90509033203125,32.92224929834243],[129.90509033203125,32.921096538169245]]],[[[129.93255615234375,32.921096538169245],[129.93804931640625,32.921096538169245],[129.93804931640625,32.92224929834243],[129.93255615234375,32.92224929834243],[129.93255615234375,32.921096538169245]]],[[[129.78836059570312,32.919943762979564],[129.78973388671875,32.919943762979564],[129.78973388671875,32.924554773638285],[129.78836059570312,32.924554773638285],[129.78836059570312,32.919943762979564]]],[[[129.7979736328125,32.919943762979564],[129.79934692382812,32.919943762979564],[129.79934692382812,32.921096538169245],[129.7979736328125,32.921096538169245],[129.7979736328125,32.919943762979564]]],[[[129.81307983398438,32.919943762979564],[129.814453125,32.919943762979564],[129.814453125,32.921096538169245],[129.81307983398438,32.921096538169245],[129.81307983398438,32.919943762979564]]],[[[129.90646362304688,32.919943762979564],[129.9078369140625,32.919943762979564],[129.9078369140625,32.921096538169245],[129.90646362304688,32.921096538169245],[129.90646362304688,32.919943762979564]]],[[[129.90921020507812,32.919943762979564],[129.9188232421875,32.919943762979564],[129.9188232421875,32.921096538169245],[129.90921020507812,32.921096538169245],[129.90921020507812,32.919943762979564]]],[[[129.93392944335938,32.919943762979564],[129.93942260742188,32.919943762979564],[129.93942260742188,32.921096538169245],[129.93392944335938,32.921096538169245],[129.93392944335938,32.919943762979564]]],[[[130.18661499023438,32.919943762979564],[130.18798828125,32.919943762979564],[130.18798828125,32.92224929834243],[130.18661499023438,32.92224929834243],[130.18661499023438,32.919943762979564]]],[[[130.43930053710938,32.919943762979564],[130.46401977539062,32.919943762979564],[130.46401977539062,32.92224929834243],[130.43930053710938,32.92224929834243],[130.43930053710938,32.919943762979564]]],[[[129.78836059570312,32.91879097277369],[129.79110717773438,32.91879097277369],[129.79110717773438,32.919943762979564],[129.78836059570312,32.919943762979564],[129.78836059570312,32.91879097277369]]],[[[129.79934692382812,32.91879097277369],[129.80072021484375,32.91879097277369],[129.80072021484375,32.919943762979564],[129.79934692382812,32.919943762979564],[129.79934692382812,32.91879097277369]]],[[[129.81170654296875,32.91879097277369],[129.81307983398438,32.91879097277369],[129.81307983398438,32.919943762979564],[129.81170654296875,32.919943762979564],[129.81170654296875,32.91879097277369]]],[[[129.91058349609375,32.91879097277369],[129.92019653320312,32.91879097277369],[129.92019653320312,32.919943762979564],[129.91058349609375,32.919943762979564],[129.91058349609375,32.91879097277369]]],[[[129.93255615234375,32.91879097277369],[129.93942260742188,32.91879097277369],[129.93942260742188,32.919943762979564],[129.93255615234375,32.919943762979564],[129.93255615234375,32.91879097277369]]],[[[130.440673828125,32.91879097277369],[130.46401977539062,32.91879097277369],[130.46401977539062,32.919943762979564],[130.440673828125,32.919943762979564],[130.440673828125,32.91879097277369]]],[[[129.78561401367188,32.91763816755187],[129.7869873046875,32.91763816755187],[129.7869873046875,32.91879097277369],[129.78561401367188,32.91879097277369],[129.78561401367188,32.91763816755187]]],[[[129.80072021484375,32.91763816755187],[129.80209350585938,32.91763816755187],[129.80209350585938,32.91879097277369],[129.80072021484375,32.91879097277369],[129.80072021484375,32.91763816755187]]],[[[129.91058349609375,32.91763816755187],[129.92156982421875,32.91763816755187],[129.92156982421875,32.91879097277369],[129.91058349609375,32.91879097277369],[129.91058349609375,32.91763816755187]]],[[[129.93255615234375,32.91763816755187],[129.93392944335938,32.91763816755187],[129.93392944335938,32.91879097277369],[129.93255615234375,32.91879097277369],[129.93255615234375,32.91763816755187]]],[[[129.93804931640625,32.91763816755187],[129.9407958984375,32.91763816755187],[129.9407958984375,32.91879097277369],[129.93804931640625,32.91879097277369],[129.93804931640625,32.91763816755187]]],[[[130.44204711914062,32.91763816755187],[130.45989990234375,32.91763816755187],[130.45989990234375,32.91879097277369],[130.44204711914062,32.91879097277369],[130.44204711914062,32.91763816755187]]],[[[130.46127319335938,32.91763816755187],[130.46401977539062,32.91763816755187],[130.46401977539062,32.91879097277369],[130.46127319335938,32.91879097277369],[130.46127319335938,32.91763816755187]]],[[[129.7979736328125,32.91648534731439],[129.80072021484375,32.91648534731439],[129.80072021484375,32.91763816755187],[129.7979736328125,32.91763816755187],[129.7979736328125,32.91648534731439]]],[[[129.91195678710938,32.91648534731439],[129.92294311523438,32.91648534731439],[129.92294311523438,32.91763816755187],[129.91195678710938,32.91763816755187],[129.91195678710938,32.91648534731439]]],[[[129.93942260742188,32.91648534731439],[129.94216918945312,32.91648534731439],[129.94216918945312,32.91763816755187],[129.93942260742188,32.91763816755187],[129.93942260742188,32.91648534731439]]],[[[130.18661499023438,32.91648534731439],[130.18798828125,32.91648534731439],[130.18798828125,32.91763816755187],[130.18661499023438,32.91763816755187],[130.18661499023438,32.91648534731439]]],[[[130.44342041015625,32.91648534731439],[130.45989990234375,32.91648534731439],[130.45989990234375,32.91763816755187],[130.44342041015625,32.91763816755187],[130.44342041015625,32.91648534731439]]],[[[130.46127319335938,32.91648534731439],[130.46539306640625,32.91648534731439],[130.46539306640625,32.91763816755187],[130.46127319335938,32.91763816755187],[130.46127319335938,32.91648534731439]]],[[[129.78973388671875,32.91533251206152],[129.79110717773438,32.91533251206152],[129.79110717773438,32.91648534731439],[129.78973388671875,32.91648534731439],[129.78973388671875,32.91533251206152]]],[[[129.90509033203125,32.91533251206152],[129.90646362304688,32.91533251206152],[129.90646362304688,32.91648534731439],[129.90509033203125,32.91648534731439],[129.90509033203125,32.91533251206152]]],[[[129.913330078125,32.91533251206152],[129.92431640625,32.91533251206152],[129.92431640625,32.91648534731439],[129.913330078125,32.91648534731439],[129.913330078125,32.91533251206152]]],[[[129.93942260742188,32.91533251206152],[129.94354248046875,32.91533251206152],[129.94354248046875,32.91648534731439],[129.93942260742188,32.91648534731439],[129.93942260742188,32.91533251206152]]],[[[130.17288208007812,32.91533251206152],[130.17425537109375,32.91533251206152],[130.17425537109375,32.91648534731439],[130.17288208007812,32.91648534731439],[130.17288208007812,32.91533251206152]]],[[[130.18112182617188,32.91533251206152],[130.1824951171875,32.91533251206152],[130.1824951171875,32.91648534731439],[130.18112182617188,32.91648534731439],[130.18112182617188,32.91533251206152]]],[[[130.44479370117188,32.91533251206152],[130.45989990234375,32.91533251206152],[130.45989990234375,32.91648534731439],[130.44479370117188,32.91648534731439],[130.44479370117188,32.91533251206152]]],[[[130.46127319335938,32.91533251206152],[130.46401977539062,32.91533251206152],[130.46401977539062,32.91648534731439],[130.46127319335938,32.91648534731439],[130.46127319335938,32.91533251206152]]],[[[129.78561401367188,32.9141796617935],[129.7869873046875,32.9141796617935],[129.7869873046875,32.91533251206152],[129.78561401367188,32.91533251206152],[129.78561401367188,32.9141796617935]]],[[[129.79385375976562,32.9141796617935],[129.79522705078125,32.9141796617935],[129.79522705078125,32.91533251206152],[129.79385375976562,32.91533251206152],[129.79385375976562,32.9141796617935]]],[[[129.79660034179688,32.9141796617935],[129.7979736328125,32.9141796617935],[129.7979736328125,32.91648534731439],[129.79660034179688,32.91648534731439],[129.79660034179688,32.9141796617935]]],[[[129.9188232421875,32.9141796617935],[129.92568969726562,32.9141796617935],[129.92568969726562,32.91533251206152],[129.9188232421875,32.91533251206152],[129.9188232421875,32.9141796617935]]],[[[129.9407958984375,32.9141796617935],[129.9462890625,32.9141796617935],[129.9462890625,32.91533251206152],[129.9407958984375,32.91533251206152],[129.9407958984375,32.9141796617935]]],[[[130.166015625,32.9141796617935],[130.16876220703125,32.9141796617935],[130.16876220703125,32.91533251206152],[130.166015625,32.91533251206152],[130.166015625,32.9141796617935]]],[[[130.17562866210938,32.9141796617935],[130.177001953125,32.9141796617935],[130.177001953125,32.91533251206152],[130.17562866210938,32.91533251206152],[130.17562866210938,32.9141796617935]]],[[[130.17974853515625,32.9141796617935],[130.1824951171875,32.9141796617935],[130.1824951171875,32.91533251206152],[130.17974853515625,32.91533251206152],[130.17974853515625,32.9141796617935]]],[[[130.44342041015625,32.9141796617935],[130.45852661132812,32.9141796617935],[130.45852661132812,32.91533251206152],[130.44342041015625,32.91533251206152],[130.44342041015625,32.9141796617935]]],[[[130.45989990234375,32.9141796617935],[130.46401977539062,32.9141796617935],[130.46401977539062,32.91533251206152],[130.45989990234375,32.91533251206152],[130.45989990234375,32.9141796617935]]],[[[129.80072021484375,32.91302679651065],[129.803466796875,32.91302679651065],[129.803466796875,32.9141796617935],[129.80072021484375,32.9141796617935],[129.80072021484375,32.91302679651065]]],[[[129.90646362304688,32.91302679651065],[129.9078369140625,32.91302679651065],[129.9078369140625,32.9141796617935],[129.90646362304688,32.9141796617935],[129.90646362304688,32.91302679651065]]],[[[129.94354248046875,32.91302679651065],[129.94903564453125,32.91302679651065],[129.94903564453125,32.9141796617935],[129.94354248046875,32.9141796617935],[129.94354248046875,32.91302679651065]]],[[[130.166015625,32.91302679651065],[130.16738891601562,32.91302679651065],[130.16738891601562,32.9141796617935],[130.166015625,32.9141796617935],[130.166015625,32.91302679651065]]],[[[130.18386840820312,32.91302679651065],[130.18524169921875,32.91302679651065],[130.18524169921875,32.9141796617935],[130.18386840820312,32.9141796617935],[130.18386840820312,32.91302679651065]]],[[[130.44479370117188,32.91302679651065],[130.45852661132812,32.91302679651065],[130.45852661132812,32.9141796617935],[130.44479370117188,32.9141796617935],[130.44479370117188,32.91302679651065]]],[[[130.45989990234375,32.91302679651065],[130.4681396484375,32.91302679651065],[130.4681396484375,32.9141796617935],[130.45989990234375,32.9141796617935],[130.45989990234375,32.91302679651065]]],[[[129.78424072265625,32.9118739162132],[129.78561401367188,32.9118739162132],[129.78561401367188,32.9141796617935],[129.78424072265625,32.9141796617935],[129.78424072265625,32.9118739162132]]],[[[129.78836059570312,32.9118739162132],[129.78973388671875,32.9118739162132],[129.78973388671875,32.9141796617935],[129.78836059570312,32.9141796617935],[129.78836059570312,32.9118739162132]]],[[[129.79110717773438,32.9118739162132],[129.79248046875,32.9118739162132],[129.79248046875,32.91302679651065],[129.79110717773438,32.91302679651065],[129.79110717773438,32.9118739162132]]],[[[129.80209350585938,32.9118739162132],[129.803466796875,32.9118739162132],[129.803466796875,32.91302679651065],[129.80209350585938,32.91302679651065],[129.80209350585938,32.9118739162132]]],[[[129.80484008789062,32.9118739162132],[129.80758666992188,32.9118739162132],[129.80758666992188,32.91302679651065],[129.80484008789062,32.91302679651065],[129.80484008789062,32.9118739162132]]],[[[129.9078369140625,32.9118739162132],[129.90921020507812,32.9118739162132],[129.90921020507812,32.91302679651065],[129.9078369140625,32.91302679651065],[129.9078369140625,32.9118739162132]]],[[[129.92019653320312,32.9118739162132],[129.92706298828125,32.9118739162132],[129.92706298828125,32.9141796617935],[129.92019653320312,32.9141796617935],[129.92019653320312,32.9118739162132]]],[[[129.94354248046875,32.9118739162132],[129.95040893554688,32.9118739162132],[129.95040893554688,32.91302679651065],[129.94354248046875,32.91302679651065],[129.94354248046875,32.9118739162132]]],[[[130.166015625,32.9118739162132],[130.16876220703125,32.9118739162132],[130.16876220703125,32.91302679651065],[130.166015625,32.91302679651065],[130.166015625,32.9118739162132]]],[[[130.4461669921875,32.9118739162132],[130.45578002929688,32.9118739162132],[130.45578002929688,32.91302679651065],[130.4461669921875,32.91302679651065],[130.4461669921875,32.9118739162132]]],[[[129.92019653320312,32.91072102090145],[129.92431640625,32.91072102090145],[129.92431640625,32.9118739162132],[129.92019653320312,32.9118739162132],[129.92019653320312,32.91072102090145]]],[[[129.9462890625,32.91072102090145],[129.95315551757812,32.91072102090145],[129.95315551757812,32.9118739162132],[129.9462890625,32.9118739162132],[129.9462890625,32.91072102090145]]],[[[130.166015625,32.91072102090145],[130.16738891601562,32.91072102090145],[130.16738891601562,32.9118739162132],[130.166015625,32.9118739162132],[130.166015625,32.91072102090145]]],[[[130.44754028320312,32.91072102090145],[130.45578002929688,32.91072102090145],[130.45578002929688,32.9118739162132],[130.44754028320312,32.9118739162132],[130.44754028320312,32.91072102090145]]],[[[130.46127319335938,32.91072102090145],[130.4681396484375,32.91072102090145],[130.4681396484375,32.91302679651065],[130.46127319335938,32.91302679651065],[130.46127319335938,32.91072102090145]]],[[[129.79660034179688,32.909568110575655],[129.7979736328125,32.909568110575655],[129.7979736328125,32.91072102090145],[129.79660034179688,32.91072102090145],[129.79660034179688,32.909568110575655]]],[[[129.91058349609375,32.909568110575655],[129.91195678710938,32.909568110575655],[129.91195678710938,32.9118739162132],[129.91058349609375,32.9118739162132],[129.91058349609375,32.909568110575655]]],[[[129.92156982421875,32.909568110575655],[129.92568969726562,32.909568110575655],[129.92568969726562,32.91072102090145],[129.92156982421875,32.91072102090145],[129.92156982421875,32.909568110575655]]],[[[129.94491577148438,32.909568110575655],[129.95590209960938,32.909568110575655],[129.95590209960938,32.91072102090145],[129.94491577148438,32.91072102090145],[129.94491577148438,32.909568110575655]]],[[[130.16464233398438,32.909568110575655],[130.16738891601562,32.909568110575655],[130.16738891601562,32.91072102090145],[130.16464233398438,32.91072102090145],[130.16464233398438,32.909568110575655]]],[[[130.44891357421875,32.909568110575655],[130.45440673828125,32.909568110575655],[130.45440673828125,32.91072102090145],[130.44891357421875,32.91072102090145],[130.44891357421875,32.909568110575655]]],[[[130.45989990234375,32.909568110575655],[130.4681396484375,32.909568110575655],[130.4681396484375,32.91072102090145],[130.45989990234375,32.91072102090145],[130.45989990234375,32.909568110575655]]],[[[129.78424072265625,32.908415185236095],[129.78561401367188,32.908415185236095],[129.78561401367188,32.909568110575655],[129.78424072265625,32.909568110575655],[129.78424072265625,32.908415185236095]]],[[[129.79110717773438,32.908415185236095],[129.79248046875,32.908415185236095],[129.79248046875,32.91072102090145],[129.79110717773438,32.91072102090145],[129.79110717773438,32.908415185236095]]],[[[129.79522705078125,32.908415185236095],[129.7979736328125,32.908415185236095],[129.7979736328125,32.909568110575655],[129.79522705078125,32.909568110575655],[129.79522705078125,32.908415185236095]]],[[[129.80072021484375,32.908415185236095],[129.80621337890625,32.908415185236095],[129.80621337890625,32.909568110575655],[129.80072021484375,32.909568110575655],[129.80072021484375,32.908415185236095]]],[[[129.94491577148438,32.908415185236095],[129.9462890625,32.908415185236095],[129.9462890625,32.909568110575655],[129.94491577148438,32.909568110575655],[129.94491577148438,32.908415185236095]]],[[[130.16464233398438,32.908415185236095],[130.166015625,32.908415185236095],[130.166015625,32.909568110575655],[130.16464233398438,32.909568110575655],[130.16464233398438,32.908415185236095]]],[[[130.45028686523438,32.908415185236095],[130.45303344726562,32.908415185236095],[130.45303344726562,32.909568110575655],[130.45028686523438,32.909568110575655],[130.45028686523438,32.908415185236095]]],[[[130.45989990234375,32.908415185236095],[130.46539306640625,32.908415185236095],[130.46539306640625,32.909568110575655],[130.45989990234375,32.909568110575655],[130.45989990234375,32.908415185236095]]],[[[129.78286743164062,32.90726224488303],[129.78561401367188,32.90726224488303],[129.78561401367188,32.908415185236095],[129.78286743164062,32.908415185236095],[129.78286743164062,32.90726224488303]]],[[[129.79522705078125,32.90726224488303],[129.79660034179688,32.90726224488303],[129.79660034179688,32.908415185236095],[129.79522705078125,32.908415185236095],[129.79522705078125,32.90726224488303]]],[[[129.92156982421875,32.90726224488303],[129.92706298828125,32.90726224488303],[129.92706298828125,32.909568110575655],[129.92156982421875,32.909568110575655],[129.92156982421875,32.90726224488303]]],[[[129.94766235351562,32.90726224488303],[129.96002197265625,32.90726224488303],[129.96002197265625,32.909568110575655],[129.94766235351562,32.909568110575655],[129.94766235351562,32.90726224488303]]],[[[130.15777587890625,32.90726224488303],[130.15914916992188,32.90726224488303],[130.15914916992188,32.908415185236095],[130.15777587890625,32.908415185236095],[130.15777587890625,32.90726224488303]]],[[[130.16326904296875,32.90726224488303],[130.166015625,32.90726224488303],[130.166015625,32.908415185236095],[130.16326904296875,32.908415185236095],[130.16326904296875,32.90726224488303]]],[[[130.45852661132812,32.90726224488303],[130.46401977539062,32.90726224488303],[130.46401977539062,32.908415185236095],[130.45852661132812,32.908415185236095],[130.45852661132812,32.90726224488303]]],[[[129.80621337890625,32.906109289516756],[129.80758666992188,32.906109289516756],[129.80758666992188,32.908415185236095],[129.80621337890625,32.908415185236095],[129.80621337890625,32.906109289516756]]],[[[129.913330078125,32.906109289516756],[129.91470336914062,32.906109289516756],[129.91470336914062,32.90726224488303],[129.913330078125,32.90726224488303],[129.913330078125,32.906109289516756]]],[[[129.92019653320312,32.906109289516756],[129.92706298828125,32.906109289516756],[129.92706298828125,32.90726224488303],[129.92019653320312,32.90726224488303],[129.92019653320312,32.906109289516756]]],[[[129.94903564453125,32.906109289516756],[129.9627685546875,32.906109289516756],[129.9627685546875,32.90726224488303],[129.94903564453125,32.90726224488303],[129.94903564453125,32.906109289516756]]],[[[130.15640258789062,32.906109289516756],[130.15914916992188,32.906109289516756],[130.15914916992188,32.90726224488303],[130.15640258789062,32.90726224488303],[130.15640258789062,32.906109289516756]]],[[[130.16189575195312,32.906109289516756],[130.16464233398438,32.906109289516756],[130.16464233398438,32.90726224488303],[130.16189575195312,32.90726224488303],[130.16189575195312,32.906109289516756]]],[[[130.4571533203125,32.906109289516756],[130.462646484375,32.906109289516756],[130.462646484375,32.90726224488303],[130.4571533203125,32.90726224488303],[130.4571533203125,32.906109289516756]]],[[[130.46401977539062,32.906109289516756],[130.4681396484375,32.906109289516756],[130.4681396484375,32.90726224488303],[130.46401977539062,32.90726224488303],[130.46401977539062,32.906109289516756]]],[[[129.78286743164062,32.90495631913752],[129.7869873046875,32.90495631913752],[129.7869873046875,32.90726224488303],[129.78286743164062,32.90726224488303],[129.78286743164062,32.90495631913752]]],[[[129.78973388671875,32.90495631913752],[129.79110717773438,32.90495631913752],[129.79110717773438,32.906109289516756],[129.78973388671875,32.906109289516756],[129.78973388671875,32.90495631913752]]],[[[129.92019653320312,32.90495631913752],[129.92568969726562,32.90495631913752],[129.92568969726562,32.906109289516756],[129.92019653320312,32.906109289516756],[129.92019653320312,32.90495631913752]]],[[[129.9517822265625,32.90495631913752],[129.95864868164062,32.90495631913752],[129.95864868164062,32.906109289516756],[129.9517822265625,32.906109289516756],[129.9517822265625,32.90495631913752]]],[[[130.45578002929688,32.90495631913752],[130.47088623046875,32.90495631913752],[130.47088623046875,32.906109289516756],[130.45578002929688,32.906109289516756],[130.45578002929688,32.90495631913752]]],[[[130.47500610351562,32.90495631913752],[130.4791259765625,32.90495631913752],[130.4791259765625,32.906109289516756],[130.47500610351562,32.906109289516756],[130.47500610351562,32.90495631913752]]],[[[129.78286743164062,32.90380333374559],[129.78836059570312,32.90380333374559],[129.78836059570312,32.90495631913752],[129.78286743164062,32.90495631913752],[129.78286743164062,32.90380333374559]]],[[[129.94216918945312,32.90380333374559],[129.94354248046875,32.90380333374559],[129.94354248046875,32.90495631913752],[129.94216918945312,32.90495631913752],[129.94216918945312,32.90380333374559]]],[[[129.95452880859375,32.90380333374559],[129.95864868164062,32.90380333374559],[129.95864868164062,32.90495631913752],[129.95452880859375,32.90495631913752],[129.95452880859375,32.90380333374559]]],[[[130.4571533203125,32.90380333374559],[130.48324584960938,32.90380333374559],[130.48324584960938,32.90495631913752],[130.4571533203125,32.90495631913752],[130.4571533203125,32.90380333374559]]],[[[129.80484008789062,32.902650333341256],[129.80621337890625,32.902650333341256],[129.80621337890625,32.906109289516756],[129.80484008789062,32.906109289516756],[129.80484008789062,32.902650333341256]]],[[[129.9517822265625,32.902650333341256],[129.95864868164062,32.902650333341256],[129.95864868164062,32.90380333374559],[129.9517822265625,32.90380333374559],[129.9517822265625,32.902650333341256]]],[[[130.15640258789062,32.902650333341256],[130.15777587890625,32.902650333341256],[130.15777587890625,32.90495631913752],[130.15640258789062,32.90495631913752],[130.15640258789062,32.902650333341256]]],[[[130.45852661132812,32.902650333341256],[130.47500610351562,32.902650333341256],[130.47500610351562,32.90380333374559],[130.45852661132812,32.90380333374559],[130.45852661132812,32.902650333341256]]],[[[130.4791259765625,32.902650333341256],[130.484619140625,32.902650333341256],[130.484619140625,32.90380333374559],[130.4791259765625,32.90380333374559],[130.4791259765625,32.902650333341256]]],[[[129.95040893554688,32.90149731792478],[129.957275390625,32.90149731792478],[129.957275390625,32.902650333341256],[129.95040893554688,32.902650333341256],[129.95040893554688,32.90149731792478]]],[[[130.133056640625,32.90149731792478],[130.13580322265625,32.90149731792478],[130.13580322265625,32.902650333341256],[130.133056640625,32.902650333341256],[130.133056640625,32.90149731792478]]],[[[130.15365600585938,32.90149731792478],[130.15640258789062,32.90149731792478],[130.15640258789062,32.902650333341256],[130.15365600585938,32.902650333341256],[130.15365600585938,32.90149731792478]]],[[[130.45989990234375,32.90149731792478],[130.46401977539062,32.90149731792478],[130.46401977539062,32.902650333341256],[130.45989990234375,32.902650333341256],[130.45989990234375,32.90149731792478]]],[[[130.46676635742188,32.90149731792478],[130.4736328125,32.90149731792478],[130.4736328125,32.902650333341256],[130.46676635742188,32.902650333341256],[130.46676635742188,32.90149731792478]]],[[[130.48049926757812,32.90149731792478],[130.48873901367188,32.90149731792478],[130.48873901367188,32.902650333341256],[130.48049926757812,32.902650333341256],[130.48049926757812,32.90149731792478]]],[[[130.15365600585938,32.90034428749643],[130.155029296875,32.90034428749643],[130.155029296875,32.90149731792478],[130.15365600585938,32.90149731792478],[130.15365600585938,32.90034428749643]]],[[[130.46127319335938,32.90034428749643],[130.46401977539062,32.90034428749643],[130.46401977539062,32.90149731792478],[130.46127319335938,32.90149731792478],[130.46127319335938,32.90034428749643]]],[[[130.46951293945312,32.90034428749643],[130.47225952148438,32.90034428749643],[130.47225952148438,32.90149731792478],[130.46951293945312,32.90149731792478],[130.46951293945312,32.90034428749643]]],[[[130.48187255859375,32.90034428749643],[130.4901123046875,32.90034428749643],[130.4901123046875,32.90149731792478],[130.48187255859375,32.90149731792478],[130.48187255859375,32.90034428749643]]],[[[129.80484008789062,32.89919124205649],[129.80621337890625,32.89919124205649],[129.80621337890625,32.90034428749643],[129.80484008789062,32.90034428749643],[129.80484008789062,32.89919124205649]]],[[[129.94903564453125,32.89919124205649],[129.95452880859375,32.89919124205649],[129.95452880859375,32.90149731792478],[129.94903564453125,32.90149731792478],[129.94903564453125,32.89919124205649]]],[[[130.13168334960938,32.89919124205649],[130.13717651367188,32.89919124205649],[130.13717651367188,32.90149731792478],[130.13168334960938,32.90149731792478],[130.13168334960938,32.89919124205649]]],[[[130.14816284179688,32.89919124205649],[130.15090942382812,32.89919124205649],[130.15090942382812,32.90034428749643],[130.14816284179688,32.90034428749643],[130.14816284179688,32.89919124205649]]],[[[130.15228271484375,32.89919124205649],[130.155029296875,32.89919124205649],[130.155029296875,32.90034428749643],[130.15228271484375,32.90034428749643],[130.15228271484375,32.89919124205649]]],[[[130.484619140625,32.89919124205649],[130.49285888671875,32.89919124205649],[130.49285888671875,32.90034428749643],[130.484619140625,32.90034428749643],[130.484619140625,32.89919124205649]]],[[[129.93942260742188,32.898038181605216],[129.94216918945312,32.898038181605216],[129.94216918945312,32.89919124205649],[129.93942260742188,32.89919124205649],[129.93942260742188,32.898038181605216]]],[[[129.9517822265625,32.898038181605216],[129.95452880859375,32.898038181605216],[129.95452880859375,32.89919124205649],[129.9517822265625,32.89919124205649],[129.9517822265625,32.898038181605216]]],[[[130.12344360351562,32.898038181605216],[130.1275634765625,32.898038181605216],[130.1275634765625,32.89919124205649],[130.12344360351562,32.89919124205649],[130.12344360351562,32.898038181605216]]],[[[130.12893676757812,32.898038181605216],[130.13168334960938,32.898038181605216],[130.13168334960938,32.89919124205649],[130.12893676757812,32.89919124205649],[130.12893676757812,32.898038181605216]]],[[[130.14404296875,32.898038181605216],[130.15365600585938,32.898038181605216],[130.15365600585938,32.89919124205649],[130.14404296875,32.89919124205649],[130.14404296875,32.898038181605216]]],[[[130.48599243164062,32.898038181605216],[130.49423217773438,32.898038181605216],[130.49423217773438,32.89919124205649],[130.48599243164062,32.89919124205649],[130.48599243164062,32.898038181605216]]],[[[130.49972534179688,32.898038181605216],[130.5010986328125,32.898038181605216],[130.5010986328125,32.89919124205649],[130.49972534179688,32.89919124205649],[130.49972534179688,32.898038181605216]]],[[[129.95040893554688,32.896885106142896],[129.95315551757812,32.896885106142896],[129.95315551757812,32.898038181605216],[129.95040893554688,32.898038181605216],[129.95040893554688,32.896885106142896]]],[[[130.12481689453125,32.896885106142896],[130.1275634765625,32.896885106142896],[130.1275634765625,32.898038181605216],[130.12481689453125,32.898038181605216],[130.12481689453125,32.896885106142896]]],[[[130.13580322265625,32.896885106142896],[130.1385498046875,32.896885106142896],[130.1385498046875,32.89919124205649],[130.13580322265625,32.89919124205649],[130.13580322265625,32.896885106142896]]],[[[130.14129638671875,32.896885106142896],[130.14816284179688,32.896885106142896],[130.14816284179688,32.898038181605216],[130.14129638671875,32.898038181605216],[130.14129638671875,32.896885106142896]]],[[[130.1495361328125,32.896885106142896],[130.15365600585938,32.896885106142896],[130.15365600585938,32.898038181605216],[130.1495361328125,32.898038181605216],[130.1495361328125,32.896885106142896]]],[[[130.48736572265625,32.896885106142896],[130.49423217773438,32.896885106142896],[130.49423217773438,32.898038181605216],[130.48736572265625,32.898038181605216],[130.48736572265625,32.896885106142896]]],[[[130.49697875976562,32.896885106142896],[130.50247192382812,32.896885106142896],[130.50247192382812,32.898038181605216],[130.49697875976562,32.898038181605216],[130.49697875976562,32.896885106142896]]],[[[129.80484008789062,32.89573201566979],[129.80621337890625,32.89573201566979],[129.80621337890625,32.898038181605216],[129.80484008789062,32.898038181605216],[129.80484008789062,32.89573201566979]]],[[[129.9517822265625,32.89573201566979],[129.95452880859375,32.89573201566979],[129.95452880859375,32.896885106142896],[129.9517822265625,32.896885106142896],[129.9517822265625,32.89573201566979]]],[[[130.12481689453125,32.89573201566979],[130.12619018554688,32.89573201566979],[130.12619018554688,32.896885106142896],[130.12481689453125,32.896885106142896],[130.12481689453125,32.89573201566979]]],[[[130.1385498046875,32.89573201566979],[130.14678955078125,32.89573201566979],[130.14678955078125,32.896885106142896],[130.1385498046875,32.896885106142896],[130.1385498046875,32.89573201566979]]],[[[130.15228271484375,32.89573201566979],[130.155029296875,32.89573201566979],[130.155029296875,32.896885106142896],[130.15228271484375,32.896885106142896],[130.15228271484375,32.89573201566979]]],[[[130.48873901367188,32.89573201566979],[130.50384521484375,32.89573201566979],[130.50384521484375,32.896885106142896],[130.48873901367188,32.896885106142896],[130.48873901367188,32.89573201566979]]],[[[129.8089599609375,32.894578910186176],[129.81170654296875,32.894578910186176],[129.81170654296875,32.89573201566979],[129.8089599609375,32.89573201566979],[129.8089599609375,32.894578910186176]]],[[[129.85702514648438,32.894578910186176],[129.8583984375,32.894578910186176],[129.8583984375,32.89573201566979],[129.85702514648438,32.89573201566979],[129.85702514648438,32.894578910186176]]],[[[129.9517822265625,32.894578910186176],[129.95864868164062,32.894578910186176],[129.95864868164062,32.89573201566979],[129.9517822265625,32.89573201566979],[129.9517822265625,32.894578910186176]]],[[[130.15365600585938,32.894578910186176],[130.155029296875,32.894578910186176],[130.155029296875,32.89573201566979],[130.15365600585938,32.89573201566979],[130.15365600585938,32.894578910186176]]],[[[130.49148559570312,32.894578910186176],[130.50521850585938,32.894578910186176],[130.50521850585938,32.89573201566979],[130.49148559570312,32.89573201566979],[130.49148559570312,32.894578910186176]]],[[[130.52169799804688,32.894578910186176],[130.5230712890625,32.894578910186176],[130.5230712890625,32.89573201566979],[130.52169799804688,32.89573201566979],[130.52169799804688,32.894578910186176]]],[[[129.80484008789062,32.89342578969232],[129.81170654296875,32.89342578969232],[129.81170654296875,32.894578910186176],[129.80484008789062,32.894578910186176],[129.80484008789062,32.89342578969232]]],[[[129.85427856445312,32.89342578969232],[129.85565185546875,32.89342578969232],[129.85565185546875,32.894578910186176],[129.85427856445312,32.894578910186176],[129.85427856445312,32.89342578969232]]],[[[129.85702514648438,32.89342578969232],[129.85977172851562,32.89342578969232],[129.85977172851562,32.894578910186176],[129.85702514648438,32.894578910186176],[129.85702514648438,32.89342578969232]]],[[[130.1220703125,32.89342578969232],[130.13031005859375,32.89342578969232],[130.13031005859375,32.89573201566979],[130.1220703125,32.89573201566979],[130.1220703125,32.89342578969232]]],[[[130.49285888671875,32.89342578969232],[130.506591796875,32.89342578969232],[130.506591796875,32.894578910186176],[130.49285888671875,32.894578910186176],[130.49285888671875,32.89342578969232]]],[[[130.5120849609375,32.89342578969232],[130.51483154296875,32.89342578969232],[130.51483154296875,32.894578910186176],[130.5120849609375,32.894578910186176],[130.5120849609375,32.89342578969232]]],[[[130.51620483398438,32.89342578969232],[130.52581787109375,32.89342578969232],[130.52581787109375,32.894578910186176],[130.51620483398438,32.894578910186176],[130.51620483398438,32.89342578969232]]],[[[129.85702514648438,32.8922726541885],[129.8583984375,32.8922726541885],[129.8583984375,32.89342578969232],[129.85702514648438,32.89342578969232],[129.85702514648438,32.8922726541885]]],[[[130.15365600585938,32.8922726541885],[130.15640258789062,32.8922726541885],[130.15640258789062,32.894578910186176],[130.15365600585938,32.894578910186176],[130.15365600585938,32.8922726541885]]],[[[130.49423217773438,32.8922726541885],[130.52719116210938,32.8922726541885],[130.52719116210938,32.89342578969232],[130.49423217773438,32.89342578969232],[130.49423217773438,32.8922726541885]]],[[[129.81033325195312,32.89111950367498],[129.81170654296875,32.89111950367498],[129.81170654296875,32.89342578969232],[129.81033325195312,32.89342578969232],[129.81033325195312,32.89111950367498]]],[[[129.83642578125,32.89111950367498],[129.83779907226562,32.89111950367498],[129.83779907226562,32.8922726541885],[129.83642578125,32.8922726541885],[129.83642578125,32.89111950367498]]],[[[129.95590209960938,32.89111950367498],[129.957275390625,32.89111950367498],[129.957275390625,32.894578910186176],[129.95590209960938,32.894578910186176],[129.95590209960938,32.89111950367498]]],[[[129.96414184570312,32.89111950367498],[129.96963500976562,32.89111950367498],[129.96963500976562,32.8922726541885],[129.96414184570312,32.8922726541885],[129.96414184570312,32.89111950367498]]],[[[130.155029296875,32.89111950367498],[130.15777587890625,32.89111950367498],[130.15777587890625,32.8922726541885],[130.155029296875,32.8922726541885],[130.155029296875,32.89111950367498]]],[[[130.49972534179688,32.89111950367498],[130.52719116210938,32.89111950367498],[130.52719116210938,32.8922726541885],[130.49972534179688,32.8922726541885],[130.49972534179688,32.89111950367498]]],[[[129.83917236328125,32.88996633815204],[129.84054565429688,32.88996633815204],[129.84054565429688,32.89111950367498],[129.83917236328125,32.89111950367498],[129.83917236328125,32.88996633815204]]],[[[129.95452880859375,32.88996633815204],[129.95590209960938,32.88996633815204],[129.95590209960938,32.89111950367498],[129.95452880859375,32.89111950367498],[129.95452880859375,32.88996633815204]]],[[[129.957275390625,32.88996633815204],[129.95864868164062,32.88996633815204],[129.95864868164062,32.89111950367498],[129.957275390625,32.89111950367498],[129.957275390625,32.88996633815204]]],[[[129.9627685546875,32.88996633815204],[129.96414184570312,32.88996633815204],[129.96414184570312,32.89111950367498],[129.9627685546875,32.89111950367498],[129.9627685546875,32.88996633815204]]],[[[129.96551513671875,32.88996633815204],[129.96688842773438,32.88996633815204],[129.96688842773438,32.89111950367498],[129.96551513671875,32.89111950367498],[129.96551513671875,32.88996633815204]]],[[[129.96826171875,32.88996633815204],[129.96963500976562,32.88996633815204],[129.96963500976562,32.89111950367498],[129.96826171875,32.89111950367498],[129.96826171875,32.88996633815204]]],[[[130.1220703125,32.88996633815204],[130.13168334960938,32.88996633815204],[130.13168334960938,32.89342578969232],[130.1220703125,32.89342578969232],[130.1220703125,32.88996633815204]]],[[[130.50247192382812,32.88996633815204],[130.528564453125,32.88996633815204],[130.528564453125,32.89111950367498],[130.50247192382812,32.89111950367498],[130.50247192382812,32.88996633815204]]],[[[129.83642578125,32.88881315761995],[129.83779907226562,32.88881315761995],[129.83779907226562,32.88996633815204],[129.83642578125,32.88996633815204],[129.83642578125,32.88881315761995]]],[[[129.96963500976562,32.88881315761995],[129.9737548828125,32.88881315761995],[129.9737548828125,32.88996633815204],[129.96963500976562,32.88996633815204],[129.96963500976562,32.88881315761995]]],[[[130.11383056640625,32.88881315761995],[130.11795043945312,32.88881315761995],[130.11795043945312,32.88996633815204],[130.11383056640625,32.88996633815204],[130.11383056640625,32.88881315761995]]],[[[130.12069702148438,32.88881315761995],[130.13168334960938,32.88881315761995],[130.13168334960938,32.88996633815204],[130.12069702148438,32.88996633815204],[130.12069702148438,32.88881315761995]]],[[[130.15640258789062,32.88881315761995],[130.15914916992188,32.88881315761995],[130.15914916992188,32.89111950367498],[130.15640258789062,32.89111950367498],[130.15640258789062,32.88881315761995]]],[[[130.50521850585938,32.88881315761995],[130.528564453125,32.88881315761995],[130.528564453125,32.88996633815204],[130.50521850585938,32.88996633815204],[130.50521850585938,32.88881315761995]]],[[[129.8089599609375,32.88765996207896],[129.81033325195312,32.88765996207896],[129.81033325195312,32.88881315761995],[129.8089599609375,32.88881315761995],[129.8089599609375,32.88765996207896]]],[[[130.111083984375,32.88765996207896],[130.13031005859375,32.88765996207896],[130.13031005859375,32.88881315761995],[130.111083984375,32.88881315761995],[130.111083984375,32.88765996207896]]],[[[130.15777587890625,32.88765996207896],[130.1605224609375,32.88765996207896],[130.1605224609375,32.88881315761995],[130.15777587890625,32.88881315761995],[130.15777587890625,32.88765996207896]]],[[[130.50796508789062,32.88765996207896],[130.52993774414062,32.88765996207896],[130.52993774414062,32.88881315761995],[130.50796508789062,32.88881315761995],[130.50796508789062,32.88765996207896]]],[[[129.79110717773438,32.886506751529375],[129.79385375976562,32.886506751529375],[129.79385375976562,32.88765996207896],[129.79110717773438,32.88765996207896],[129.79110717773438,32.886506751529375]]],[[[129.97100830078125,32.886506751529375],[129.9737548828125,32.886506751529375],[129.9737548828125,32.88881315761995],[129.97100830078125,32.88881315761995],[129.97100830078125,32.886506751529375]]],[[[130.10971069335938,32.886506751529375],[130.12893676757812,32.886506751529375],[130.12893676757812,32.88765996207896],[130.10971069335938,32.88765996207896],[130.10971069335938,32.886506751529375]]],[[[130.50796508789062,32.886506751529375],[130.53131103515625,32.886506751529375],[130.53131103515625,32.88765996207896],[130.50796508789062,32.88765996207896],[130.50796508789062,32.886506751529375]]],[[[129.79110717773438,32.88535352597146],[129.79248046875,32.88535352597146],[129.79248046875,32.886506751529375],[129.79110717773438,32.886506751529375],[129.79110717773438,32.88535352597146]]],[[[129.80621337890625,32.88535352597146],[129.80758666992188,32.88535352597146],[129.80758666992188,32.886506751529375],[129.80621337890625,32.886506751529375],[129.80621337890625,32.88535352597146]]],[[[129.96551513671875,32.88535352597146],[129.96688842773438,32.88535352597146],[129.96688842773438,32.886506751529375],[129.96551513671875,32.886506751529375],[129.96551513671875,32.88535352597146]]],[[[129.97100830078125,32.88535352597146],[129.97238159179688,32.88535352597146],[129.97238159179688,32.886506751529375],[129.97100830078125,32.886506751529375],[129.97100830078125,32.88535352597146]]],[[[130.10833740234375,32.88535352597146],[130.12619018554688,32.88535352597146],[130.12619018554688,32.886506751529375],[130.10833740234375,32.886506751529375],[130.10833740234375,32.88535352597146]]],[[[130.15914916992188,32.88535352597146],[130.16189575195312,32.88535352597146],[130.16189575195312,32.88765996207896],[130.15914916992188,32.88765996207896],[130.15914916992188,32.88535352597146]]],[[[130.5120849609375,32.88535352597146],[130.53268432617188,32.88535352597146],[130.53268432617188,32.886506751529375],[130.5120849609375,32.886506751529375],[130.5120849609375,32.88535352597146]]],[[[130.1165771484375,32.88420028540546],[130.12481689453125,32.88420028540546],[130.12481689453125,32.88535352597146],[130.1165771484375,32.88535352597146],[130.1165771484375,32.88420028540546]]],[[[130.1605224609375,32.88420028540546],[130.16326904296875,32.88420028540546],[130.16326904296875,32.88535352597146],[130.1605224609375,32.88535352597146],[130.1605224609375,32.88420028540546]]],[[[130.5120849609375,32.88420028540546],[130.53543090820312,32.88420028540546],[130.53543090820312,32.88535352597146],[130.5120849609375,32.88535352597146],[130.5120849609375,32.88420028540546]]],[[[129.9627685546875,32.883047029831694],[129.96414184570312,32.883047029831694],[129.96414184570312,32.88420028540546],[129.9627685546875,32.88420028540546],[129.9627685546875,32.883047029831694]]],[[[130.11795043945312,32.883047029831694],[130.1220703125,32.883047029831694],[130.1220703125,32.88420028540546],[130.11795043945312,32.88420028540546],[130.11795043945312,32.883047029831694]]],[[[130.51483154296875,32.883047029831694],[130.53543090820312,32.883047029831694],[130.53543090820312,32.88420028540546],[130.51483154296875,32.88420028540546],[130.51483154296875,32.883047029831694]]],[[[129.79385375976562,32.88189375925039],[129.79522705078125,32.88189375925039],[129.79522705078125,32.883047029831694],[129.79385375976562,32.883047029831694],[129.79385375976562,32.88189375925039]]],[[[129.80209350585938,32.88189375925039],[129.803466796875,32.88189375925039],[129.803466796875,32.883047029831694],[129.80209350585938,32.883047029831694],[129.80209350585938,32.88189375925039]]],[[[129.88174438476562,32.88189375925039],[129.88311767578125,32.88189375925039],[129.88311767578125,32.883047029831694],[129.88174438476562,32.883047029831694],[129.88174438476562,32.88189375925039]]],[[[130.10833740234375,32.88189375925039],[130.10971069335938,32.88189375925039],[130.10971069335938,32.88535352597146],[130.10833740234375,32.88535352597146],[130.10833740234375,32.88189375925039]]],[[[130.16189575195312,32.88189375925039],[130.16464233398438,32.88189375925039],[130.16464233398438,32.88420028540546],[130.16189575195312,32.88420028540546],[130.16189575195312,32.88189375925039]]],[[[130.517578125,32.88189375925039],[130.53680419921875,32.88189375925039],[130.53680419921875,32.883047029831694],[130.517578125,32.883047029831694],[130.517578125,32.88189375925039]]],[[[129.79522705078125,32.88074047366183],[129.80072021484375,32.88074047366183],[129.80072021484375,32.88189375925039],[129.79522705078125,32.88189375925039],[129.79522705078125,32.88074047366183]]],[[[129.8089599609375,32.88074047366183],[129.81033325195312,32.88074047366183],[129.81033325195312,32.88189375925039],[129.8089599609375,32.88189375925039],[129.8089599609375,32.88074047366183]]],[[[129.9627685546875,32.88074047366183],[129.96414184570312,32.88074047366183],[129.96414184570312,32.88189375925039],[129.9627685546875,32.88189375925039],[129.9627685546875,32.88074047366183]]],[[[130.16326904296875,32.88074047366183],[130.166015625,32.88074047366183],[130.166015625,32.88189375925039],[130.16326904296875,32.88189375925039],[130.16326904296875,32.88074047366183]]],[[[130.29647827148438,32.88074047366183],[130.30059814453125,32.88074047366183],[130.30059814453125,32.88189375925039],[130.29647827148438,32.88189375925039],[130.29647827148438,32.88074047366183]]],[[[130.54229736328125,32.88074047366183],[130.5450439453125,32.88074047366183],[130.5450439453125,32.883047029831694],[130.54229736328125,32.883047029831694],[130.54229736328125,32.88074047366183]]],[[[129.78973388671875,32.8795871730663],[129.79110717773438,32.8795871730663],[129.79110717773438,32.88189375925039],[129.78973388671875,32.88189375925039],[129.78973388671875,32.8795871730663]]],[[[129.79934692382812,32.8795871730663],[129.80072021484375,32.8795871730663],[129.80072021484375,32.88074047366183],[129.79934692382812,32.88074047366183],[129.79934692382812,32.8795871730663]]],[[[129.803466796875,32.8795871730663],[129.80484008789062,32.8795871730663],[129.80484008789062,32.88189375925039],[129.803466796875,32.88189375925039],[129.803466796875,32.8795871730663]]],[[[129.87762451171875,32.8795871730663],[129.87899780273438,32.8795871730663],[129.87899780273438,32.88074047366183],[129.87762451171875,32.88074047366183],[129.87762451171875,32.8795871730663]]],[[[129.89822387695312,32.8795871730663],[129.89959716796875,32.8795871730663],[129.89959716796875,32.88074047366183],[129.89822387695312,32.88074047366183],[129.89822387695312,32.8795871730663]]],[[[130.10284423828125,32.8795871730663],[130.10833740234375,32.8795871730663],[130.10833740234375,32.88074047366183],[130.10284423828125,32.88074047366183],[130.10284423828125,32.8795871730663]]],[[[130.29510498046875,32.8795871730663],[130.30471801757812,32.8795871730663],[130.30471801757812,32.88074047366183],[130.29510498046875,32.88074047366183],[130.29510498046875,32.8795871730663]]],[[[130.51895141601562,32.8795871730663],[130.53680419921875,32.8795871730663],[130.53680419921875,32.88189375925039],[130.51895141601562,32.88189375925039],[130.51895141601562,32.8795871730663]]],[[[130.54092407226562,32.8795871730663],[130.5450439453125,32.8795871730663],[130.5450439453125,32.88074047366183],[130.54092407226562,32.88074047366183],[130.54092407226562,32.8795871730663]]],[[[130.10147094726562,32.87843385746406],[130.10833740234375,32.87843385746406],[130.10833740234375,32.8795871730663],[130.10147094726562,32.8795871730663],[130.10147094726562,32.87843385746406]]],[[[130.16464233398438,32.87843385746406],[130.16738891601562,32.87843385746406],[130.16738891601562,32.88074047366183],[130.16464233398438,32.88074047366183],[130.16464233398438,32.87843385746406]]],[[[130.29098510742188,32.87843385746406],[130.30471801757812,32.87843385746406],[130.30471801757812,32.8795871730663],[130.29098510742188,32.8795871730663],[130.29098510742188,32.87843385746406]]],[[[130.53955078125,32.87843385746406],[130.5450439453125,32.87843385746406],[130.5450439453125,32.8795871730663],[130.53955078125,32.8795871730663],[130.53955078125,32.87843385746406]]],[[[129.7979736328125,32.877280526855394],[129.79934692382812,32.877280526855394],[129.79934692382812,32.87843385746406],[129.7979736328125,32.87843385746406],[129.7979736328125,32.877280526855394]]],[[[129.87762451171875,32.877280526855394],[129.87899780273438,32.877280526855394],[129.87899780273438,32.87843385746406],[129.87762451171875,32.87843385746406],[129.87762451171875,32.877280526855394]]],[[[129.88311767578125,32.877280526855394],[129.88449096679688,32.877280526855394],[129.88449096679688,32.87843385746406],[129.88311767578125,32.87843385746406],[129.88311767578125,32.877280526855394]]],[[[129.9627685546875,32.877280526855394],[129.96414184570312,32.877280526855394],[129.96414184570312,32.87843385746406],[129.9627685546875,32.87843385746406],[129.9627685546875,32.877280526855394]]],[[[130.10147094726562,32.877280526855394],[130.10696411132812,32.877280526855394],[130.10696411132812,32.87843385746406],[130.10147094726562,32.87843385746406],[130.10147094726562,32.877280526855394]]],[[[130.166015625,32.877280526855394],[130.16876220703125,32.877280526855394],[130.16876220703125,32.87843385746406],[130.166015625,32.87843385746406],[130.166015625,32.877280526855394]]],[[[130.27862548828125,32.877280526855394],[130.28411865234375,32.877280526855394],[130.28411865234375,32.87843385746406],[130.27862548828125,32.87843385746406],[130.27862548828125,32.877280526855394]]],[[[130.28961181640625,32.877280526855394],[130.29098510742188,32.877280526855394],[130.29098510742188,32.87843385746406],[130.28961181640625,32.87843385746406],[130.28961181640625,32.877280526855394]]],[[[130.3033447265625,32.877280526855394],[130.308837890625,32.877280526855394],[130.308837890625,32.87843385746406],[130.3033447265625,32.87843385746406],[130.3033447265625,32.877280526855394]]],[[[130.52444458007812,32.877280526855394],[130.53680419921875,32.877280526855394],[130.53680419921875,32.8795871730663],[130.52444458007812,32.8795871730663],[130.52444458007812,32.877280526855394]]],[[[130.53955078125,32.877280526855394],[130.54641723632812,32.877280526855394],[130.54641723632812,32.87843385746406],[130.53955078125,32.87843385746406],[130.53955078125,32.877280526855394]]],[[[129.79110717773438,32.87612718124057],[129.79248046875,32.87612718124057],[129.79248046875,32.87843385746406],[129.79110717773438,32.87843385746406],[129.79110717773438,32.87612718124057]]],[[[130.10147094726562,32.87612718124057],[130.10833740234375,32.87612718124057],[130.10833740234375,32.877280526855394],[130.10147094726562,32.877280526855394],[130.10147094726562,32.87612718124057]]],[[[130.27587890625,32.87612718124057],[130.27862548828125,32.87612718124057],[130.27862548828125,32.877280526855394],[130.27587890625,32.877280526855394],[130.27587890625,32.87612718124057]]],[[[130.28274536132812,32.87612718124057],[130.28961181640625,32.87612718124057],[130.28961181640625,32.877280526855394],[130.28274536132812,32.877280526855394],[130.28274536132812,32.87612718124057]]],[[[130.30471801757812,32.87612718124057],[130.31021118164062,32.87612718124057],[130.31021118164062,32.877280526855394],[130.30471801757812,32.877280526855394],[130.30471801757812,32.87612718124057]]],[[[130.52581787109375,32.87612718124057],[130.53680419921875,32.87612718124057],[130.53680419921875,32.877280526855394],[130.52581787109375,32.877280526855394],[130.52581787109375,32.87612718124057]]],[[[130.53817749023438,32.87612718124057],[130.54779052734375,32.87612718124057],[130.54779052734375,32.877280526855394],[130.53817749023438,32.877280526855394],[130.53817749023438,32.87612718124057]]],[[[129.80072021484375,32.87497382061985],[129.80209350585938,32.87497382061985],[129.80209350585938,32.87612718124057],[129.80072021484375,32.87612718124057],[129.80072021484375,32.87497382061985]]],[[[129.88861083984375,32.87497382061985],[129.88998413085938,32.87497382061985],[129.88998413085938,32.87612718124057],[129.88861083984375,32.87612718124057],[129.88861083984375,32.87497382061985]]],[[[129.96139526367188,32.87497382061985],[129.9627685546875,32.87497382061985],[129.9627685546875,32.87612718124057],[129.96139526367188,32.87612718124057],[129.96139526367188,32.87497382061985]]],[[[130.10009765625,32.87497382061985],[130.10833740234375,32.87497382061985],[130.10833740234375,32.87612718124057],[130.10009765625,32.87612718124057],[130.10009765625,32.87497382061985]]],[[[130.16738891601562,32.87497382061985],[130.17013549804688,32.87497382061985],[130.17013549804688,32.877280526855394],[130.16738891601562,32.877280526855394],[130.16738891601562,32.87497382061985]]],[[[130.24154663085938,32.87497382061985],[130.24566650390625,32.87497382061985],[130.24566650390625,32.87612718124057],[130.24154663085938,32.87612718124057],[130.24154663085938,32.87497382061985]]],[[[130.2703857421875,32.87497382061985],[130.27313232421875,32.87497382061985],[130.27313232421875,32.87612718124057],[130.2703857421875,32.87612718124057],[130.2703857421875,32.87497382061985]]],[[[130.27450561523438,32.87497382061985],[130.27725219726562,32.87497382061985],[130.27725219726562,32.87612718124057],[130.27450561523438,32.87612718124057],[130.27450561523438,32.87497382061985]]],[[[130.30609130859375,32.87497382061985],[130.31021118164062,32.87497382061985],[130.31021118164062,32.87612718124057],[130.30609130859375,32.87612718124057],[130.30609130859375,32.87497382061985]]],[[[130.52444458007812,32.87497382061985],[130.54916381835938,32.87497382061985],[130.54916381835938,32.87612718124057],[130.52444458007812,32.87612718124057],[130.52444458007812,32.87497382061985]]],[[[129.80209350585938,32.87382044499352],[129.803466796875,32.87382044499352],[129.803466796875,32.87497382061985],[129.80209350585938,32.87497382061985],[129.80209350585938,32.87382044499352]]],[[[129.88449096679688,32.87382044499352],[129.8858642578125,32.87382044499352],[129.8858642578125,32.87497382061985],[129.88449096679688,32.87497382061985],[129.88449096679688,32.87382044499352]]],[[[130.09872436523438,32.87382044499352],[130.1055908203125,32.87382044499352],[130.1055908203125,32.87497382061985],[130.09872436523438,32.87497382061985],[130.09872436523438,32.87382044499352]]],[[[130.16876220703125,32.87382044499352],[130.1715087890625,32.87382044499352],[130.1715087890625,32.87497382061985],[130.16876220703125,32.87497382061985],[130.16876220703125,32.87382044499352]]],[[[130.24017333984375,32.87382044499352],[130.242919921875,32.87382044499352],[130.242919921875,32.87497382061985],[130.24017333984375,32.87497382061985],[130.24017333984375,32.87382044499352]]],[[[130.24566650390625,32.87382044499352],[130.2484130859375,32.87382044499352],[130.2484130859375,32.87497382061985],[130.24566650390625,32.87497382061985],[130.24566650390625,32.87382044499352]]],[[[130.26763916015625,32.87382044499352],[130.27450561523438,32.87382044499352],[130.27450561523438,32.87497382061985],[130.26763916015625,32.87497382061985],[130.26763916015625,32.87382044499352]]],[[[130.52444458007812,32.87382044499352],[130.550537109375,32.87382044499352],[130.550537109375,32.87497382061985],[130.52444458007812,32.87497382061985],[130.52444458007812,32.87382044499352]]],[[[129.87762451171875,32.87266705436183],[129.87899780273438,32.87266705436183],[129.87899780273438,32.87382044499352],[129.87762451171875,32.87382044499352],[129.87762451171875,32.87266705436183]]],[[[129.90509033203125,32.87266705436183],[129.90646362304688,32.87266705436183],[129.90646362304688,32.87612718124057],[129.90509033203125,32.87612718124057],[129.90509033203125,32.87266705436183]]],[[[130.0946044921875,32.87266705436183],[130.10421752929688,32.87266705436183],[130.10421752929688,32.87382044499352],[130.0946044921875,32.87382044499352],[130.0946044921875,32.87266705436183]]],[[[130.2374267578125,32.87266705436183],[130.24154663085938,32.87266705436183],[130.24154663085938,32.87382044499352],[130.2374267578125,32.87382044499352],[130.2374267578125,32.87266705436183]]],[[[130.2484130859375,32.87266705436183],[130.25115966796875,32.87266705436183],[130.25115966796875,32.87382044499352],[130.2484130859375,32.87382044499352],[130.2484130859375,32.87266705436183]]],[[[130.26351928710938,32.87266705436183],[130.26901245117188,32.87266705436183],[130.26901245117188,32.87382044499352],[130.26351928710938,32.87382044499352],[130.26351928710938,32.87266705436183]]],[[[130.30609130859375,32.87266705436183],[130.31158447265625,32.87266705436183],[130.31158447265625,32.87497382061985],[130.30609130859375,32.87497382061985],[130.30609130859375,32.87266705436183]]],[[[130.5230712890625,32.87266705436183],[130.52993774414062,32.87266705436183],[130.52993774414062,32.87382044499352],[130.5230712890625,32.87382044499352],[130.5230712890625,32.87266705436183]]],[[[130.53543090820312,32.87266705436183],[130.55328369140625,32.87266705436183],[130.55328369140625,32.87382044499352],[130.53543090820312,32.87382044499352],[130.53543090820312,32.87266705436183]]],[[[130.55877685546875,32.87266705436183],[130.56564331054688,32.87266705436183],[130.56564331054688,32.87382044499352],[130.55877685546875,32.87382044499352],[130.55877685546875,32.87266705436183]]],[[[130.57662963867188,32.87266705436183],[130.5780029296875,32.87266705436183],[130.5780029296875,32.87382044499352],[130.57662963867188,32.87382044499352],[130.57662963867188,32.87266705436183]]],[[[129.80209350585938,32.87151364872508],[129.80484008789062,32.87151364872508],[129.80484008789062,32.87382044499352],[129.80209350585938,32.87382044499352],[129.80209350585938,32.87151364872508]]],[[[129.88998413085938,32.87151364872508],[129.891357421875,32.87151364872508],[129.891357421875,32.87266705436183],[129.88998413085938,32.87266705436183],[129.88998413085938,32.87151364872508]]],[[[129.89410400390625,32.87151364872508],[129.89547729492188,32.87151364872508],[129.89547729492188,32.87612718124057],[129.89410400390625,32.87612718124057],[129.89410400390625,32.87151364872508]]],[[[129.96688842773438,32.87151364872508],[129.96826171875,32.87151364872508],[129.96826171875,32.87266705436183],[129.96688842773438,32.87266705436183],[129.96688842773438,32.87151364872508]]],[[[130.09323120117188,32.87151364872508],[130.10147094726562,32.87151364872508],[130.10147094726562,32.87266705436183],[130.09323120117188,32.87266705436183],[130.09323120117188,32.87151364872508]]],[[[130.17013549804688,32.87151364872508],[130.17288208007812,32.87151364872508],[130.17288208007812,32.87382044499352],[130.17013549804688,32.87382044499352],[130.17013549804688,32.87151364872508]]],[[[130.23605346679688,32.87151364872508],[130.24017333984375,32.87151364872508],[130.24017333984375,32.87266705436183],[130.23605346679688,32.87266705436183],[130.23605346679688,32.87151364872508]]],[[[130.25390625,32.87151364872508],[130.26763916015625,32.87151364872508],[130.26763916015625,32.87266705436183],[130.25390625,32.87266705436183],[130.25390625,32.87151364872508]]],[[[130.30746459960938,32.87151364872508],[130.31158447265625,32.87151364872508],[130.31158447265625,32.87266705436183],[130.30746459960938,32.87266705436183],[130.30746459960938,32.87151364872508]]],[[[130.53543090820312,32.87151364872508],[130.5670166015625,32.87151364872508],[130.5670166015625,32.87266705436183],[130.53543090820312,32.87266705436183],[130.53543090820312,32.87151364872508]]],[[[130.56976318359375,32.87151364872508],[130.58074951171875,32.87151364872508],[130.58074951171875,32.87266705436183],[130.56976318359375,32.87266705436183],[130.56976318359375,32.87151364872508]]],[[[129.803466796875,32.87036022808353],[129.80621337890625,32.87036022808353],[129.80621337890625,32.87151364872508],[129.803466796875,32.87151364872508],[129.803466796875,32.87036022808353]]],[[[129.80758666992188,32.87036022808353],[129.8089599609375,32.87036022808353],[129.8089599609375,32.87266705436183],[129.80758666992188,32.87266705436183],[129.80758666992188,32.87036022808353]]],[[[129.87899780273438,32.87036022808353],[129.88037109375,32.87036022808353],[129.88037109375,32.87151364872508],[129.87899780273438,32.87151364872508],[129.87899780273438,32.87036022808353]]],[[[129.92431640625,32.87036022808353],[129.92568969726562,32.87036022808353],[129.92568969726562,32.87151364872508],[129.92431640625,32.87151364872508],[129.92431640625,32.87036022808353]]],[[[129.93804931640625,32.87036022808353],[129.93942260742188,32.87036022808353],[129.93942260742188,32.87151364872508],[129.93804931640625,32.87151364872508],[129.93804931640625,32.87036022808353]]],[[[129.96826171875,32.87036022808353],[129.9737548828125,32.87036022808353],[129.9737548828125,32.87151364872508],[129.96826171875,32.87151364872508],[129.96826171875,32.87036022808353]]],[[[130.09323120117188,32.87036022808353],[130.10009765625,32.87036022808353],[130.10009765625,32.87151364872508],[130.09323120117188,32.87151364872508],[130.09323120117188,32.87036022808353]]],[[[130.1715087890625,32.87036022808353],[130.17425537109375,32.87036022808353],[130.17425537109375,32.87151364872508],[130.1715087890625,32.87151364872508],[130.1715087890625,32.87036022808353]]],[[[130.23468017578125,32.87036022808353],[130.23880004882812,32.87036022808353],[130.23880004882812,32.87151364872508],[130.23468017578125,32.87151364872508],[130.23468017578125,32.87036022808353]]],[[[130.26077270507812,32.87036022808353],[130.26351928710938,32.87036022808353],[130.26351928710938,32.87151364872508],[130.26077270507812,32.87151364872508],[130.26077270507812,32.87036022808353]]],[[[130.31021118164062,32.87036022808353],[130.31158447265625,32.87036022808353],[130.31158447265625,32.87151364872508],[130.31021118164062,32.87151364872508],[130.31021118164062,32.87036022808353]]],[[[130.5230712890625,32.87036022808353],[130.52719116210938,32.87036022808353],[130.52719116210938,32.87266705436183],[130.5230712890625,32.87266705436183],[130.5230712890625,32.87036022808353]]],[[[129.803466796875,32.869206792437446],[129.80484008789062,32.869206792437446],[129.80484008789062,32.87036022808353],[129.803466796875,32.87036022808353],[129.803466796875,32.869206792437446]]],[[[129.8089599609375,32.869206792437446],[129.81307983398438,32.869206792437446],[129.81307983398438,32.87036022808353],[129.8089599609375,32.87036022808353],[129.8089599609375,32.869206792437446]]],[[[129.891357421875,32.869206792437446],[129.89273071289062,32.869206792437446],[129.89273071289062,32.87036022808353],[129.891357421875,32.87036022808353],[129.891357421875,32.869206792437446]]],[[[129.92706298828125,32.869206792437446],[129.92843627929688,32.869206792437446],[129.92843627929688,32.87036022808353],[129.92706298828125,32.87036022808353],[129.92706298828125,32.869206792437446]]],[[[129.935302734375,32.869206792437446],[129.93942260742188,32.869206792437446],[129.93942260742188,32.87036022808353],[129.935302734375,32.87036022808353],[129.935302734375,32.869206792437446]]],[[[130.09048461914062,32.869206792437446],[130.09735107421875,32.869206792437446],[130.09735107421875,32.87036022808353],[130.09048461914062,32.87036022808353],[130.09048461914062,32.869206792437446]]],[[[130.17288208007812,32.869206792437446],[130.17562866210938,32.869206792437446],[130.17562866210938,32.87036022808353],[130.17288208007812,32.87036022808353],[130.17288208007812,32.869206792437446]]],[[[130.23468017578125,32.869206792437446],[130.2374267578125,32.869206792437446],[130.2374267578125,32.87036022808353],[130.23468017578125,32.87036022808353],[130.23468017578125,32.869206792437446]]],[[[130.31158447265625,32.869206792437446],[130.3143310546875,32.869206792437446],[130.3143310546875,32.87036022808353],[130.31158447265625,32.87036022808353],[130.31158447265625,32.869206792437446]]],[[[130.5340576171875,32.869206792437446],[130.58074951171875,32.869206792437446],[130.58074951171875,32.87151364872508],[130.5340576171875,32.87151364872508],[130.5340576171875,32.869206792437446]]],[[[129.78836059570312,32.8680533417871],[129.79110717773438,32.8680533417871],[129.79110717773438,32.869206792437446],[129.78836059570312,32.869206792437446],[129.78836059570312,32.8680533417871]]],[[[129.81307983398438,32.8680533417871],[129.814453125,32.8680533417871],[129.814453125,32.869206792437446],[129.81307983398438,32.869206792437446],[129.81307983398438,32.8680533417871]]],[[[129.82681274414062,32.8680533417871],[129.82818603515625,32.8680533417871],[129.82818603515625,32.869206792437446],[129.82681274414062,32.869206792437446],[129.82681274414062,32.8680533417871]]],[[[129.89273071289062,32.8680533417871],[129.89410400390625,32.8680533417871],[129.89410400390625,32.869206792437446],[129.89273071289062,32.869206792437446],[129.89273071289062,32.8680533417871]]],[[[129.9078369140625,32.8680533417871],[129.90921020507812,32.8680533417871],[129.90921020507812,32.87036022808353],[129.9078369140625,32.87036022808353],[129.9078369140625,32.8680533417871]]],[[[130.08773803710938,32.8680533417871],[130.09597778320312,32.8680533417871],[130.09597778320312,32.869206792437446],[130.08773803710938,32.869206792437446],[130.08773803710938,32.8680533417871]]],[[[130.17288208007812,32.8680533417871],[130.177001953125,32.8680533417871],[130.177001953125,32.869206792437446],[130.17288208007812,32.869206792437446],[130.17288208007812,32.8680533417871]]],[[[130.23193359375,32.8680533417871],[130.23605346679688,32.8680533417871],[130.23605346679688,32.869206792437446],[130.23193359375,32.869206792437446],[130.23193359375,32.8680533417871]]],[[[130.31570434570312,32.8680533417871],[130.31982421875,32.8680533417871],[130.31982421875,32.869206792437446],[130.31570434570312,32.869206792437446],[130.31570434570312,32.8680533417871]]],[[[130.53268432617188,32.8680533417871],[130.58074951171875,32.8680533417871],[130.58074951171875,32.869206792437446],[130.53268432617188,32.869206792437446],[130.53268432617188,32.8680533417871]]],[[[129.7869873046875,32.866899876132784],[129.78973388671875,32.866899876132784],[129.78973388671875,32.8680533417871],[129.7869873046875,32.8680533417871],[129.7869873046875,32.866899876132784]]],[[[129.80484008789062,32.866899876132784],[129.80758666992188,32.866899876132784],[129.80758666992188,32.8680533417871],[129.80484008789062,32.8680533417871],[129.80484008789062,32.866899876132784]]],[[[129.81170654296875,32.866899876132784],[129.81307983398438,32.866899876132784],[129.81307983398438,32.8680533417871],[129.81170654296875,32.8680533417871],[129.81170654296875,32.866899876132784]]],[[[129.913330078125,32.866899876132784],[129.91470336914062,32.866899876132784],[129.91470336914062,32.8680533417871],[129.913330078125,32.8680533417871],[129.913330078125,32.866899876132784]]],[[[129.92706298828125,32.866899876132784],[129.9298095703125,32.866899876132784],[129.9298095703125,32.869206792437446],[129.92706298828125,32.869206792437446],[129.92706298828125,32.866899876132784]]],[[[129.97650146484375,32.866899876132784],[129.979248046875,32.866899876132784],[129.979248046875,32.8680533417871],[129.97650146484375,32.8680533417871],[129.97650146484375,32.866899876132784]]],[[[130.08636474609375,32.866899876132784],[130.09185791015625,32.866899876132784],[130.09185791015625,32.8680533417871],[130.08636474609375,32.8680533417871],[130.08636474609375,32.866899876132784]]],[[[130.17425537109375,32.866899876132784],[130.177001953125,32.866899876132784],[130.177001953125,32.8680533417871],[130.17425537109375,32.8680533417871],[130.17425537109375,32.866899876132784]]],[[[130.23193359375,32.866899876132784],[130.23468017578125,32.866899876132784],[130.23468017578125,32.8680533417871],[130.23193359375,32.8680533417871],[130.23193359375,32.866899876132784]]],[[[130.31570434570312,32.866899876132784],[130.32119750976562,32.866899876132784],[130.32119750976562,32.8680533417871],[130.31570434570312,32.8680533417871],[130.31570434570312,32.866899876132784]]],[[[130.52169799804688,32.866899876132784],[130.52581787109375,32.866899876132784],[130.52581787109375,32.87036022808353],[130.52169799804688,32.87036022808353],[130.52169799804688,32.866899876132784]]],[[[130.53268432617188,32.866899876132784],[130.55740356445312,32.866899876132784],[130.55740356445312,32.8680533417871],[130.53268432617188,32.8680533417871],[130.53268432617188,32.866899876132784]]],[[[130.56289672851562,32.866899876132784],[130.58074951171875,32.866899876132784],[130.58074951171875,32.8680533417871],[130.56289672851562,32.8680533417871],[130.56289672851562,32.866899876132784]]],[[[129.80621337890625,32.86574639547475],[129.80758666992188,32.86574639547475],[129.80758666992188,32.866899876132784],[129.80621337890625,32.866899876132784],[129.80621337890625,32.86574639547475]]],[[[129.8089599609375,32.86574639547475],[129.81170654296875,32.86574639547475],[129.81170654296875,32.866899876132784],[129.8089599609375,32.866899876132784],[129.8089599609375,32.86574639547475]]],[[[129.82681274414062,32.86574639547475],[129.82818603515625,32.86574639547475],[129.82818603515625,32.866899876132784],[129.82681274414062,32.866899876132784],[129.82681274414062,32.86574639547475]]],[[[129.92568969726562,32.86574639547475],[129.92843627929688,32.86574639547475],[129.92843627929688,32.866899876132784],[129.92568969726562,32.866899876132784],[129.92568969726562,32.86574639547475]]],[[[129.979248046875,32.86574639547475],[129.98062133789062,32.86574639547475],[129.98062133789062,32.866899876132784],[129.979248046875,32.866899876132784],[129.979248046875,32.86574639547475]]],[[[130.08636474609375,32.86574639547475],[130.089111328125,32.86574639547475],[130.089111328125,32.866899876132784],[130.08636474609375,32.866899876132784],[130.08636474609375,32.86574639547475]]],[[[130.17562866210938,32.86574639547475],[130.17837524414062,32.86574639547475],[130.17837524414062,32.866899876132784],[130.17562866210938,32.866899876132784],[130.17562866210938,32.86574639547475]]],[[[130.22918701171875,32.86574639547475],[130.23468017578125,32.86574639547475],[130.23468017578125,32.866899876132784],[130.22918701171875,32.866899876132784],[130.22918701171875,32.86574639547475]]],[[[130.31982421875,32.86574639547475],[130.32257080078125,32.86574639547475],[130.32257080078125,32.866899876132784],[130.31982421875,32.866899876132784],[130.31982421875,32.86574639547475]]],[[[130.53131103515625,32.86574639547475],[130.5450439453125,32.86574639547475],[130.5450439453125,32.866899876132784],[130.53131103515625,32.866899876132784],[130.53131103515625,32.86574639547475]]],[[[130.56427001953125,32.86574639547475],[130.5780029296875,32.86574639547475],[130.5780029296875,32.866899876132784],[130.56427001953125,32.866899876132784],[130.56427001953125,32.86574639547475]]],[[[129.79934692382812,32.864592899813275],[129.80072021484375,32.864592899813275],[129.80072021484375,32.8680533417871],[129.79934692382812,32.8680533417871],[129.79934692382812,32.864592899813275]]],[[[129.80758666992188,32.864592899813275],[129.8089599609375,32.864592899813275],[129.8089599609375,32.86574639547475],[129.80758666992188,32.86574639547475],[129.80758666992188,32.864592899813275]]],[[[130.08499145507812,32.864592899813275],[130.089111328125,32.864592899813275],[130.089111328125,32.86574639547475],[130.08499145507812,32.86574639547475],[130.08499145507812,32.864592899813275]]],[[[130.09048461914062,32.864592899813275],[130.0946044921875,32.864592899813275],[130.0946044921875,32.86574639547475],[130.09048461914062,32.86574639547475],[130.09048461914062,32.864592899813275]]],[[[130.17562866210938,32.864592899813275],[130.17974853515625,32.864592899813275],[130.17974853515625,32.86574639547475],[130.17562866210938,32.86574639547475],[130.17562866210938,32.864592899813275]]],[[[130.22781372070312,32.864592899813275],[130.23468017578125,32.864592899813275],[130.23468017578125,32.86574639547475],[130.22781372070312,32.86574639547475],[130.22781372070312,32.864592899813275]]],[[[130.31570434570312,32.864592899813275],[130.31707763671875,32.864592899813275],[130.31707763671875,32.866899876132784],[130.31570434570312,32.866899876132784],[130.31570434570312,32.864592899813275]]],[[[130.31982421875,32.864592899813275],[130.3253173828125,32.864592899813275],[130.3253173828125,32.86574639547475],[130.31982421875,32.86574639547475],[130.31982421875,32.864592899813275]]],[[[130.5340576171875,32.864592899813275],[130.54092407226562,32.864592899813275],[130.54092407226562,32.86574639547475],[130.5340576171875,32.86574639547475],[130.5340576171875,32.864592899813275]]],[[[130.56564331054688,32.864592899813275],[130.5780029296875,32.864592899813275],[130.5780029296875,32.86574639547475],[130.56564331054688,32.86574639547475],[130.56564331054688,32.864592899813275]]],[[[129.79934692382812,32.86343938914864],[129.80209350585938,32.86343938914864],[129.80209350585938,32.864592899813275],[129.79934692382812,32.864592899813275],[129.79934692382812,32.86343938914864]]],[[[129.80484008789062,32.86343938914864],[129.81033325195312,32.86343938914864],[129.81033325195312,32.864592899813275],[129.80484008789062,32.864592899813275],[129.80484008789062,32.86343938914864]]],[[[129.87899780273438,32.86343938914864],[129.88037109375,32.86343938914864],[129.88037109375,32.864592899813275],[129.87899780273438,32.864592899813275],[129.87899780273438,32.86343938914864]]],[[[129.94766235351562,32.86343938914864],[129.95040893554688,32.86343938914864],[129.95040893554688,32.864592899813275],[129.94766235351562,32.864592899813275],[129.94766235351562,32.86343938914864]]],[[[129.98062133789062,32.86343938914864],[129.98199462890625,32.86343938914864],[129.98199462890625,32.864592899813275],[129.98062133789062,32.864592899813275],[129.98062133789062,32.86343938914864]]],[[[130.08499145507812,32.86343938914864],[130.08773803710938,32.86343938914864],[130.08773803710938,32.864592899813275],[130.08499145507812,32.864592899813275],[130.08499145507812,32.86343938914864]]],[[[130.09048461914062,32.86343938914864],[130.09597778320312,32.86343938914864],[130.09597778320312,32.864592899813275],[130.09048461914062,32.864592899813275],[130.09048461914062,32.86343938914864]]],[[[130.177001953125,32.86343938914864],[130.17974853515625,32.86343938914864],[130.17974853515625,32.864592899813275],[130.177001953125,32.864592899813275],[130.177001953125,32.86343938914864]]],[[[130.2264404296875,32.86343938914864],[130.22781372070312,32.86343938914864],[130.22781372070312,32.864592899813275],[130.2264404296875,32.864592899813275],[130.2264404296875,32.86343938914864]]],[[[130.32257080078125,32.86343938914864],[130.32669067382812,32.86343938914864],[130.32669067382812,32.864592899813275],[130.32257080078125,32.864592899813275],[130.32257080078125,32.86343938914864]]],[[[130.52169799804688,32.86343938914864],[130.52444458007812,32.86343938914864],[130.52444458007812,32.866899876132784],[130.52169799804688,32.866899876132784],[130.52169799804688,32.86343938914864]]],[[[130.56564331054688,32.86343938914864],[130.58074951171875,32.86343938914864],[130.58074951171875,32.864592899813275],[130.56564331054688,32.864592899813275],[130.56564331054688,32.86343938914864]]],[[[129.80758666992188,32.862285863481105],[129.8089599609375,32.862285863481105],[129.8089599609375,32.86343938914864],[129.80758666992188,32.86343938914864],[129.80758666992188,32.862285863481105]]],[[[129.81719970703125,32.862285863481105],[129.81857299804688,32.862285863481105],[129.81857299804688,32.86343938914864],[129.81719970703125,32.86343938914864],[129.81719970703125,32.862285863481105]]],[[[129.9462890625,32.862285863481105],[129.94766235351562,32.862285863481105],[129.94766235351562,32.86343938914864],[129.9462890625,32.86343938914864],[129.9462890625,32.862285863481105]]],[[[130.08499145507812,32.862285863481105],[130.10009765625,32.862285863481105],[130.10009765625,32.86343938914864],[130.08499145507812,32.86343938914864],[130.08499145507812,32.862285863481105]]],[[[130.1055908203125,32.862285863481105],[130.10696411132812,32.862285863481105],[130.10696411132812,32.86343938914864],[130.1055908203125,32.86343938914864],[130.1055908203125,32.862285863481105]]],[[[130.17837524414062,32.862285863481105],[130.18112182617188,32.862285863481105],[130.18112182617188,32.86343938914864],[130.17837524414062,32.86343938914864],[130.17837524414062,32.862285863481105]]],[[[130.32394409179688,32.862285863481105],[130.32806396484375,32.862285863481105],[130.32806396484375,32.86343938914864],[130.32394409179688,32.86343938914864],[130.32394409179688,32.862285863481105]]],[[[130.33218383789062,32.862285863481105],[130.33355712890625,32.862285863481105],[130.33355712890625,32.86343938914864],[130.33218383789062,32.86343938914864],[130.33218383789062,32.862285863481105]]],[[[130.52169799804688,32.862285863481105],[130.5230712890625,32.862285863481105],[130.5230712890625,32.86343938914864],[130.52169799804688,32.86343938914864],[130.52169799804688,32.862285863481105]]],[[[129.869384765625,32.861132322810946],[129.87075805664062,32.861132322810946],[129.87075805664062,32.862285863481105],[129.869384765625,32.862285863481105],[129.869384765625,32.861132322810946]]],[[[129.92843627929688,32.861132322810946],[129.9298095703125,32.861132322810946],[129.9298095703125,32.862285863481105],[129.92843627929688,32.862285863481105],[129.92843627929688,32.861132322810946]]],[[[129.93942260742188,32.861132322810946],[129.9407958984375,32.861132322810946],[129.9407958984375,32.862285863481105],[129.93942260742188,32.862285863481105],[129.93942260742188,32.861132322810946]]],[[[130.08499145507812,32.861132322810946],[130.10284423828125,32.861132322810946],[130.10284423828125,32.862285863481105],[130.08499145507812,32.862285863481105],[130.08499145507812,32.861132322810946]]],[[[130.10421752929688,32.861132322810946],[130.10833740234375,32.861132322810946],[130.10833740234375,32.862285863481105],[130.10421752929688,32.862285863481105],[130.10421752929688,32.861132322810946]]],[[[130.17837524414062,32.861132322810946],[130.1824951171875,32.861132322810946],[130.1824951171875,32.862285863481105],[130.17837524414062,32.862285863481105],[130.17837524414062,32.861132322810946]]],[[[130.22506713867188,32.861132322810946],[130.2264404296875,32.861132322810946],[130.2264404296875,32.862285863481105],[130.22506713867188,32.862285863481105],[130.22506713867188,32.861132322810946]]],[[[130.3253173828125,32.861132322810946],[130.33355712890625,32.861132322810946],[130.33355712890625,32.862285863481105],[130.3253173828125,32.862285863481105],[130.3253173828125,32.861132322810946]]],[[[129.81582641601562,32.85997876713844],[129.81857299804688,32.85997876713844],[129.81857299804688,32.861132322810946],[129.81582641601562,32.861132322810946],[129.81582641601562,32.85997876713844]]],[[[129.8529052734375,32.85997876713844],[129.85427856445312,32.85997876713844],[129.85427856445312,32.861132322810946],[129.8529052734375,32.861132322810946],[129.8529052734375,32.85997876713844]]],[[[129.92706298828125,32.85997876713844],[129.92843627929688,32.85997876713844],[129.92843627929688,32.861132322810946],[129.92706298828125,32.861132322810946],[129.92706298828125,32.85997876713844]]],[[[129.93667602539062,32.85997876713844],[129.93804931640625,32.85997876713844],[129.93804931640625,32.861132322810946],[129.93667602539062,32.861132322810946],[129.93667602539062,32.85997876713844]]],[[[129.95040893554688,32.85997876713844],[129.9517822265625,32.85997876713844],[129.9517822265625,32.861132322810946],[129.95040893554688,32.861132322810946],[129.95040893554688,32.85997876713844]]],[[[129.98336791992188,32.85997876713844],[129.9847412109375,32.85997876713844],[129.9847412109375,32.861132322810946],[129.98336791992188,32.861132322810946],[129.98336791992188,32.85997876713844]]],[[[130.08499145507812,32.85997876713844],[130.111083984375,32.85997876713844],[130.111083984375,32.861132322810946],[130.08499145507812,32.861132322810946],[130.08499145507812,32.85997876713844]]],[[[130.17974853515625,32.85997876713844],[130.1824951171875,32.85997876713844],[130.1824951171875,32.861132322810946],[130.17974853515625,32.861132322810946],[130.17974853515625,32.85997876713844]]],[[[130.220947265625,32.85997876713844],[130.22506713867188,32.85997876713844],[130.22506713867188,32.861132322810946],[130.220947265625,32.861132322810946],[130.220947265625,32.85997876713844]]],[[[130.32669067382812,32.85997876713844],[130.33493041992188,32.85997876713844],[130.33493041992188,32.861132322810946],[130.32669067382812,32.861132322810946],[130.32669067382812,32.85997876713844]]],[[[130.52169799804688,32.85997876713844],[130.52444458007812,32.85997876713844],[130.52444458007812,32.862285863481105],[130.52169799804688,32.862285863481105],[130.52169799804688,32.85997876713844]]],[[[129.82131958007812,32.858825196463854],[129.82269287109375,32.858825196463854],[129.82269287109375,32.85997876713844],[129.82131958007812,32.85997876713844],[129.82131958007812,32.858825196463854]]],[[[129.92706298828125,32.858825196463854],[129.93118286132812,32.858825196463854],[129.93118286132812,32.85997876713844],[129.92706298828125,32.85997876713844],[129.92706298828125,32.858825196463854]]],[[[129.935302734375,32.858825196463854],[129.93667602539062,32.858825196463854],[129.93667602539062,32.85997876713844],[129.935302734375,32.85997876713844],[129.935302734375,32.858825196463854]]],[[[129.9517822265625,32.858825196463854],[129.95315551757812,32.858825196463854],[129.95315551757812,32.85997876713844],[129.9517822265625,32.85997876713844],[129.9517822265625,32.858825196463854]]],[[[129.9847412109375,32.858825196463854],[129.98886108398438,32.858825196463854],[129.98886108398438,32.85997876713844],[129.9847412109375,32.85997876713844],[129.9847412109375,32.858825196463854]]],[[[130.08636474609375,32.858825196463854],[130.111083984375,32.858825196463854],[130.111083984375,32.85997876713844],[130.08636474609375,32.85997876713844],[130.08636474609375,32.858825196463854]]],[[[130.18112182617188,32.858825196463854],[130.18386840820312,32.858825196463854],[130.18386840820312,32.85997876713844],[130.18112182617188,32.85997876713844],[130.18112182617188,32.858825196463854]]],[[[130.21957397460938,32.858825196463854],[130.22232055664062,32.858825196463854],[130.22232055664062,32.85997876713844],[130.21957397460938,32.85997876713844],[130.21957397460938,32.858825196463854]]],[[[130.33355712890625,32.858825196463854],[130.3363037109375,32.858825196463854],[130.3363037109375,32.85997876713844],[130.33355712890625,32.85997876713844],[130.33355712890625,32.858825196463854]]],[[[130.52169799804688,32.858825196463854],[130.52719116210938,32.858825196463854],[130.52719116210938,32.85997876713844],[130.52169799804688,32.85997876713844],[130.52169799804688,32.858825196463854]]],[[[129.82131958007812,32.85767161078748],[129.82406616210938,32.85767161078748],[129.82406616210938,32.858825196463854],[129.82131958007812,32.858825196463854],[129.82131958007812,32.85767161078748]]],[[[129.8529052734375,32.85767161078748],[129.85427856445312,32.85767161078748],[129.85427856445312,32.858825196463854],[129.8529052734375,32.858825196463854],[129.8529052734375,32.85767161078748]]],[[[129.92843627929688,32.85767161078748],[129.935302734375,32.85767161078748],[129.935302734375,32.858825196463854],[129.92843627929688,32.858825196463854],[129.92843627929688,32.85767161078748]]],[[[129.95315551757812,32.85767161078748],[129.95452880859375,32.85767161078748],[129.95452880859375,32.858825196463854],[129.95315551757812,32.858825196463854],[129.95315551757812,32.85767161078748]]],[[[129.990234375,32.85767161078748],[129.99160766601562,32.85767161078748],[129.99160766601562,32.858825196463854],[129.990234375,32.858825196463854],[129.990234375,32.85767161078748]]],[[[130.08499145507812,32.85767161078748],[130.111083984375,32.85767161078748],[130.111083984375,32.858825196463854],[130.08499145507812,32.858825196463854],[130.08499145507812,32.85767161078748]]],[[[130.18112182617188,32.85767161078748],[130.18524169921875,32.85767161078748],[130.18524169921875,32.858825196463854],[130.18112182617188,32.858825196463854],[130.18112182617188,32.85767161078748]]],[[[130.2154541015625,32.85767161078748],[130.21957397460938,32.85767161078748],[130.21957397460938,32.858825196463854],[130.2154541015625,32.858825196463854],[130.2154541015625,32.85767161078748]]],[[[130.33493041992188,32.85767161078748],[130.33905029296875,32.85767161078748],[130.33905029296875,32.858825196463854],[130.33493041992188,32.858825196463854],[130.33493041992188,32.85767161078748]]],[[[130.52169799804688,32.85767161078748],[130.528564453125,32.85767161078748],[130.528564453125,32.858825196463854],[130.52169799804688,32.858825196463854],[130.52169799804688,32.85767161078748]]],[[[130.5670166015625,32.85767161078748],[130.58074951171875,32.85767161078748],[130.58074951171875,32.86343938914864],[130.5670166015625,32.86343938914864],[130.5670166015625,32.85767161078748]]],[[[129.82406616210938,32.85651801010956],[129.825439453125,32.85651801010956],[129.825439453125,32.85767161078748],[129.82406616210938,32.85767161078748],[129.82406616210938,32.85651801010956]]],[[[129.85427856445312,32.85651801010956],[129.85565185546875,32.85651801010956],[129.85565185546875,32.85767161078748],[129.85427856445312,32.85767161078748],[129.85427856445312,32.85651801010956]]],[[[129.9298095703125,32.85651801010956],[129.93392944335938,32.85651801010956],[129.93392944335938,32.85767161078748],[129.9298095703125,32.85767161078748],[129.9298095703125,32.85651801010956]]],[[[129.95315551757812,32.85651801010956],[129.95590209960938,32.85651801010956],[129.95590209960938,32.85767161078748],[129.95315551757812,32.85767161078748],[129.95315551757812,32.85651801010956]]],[[[130.0836181640625,32.85651801010956],[130.111083984375,32.85651801010956],[130.111083984375,32.85767161078748],[130.0836181640625,32.85767161078748],[130.0836181640625,32.85651801010956]]],[[[130.1824951171875,32.85651801010956],[130.18661499023438,32.85651801010956],[130.18661499023438,32.85767161078748],[130.1824951171875,32.85767161078748],[130.1824951171875,32.85651801010956]]],[[[130.21270751953125,32.85651801010956],[130.21682739257812,32.85651801010956],[130.21682739257812,32.85767161078748],[130.21270751953125,32.85767161078748],[130.21270751953125,32.85651801010956]]],[[[130.3363037109375,32.85651801010956],[130.34042358398438,32.85651801010956],[130.34042358398438,32.85767161078748],[130.3363037109375,32.85767161078748],[130.3363037109375,32.85651801010956]]],[[[130.52169799804688,32.85651801010956],[130.52993774414062,32.85651801010956],[130.52993774414062,32.85767161078748],[130.52169799804688,32.85767161078748],[130.52169799804688,32.85651801010956]]],[[[130.56564331054688,32.85651801010956],[130.58074951171875,32.85651801010956],[130.58074951171875,32.85767161078748],[130.56564331054688,32.85767161078748],[130.56564331054688,32.85651801010956]]],[[[129.82406616210938,32.855364394430374],[129.82681274414062,32.855364394430374],[129.82681274414062,32.85651801010956],[129.82406616210938,32.85651801010956],[129.82406616210938,32.855364394430374]]],[[[129.85702514648438,32.855364394430374],[129.8583984375,32.855364394430374],[129.8583984375,32.85651801010956],[129.85702514648438,32.85651801010956],[129.85702514648438,32.855364394430374]]],[[[129.990234375,32.855364394430374],[129.99160766601562,32.855364394430374],[129.99160766601562,32.85651801010956],[129.990234375,32.85651801010956],[129.990234375,32.855364394430374]]],[[[130.08224487304688,32.855364394430374],[130.11245727539062,32.855364394430374],[130.11245727539062,32.85651801010956],[130.08224487304688,32.85651801010956],[130.08224487304688,32.855364394430374]]],[[[130.18386840820312,32.855364394430374],[130.18798828125,32.855364394430374],[130.18798828125,32.85651801010956],[130.18386840820312,32.85651801010956],[130.18386840820312,32.855364394430374]]],[[[130.20858764648438,32.855364394430374],[130.21408081054688,32.855364394430374],[130.21408081054688,32.85651801010956],[130.20858764648438,32.85651801010956],[130.20858764648438,32.855364394430374]]],[[[130.33905029296875,32.855364394430374],[130.341796875,32.855364394430374],[130.341796875,32.85651801010956],[130.33905029296875,32.85651801010956],[130.33905029296875,32.855364394430374]]],[[[130.52169799804688,32.855364394430374],[130.53131103515625,32.855364394430374],[130.53131103515625,32.85651801010956],[130.52169799804688,32.85651801010956],[130.52169799804688,32.855364394430374]]],[[[130.56564331054688,32.855364394430374],[130.58212280273438,32.855364394430374],[130.58212280273438,32.85651801010956],[130.56564331054688,32.85651801010956],[130.56564331054688,32.855364394430374]]],[[[129.82269287109375,32.85421076375022],[129.82818603515625,32.85421076375022],[129.82818603515625,32.855364394430374],[129.82269287109375,32.855364394430374],[129.82269287109375,32.85421076375022]]],[[[129.84878540039062,32.85421076375022],[129.85015869140625,32.85421076375022],[129.85015869140625,32.85651801010956],[129.84878540039062,32.85651801010956],[129.84878540039062,32.85421076375022]]],[[[129.8583984375,32.85421076375022],[129.85977172851562,32.85421076375022],[129.85977172851562,32.855364394430374],[129.8583984375,32.855364394430374],[129.8583984375,32.85421076375022]]],[[[129.869384765625,32.85421076375022],[129.87075805664062,32.85421076375022],[129.87075805664062,32.855364394430374],[129.869384765625,32.855364394430374],[129.869384765625,32.85421076375022]]],[[[130.08087158203125,32.85421076375022],[130.11383056640625,32.85421076375022],[130.11383056640625,32.855364394430374],[130.08087158203125,32.855364394430374],[130.08087158203125,32.85421076375022]]],[[[130.15777587890625,32.85421076375022],[130.1605224609375,32.85421076375022],[130.1605224609375,32.855364394430374],[130.15777587890625,32.855364394430374],[130.15777587890625,32.85421076375022]]],[[[130.18524169921875,32.85421076375022],[130.18936157226562,32.85421076375022],[130.18936157226562,32.855364394430374],[130.18524169921875,32.855364394430374],[130.18524169921875,32.85421076375022]]],[[[130.20858764648438,32.85421076375022],[130.2099609375,32.85421076375022],[130.2099609375,32.855364394430374],[130.20858764648438,32.855364394430374],[130.20858764648438,32.85421076375022]]],[[[130.52169799804688,32.85421076375022],[130.53543090820312,32.85421076375022],[130.53543090820312,32.855364394430374],[130.52169799804688,32.855364394430374],[130.52169799804688,32.85421076375022]]],[[[130.56427001953125,32.85421076375022],[130.58349609375,32.85421076375022],[130.58349609375,32.855364394430374],[130.56427001953125,32.855364394430374],[130.56427001953125,32.85421076375022]]],[[[129.82269287109375,32.853057118069344],[129.82955932617188,32.853057118069344],[129.82955932617188,32.85421076375022],[129.82269287109375,32.85421076375022],[129.82269287109375,32.853057118069344]]],[[[129.847412109375,32.853057118069344],[129.84878540039062,32.853057118069344],[129.84878540039062,32.85421076375022],[129.847412109375,32.85421076375022],[129.847412109375,32.853057118069344]]],[[[129.87075805664062,32.853057118069344],[129.87213134765625,32.853057118069344],[129.87213134765625,32.85421076375022],[129.87075805664062,32.85421076375022],[129.87075805664062,32.853057118069344]]],[[[129.99160766601562,32.853057118069344],[129.99298095703125,32.853057118069344],[129.99298095703125,32.85421076375022],[129.99160766601562,32.85421076375022],[129.99160766601562,32.853057118069344]]],[[[130.07949829101562,32.853057118069344],[130.11520385742188,32.853057118069344],[130.11520385742188,32.85421076375022],[130.07949829101562,32.85421076375022],[130.07949829101562,32.853057118069344]]],[[[130.15777587890625,32.853057118069344],[130.15914916992188,32.853057118069344],[130.15914916992188,32.85421076375022],[130.15777587890625,32.85421076375022],[130.15777587890625,32.853057118069344]]],[[[130.18661499023438,32.853057118069344],[130.18936157226562,32.853057118069344],[130.18936157226562,32.85421076375022],[130.18661499023438,32.85421076375022],[130.18661499023438,32.853057118069344]]],[[[130.20721435546875,32.853057118069344],[130.2099609375,32.853057118069344],[130.2099609375,32.85421076375022],[130.20721435546875,32.85421076375022],[130.20721435546875,32.853057118069344]]],[[[130.52169799804688,32.853057118069344],[130.54092407226562,32.853057118069344],[130.54092407226562,32.85421076375022],[130.52169799804688,32.85421076375022],[130.52169799804688,32.853057118069344]]],[[[130.56289672851562,32.853057118069344],[130.58349609375,32.853057118069344],[130.58349609375,32.85421076375022],[130.56289672851562,32.85421076375022],[130.56289672851562,32.853057118069344]]],[[[129.82406616210938,32.85190345738802],[129.8309326171875,32.85190345738802],[129.8309326171875,32.853057118069344],[129.82406616210938,32.853057118069344],[129.82406616210938,32.85190345738802]]],[[[129.85702514648438,32.85190345738802],[129.8583984375,32.85190345738802],[129.8583984375,32.853057118069344],[129.85702514648438,32.853057118069344],[129.85702514648438,32.85190345738802]]],[[[130.078125,32.85190345738802],[130.1165771484375,32.85190345738802],[130.1165771484375,32.853057118069344],[130.078125,32.853057118069344],[130.078125,32.85190345738802]]],[[[130.15777587890625,32.85190345738802],[130.1605224609375,32.85190345738802],[130.1605224609375,32.853057118069344],[130.15777587890625,32.853057118069344],[130.15777587890625,32.85190345738802]]],[[[130.18798828125,32.85190345738802],[130.19073486328125,32.85190345738802],[130.19073486328125,32.853057118069344],[130.18798828125,32.853057118069344],[130.18798828125,32.85190345738802]]],[[[130.20034790039062,32.85190345738802],[130.20309448242188,32.85190345738802],[130.20309448242188,32.853057118069344],[130.20034790039062,32.853057118069344],[130.20034790039062,32.85190345738802]]],[[[130.2044677734375,32.85190345738802],[130.20858764648438,32.85190345738802],[130.20858764648438,32.853057118069344],[130.2044677734375,32.853057118069344],[130.2044677734375,32.85190345738802]]],[[[130.34042358398438,32.85190345738802],[130.341796875,32.85190345738802],[130.341796875,32.855364394430374],[130.34042358398438,32.855364394430374],[130.34042358398438,32.85190345738802]]],[[[129.825439453125,32.85074978170654],[129.83367919921875,32.85074978170654],[129.83367919921875,32.85190345738802],[129.825439453125,32.85190345738802],[129.825439453125,32.85074978170654]]],[[[129.8583984375,32.85074978170654],[129.86114501953125,32.85074978170654],[129.86114501953125,32.85190345738802],[129.8583984375,32.85190345738802],[129.8583984375,32.85074978170654]]],[[[129.957275390625,32.85074978170654],[129.95864868164062,32.85074978170654],[129.95864868164062,32.85190345738802],[129.957275390625,32.85190345738802],[129.957275390625,32.85074978170654]]],[[[130.07675170898438,32.85074978170654],[130.1165771484375,32.85074978170654],[130.1165771484375,32.85190345738802],[130.07675170898438,32.85190345738802],[130.07675170898438,32.85074978170654]]],[[[130.18936157226562,32.85074978170654],[130.19210815429688,32.85074978170654],[130.19210815429688,32.85190345738802],[130.18936157226562,32.85190345738802],[130.18936157226562,32.85074978170654]]],[[[130.19622802734375,32.85074978170654],[130.198974609375,32.85074978170654],[130.198974609375,32.85190345738802],[130.19622802734375,32.85190345738802],[130.19622802734375,32.85074978170654]]],[[[130.5230712890625,32.85074978170654],[130.58486938476562,32.85074978170654],[130.58486938476562,32.853057118069344],[130.5230712890625,32.853057118069344],[130.5230712890625,32.85074978170654]]],[[[129.825439453125,32.84959609102515],[129.83505249023438,32.84959609102515],[129.83505249023438,32.85074978170654],[129.825439453125,32.85074978170654],[129.825439453125,32.84959609102515]]],[[[129.85977172851562,32.84959609102515],[129.86114501953125,32.84959609102515],[129.86114501953125,32.85074978170654],[129.85977172851562,32.85074978170654],[129.85977172851562,32.84959609102515]]],[[[130.07537841796875,32.84959609102515],[130.11795043945312,32.84959609102515],[130.11795043945312,32.85074978170654],[130.07537841796875,32.85074978170654],[130.07537841796875,32.84959609102515]]],[[[130.13992309570312,32.84959609102515],[130.14816284179688,32.84959609102515],[130.14816284179688,32.85074978170654],[130.13992309570312,32.85074978170654],[130.13992309570312,32.84959609102515]]],[[[130.19073486328125,32.84959609102515],[130.1934814453125,32.84959609102515],[130.1934814453125,32.85074978170654],[130.19073486328125,32.85074978170654],[130.19073486328125,32.84959609102515]]],[[[130.19485473632812,32.84959609102515],[130.19760131835938,32.84959609102515],[130.19760131835938,32.85074978170654],[130.19485473632812,32.85074978170654],[130.19485473632812,32.84959609102515]]],[[[130.34042358398438,32.84959609102515],[130.34317016601562,32.84959609102515],[130.34317016601562,32.85190345738802],[130.34042358398438,32.85190345738802],[130.34042358398438,32.84959609102515]]],[[[130.52581787109375,32.84959609102515],[130.58486938476562,32.84959609102515],[130.58486938476562,32.85074978170654],[130.52581787109375,32.85074978170654],[130.52581787109375,32.84959609102515]]],[[[129.82681274414062,32.84844238534414],[129.83642578125,32.84844238534414],[129.83642578125,32.84959609102515],[129.82681274414062,32.84959609102515],[129.82681274414062,32.84844238534414]]],[[[129.85015869140625,32.84844238534414],[129.85153198242188,32.84844238534414],[129.85153198242188,32.85074978170654],[129.85015869140625,32.85074978170654],[129.85015869140625,32.84844238534414]]],[[[129.85565185546875,32.84844238534414],[129.85702514648438,32.84844238534414],[129.85702514648438,32.84959609102515],[129.85565185546875,32.84959609102515],[129.85565185546875,32.84844238534414]]],[[[129.95590209960938,32.84844238534414],[129.957275390625,32.84844238534414],[129.957275390625,32.84959609102515],[129.95590209960938,32.84959609102515],[129.95590209960938,32.84844238534414]]],[[[129.96688842773438,32.84844238534414],[129.96826171875,32.84844238534414],[129.96826171875,32.84959609102515],[129.96688842773438,32.84959609102515],[129.96688842773438,32.84844238534414]]],[[[129.97512817382812,32.84844238534414],[129.97650146484375,32.84844238534414],[129.97650146484375,32.84959609102515],[129.97512817382812,32.84959609102515],[129.97512817382812,32.84844238534414]]],[[[130.07537841796875,32.84844238534414],[130.11932373046875,32.84844238534414],[130.11932373046875,32.84959609102515],[130.07537841796875,32.84959609102515],[130.07537841796875,32.84844238534414]]],[[[130.1385498046875,32.84844238534414],[130.1495361328125,32.84844238534414],[130.1495361328125,32.84959609102515],[130.1385498046875,32.84959609102515],[130.1385498046875,32.84844238534414]]],[[[130.15365600585938,32.84844238534414],[130.155029296875,32.84844238534414],[130.155029296875,32.84959609102515],[130.15365600585938,32.84959609102515],[130.15365600585938,32.84844238534414]]],[[[130.19210815429688,32.84844238534414],[130.19622802734375,32.84844238534414],[130.19622802734375,32.84959609102515],[130.19210815429688,32.84959609102515],[130.19210815429688,32.84844238534414]]],[[[130.5340576171875,32.84844238534414],[130.58486938476562,32.84844238534414],[130.58486938476562,32.84959609102515],[130.5340576171875,32.84959609102515],[130.5340576171875,32.84844238534414]]],[[[129.82955932617188,32.847288664663786],[129.83230590820312,32.847288664663786],[129.83230590820312,32.84844238534414],[129.82955932617188,32.84844238534414],[129.82955932617188,32.847288664663786]]],[[[129.83367919921875,32.847288664663786],[129.83779907226562,32.847288664663786],[129.83779907226562,32.84844238534414],[129.83367919921875,32.84844238534414],[129.83367919921875,32.847288664663786]]],[[[129.84878540039062,32.847288664663786],[129.85153198242188,32.847288664663786],[129.85153198242188,32.84844238534414],[129.84878540039062,32.84844238534414],[129.84878540039062,32.847288664663786]]],[[[129.85702514648438,32.847288664663786],[129.8583984375,32.847288664663786],[129.8583984375,32.84844238534414],[129.85702514648438,32.84844238534414],[129.85702514648438,32.847288664663786]]],[[[129.86114501953125,32.847288664663786],[129.8638916015625,32.847288664663786],[129.8638916015625,32.84844238534414],[129.86114501953125,32.84844238534414],[129.86114501953125,32.847288664663786]]],[[[129.95452880859375,32.847288664663786],[129.957275390625,32.847288664663786],[129.957275390625,32.84844238534414],[129.95452880859375,32.84844238534414],[129.95452880859375,32.847288664663786]]],[[[129.96139526367188,32.847288664663786],[129.9627685546875,32.847288664663786],[129.9627685546875,32.84844238534414],[129.96139526367188,32.84844238534414],[129.96139526367188,32.847288664663786]]],[[[129.99710083007812,32.847288664663786],[129.99847412109375,32.847288664663786],[129.99847412109375,32.84844238534414],[129.99710083007812,32.84844238534414],[129.99710083007812,32.847288664663786]]],[[[130.07675170898438,32.847288664663786],[130.12069702148438,32.847288664663786],[130.12069702148438,32.84844238534414],[130.07675170898438,32.84844238534414],[130.07675170898438,32.847288664663786]]],[[[130.13580322265625,32.847288664663786],[130.14404296875,32.847288664663786],[130.14404296875,32.84844238534414],[130.13580322265625,32.84844238534414],[130.13580322265625,32.847288664663786]]],[[[130.14541625976562,32.847288664663786],[130.15090942382812,32.847288664663786],[130.15090942382812,32.84844238534414],[130.14541625976562,32.84844238534414],[130.14541625976562,32.847288664663786]]],[[[130.19073486328125,32.847288664663786],[130.19622802734375,32.847288664663786],[130.19622802734375,32.84844238534414],[130.19073486328125,32.84844238534414],[130.19073486328125,32.847288664663786]]],[[[130.341796875,32.847288664663786],[130.34454345703125,32.847288664663786],[130.34454345703125,32.84959609102515],[130.341796875,32.84959609102515],[130.341796875,32.847288664663786]]],[[[130.53817749023438,32.847288664663786],[130.58349609375,32.847288664663786],[130.58349609375,32.84844238534414],[130.53817749023438,32.84844238534414],[130.53817749023438,32.847288664663786]]],[[[129.83505249023438,32.846134928984355],[129.83917236328125,32.846134928984355],[129.83917236328125,32.847288664663786],[129.83505249023438,32.847288664663786],[129.83505249023438,32.846134928984355]]],[[[129.84878540039062,32.846134928984355],[129.8529052734375,32.846134928984355],[129.8529052734375,32.847288664663786],[129.84878540039062,32.847288664663786],[129.84878540039062,32.846134928984355]]],[[[129.86114501953125,32.846134928984355],[129.86526489257812,32.846134928984355],[129.86526489257812,32.847288664663786],[129.86114501953125,32.847288664663786],[129.86114501953125,32.846134928984355]]],[[[129.95590209960938,32.846134928984355],[129.96002197265625,32.846134928984355],[129.96002197265625,32.847288664663786],[129.95590209960938,32.847288664663786],[129.95590209960938,32.846134928984355]]],[[[129.96551513671875,32.846134928984355],[129.96688842773438,32.846134928984355],[129.96688842773438,32.847288664663786],[129.96551513671875,32.847288664663786],[129.96551513671875,32.846134928984355]]],[[[129.99984741210938,32.846134928984355],[130.00534057617188,32.846134928984355],[130.00534057617188,32.847288664663786],[129.99984741210938,32.847288664663786],[129.99984741210938,32.846134928984355]]],[[[130.07675170898438,32.846134928984355],[130.1220703125,32.846134928984355],[130.1220703125,32.847288664663786],[130.07675170898438,32.847288664663786],[130.07675170898438,32.846134928984355]]],[[[130.13442993164062,32.846134928984355],[130.14266967773438,32.846134928984355],[130.14266967773438,32.847288664663786],[130.13442993164062,32.847288664663786],[130.13442993164062,32.846134928984355]]],[[[130.1495361328125,32.846134928984355],[130.15365600585938,32.846134928984355],[130.15365600585938,32.847288664663786],[130.1495361328125,32.847288664663786],[130.1495361328125,32.846134928984355]]],[[[130.19073486328125,32.846134928984355],[130.19485473632812,32.846134928984355],[130.19485473632812,32.847288664663786],[130.19073486328125,32.847288664663786],[130.19073486328125,32.846134928984355]]],[[[130.34317016601562,32.846134928984355],[130.34454345703125,32.846134928984355],[130.34454345703125,32.847288664663786],[130.34317016601562,32.847288664663786],[130.34317016601562,32.846134928984355]]],[[[130.54367065429688,32.846134928984355],[130.58212280273438,32.846134928984355],[130.58212280273438,32.847288664663786],[130.54367065429688,32.847288664663786],[130.54367065429688,32.846134928984355]]],[[[129.83642578125,32.84498117830611],[129.8419189453125,32.84498117830611],[129.8419189453125,32.846134928984355],[129.83642578125,32.846134928984355],[129.83642578125,32.84498117830611]]],[[[129.8638916015625,32.84498117830611],[129.86526489257812,32.84498117830611],[129.86526489257812,32.846134928984355],[129.8638916015625,32.846134928984355],[129.8638916015625,32.84498117830611]]],[[[129.86663818359375,32.84498117830611],[129.869384765625,32.84498117830611],[129.869384765625,32.85074978170654],[129.86663818359375,32.85074978170654],[129.86663818359375,32.84498117830611]]],[[[130.001220703125,32.84498117830611],[130.00534057617188,32.84498117830611],[130.00534057617188,32.846134928984355],[130.001220703125,32.846134928984355],[130.001220703125,32.84498117830611]]],[[[130.078125,32.84498117830611],[130.12344360351562,32.84498117830611],[130.12344360351562,32.846134928984355],[130.078125,32.846134928984355],[130.078125,32.84498117830611]]],[[[130.133056640625,32.84498117830611],[130.14266967773438,32.84498117830611],[130.14266967773438,32.846134928984355],[130.133056640625,32.846134928984355],[130.133056640625,32.84498117830611]]],[[[130.15365600585938,32.84498117830611],[130.15640258789062,32.84498117830611],[130.15640258789062,32.846134928984355],[130.15365600585938,32.846134928984355],[130.15365600585938,32.84498117830611]]],[[[130.19210815429688,32.84498117830611],[130.19485473632812,32.84498117830611],[130.19485473632812,32.846134928984355],[130.19210815429688,32.846134928984355],[130.19210815429688,32.84498117830611]]],[[[130.54779052734375,32.84498117830611],[130.58074951171875,32.84498117830611],[130.58074951171875,32.846134928984355],[130.54779052734375,32.846134928984355],[130.54779052734375,32.84498117830611]]],[[[129.83917236328125,32.84382741262934],[129.8419189453125,32.84382741262934],[129.8419189453125,32.84498117830611],[129.83917236328125,32.84498117830611],[129.83917236328125,32.84382741262934]]],[[[129.8529052734375,32.84382741262934],[129.85427856445312,32.84382741262934],[129.85427856445312,32.846134928984355],[129.8529052734375,32.846134928984355],[129.8529052734375,32.84382741262934]]],[[[129.86526489257812,32.84382741262934],[129.869384765625,32.84382741262934],[129.869384765625,32.84498117830611],[129.86526489257812,32.84498117830611],[129.86526489257812,32.84382741262934]]],[[[130.00259399414062,32.84382741262934],[130.00534057617188,32.84382741262934],[130.00534057617188,32.84498117830611],[130.00259399414062,32.84498117830611],[130.00259399414062,32.84382741262934]]],[[[130.07949829101562,32.84382741262934],[130.12344360351562,32.84382741262934],[130.12344360351562,32.84498117830611],[130.07949829101562,32.84498117830611],[130.07949829101562,32.84382741262934]]],[[[130.13031005859375,32.84382741262934],[130.14266967773438,32.84382741262934],[130.14266967773438,32.84498117830611],[130.13031005859375,32.84498117830611],[130.13031005859375,32.84382741262934]]],[[[130.155029296875,32.84382741262934],[130.15640258789062,32.84382741262934],[130.15640258789062,32.84498117830611],[130.155029296875,32.84498117830611],[130.155029296875,32.84382741262934]]],[[[130.18661499023438,32.84382741262934],[130.18936157226562,32.84382741262934],[130.18936157226562,32.84498117830611],[130.18661499023438,32.84498117830611],[130.18661499023438,32.84382741262934]]],[[[130.19073486328125,32.84382741262934],[130.1934814453125,32.84382741262934],[130.1934814453125,32.84498117830611],[130.19073486328125,32.84498117830611],[130.19073486328125,32.84382741262934]]],[[[130.55191040039062,32.84382741262934],[130.58074951171875,32.84382741262934],[130.58074951171875,32.84498117830611],[130.55191040039062,32.84498117830611],[130.55191040039062,32.84382741262934]]],[[[129.83917236328125,32.84267363195431],[129.84466552734375,32.84267363195431],[129.84466552734375,32.84382741262934],[129.83917236328125,32.84382741262934],[129.83917236328125,32.84267363195431]]],[[[129.85153198242188,32.84267363195431],[129.8529052734375,32.84267363195431],[129.8529052734375,32.84382741262934],[129.85153198242188,32.84382741262934],[129.85153198242188,32.84267363195431]]],[[[129.86663818359375,32.84267363195431],[129.869384765625,32.84267363195431],[129.869384765625,32.84382741262934],[129.86663818359375,32.84382741262934],[129.86663818359375,32.84267363195431]]],[[[130.00259399414062,32.84267363195431],[130.00396728515625,32.84267363195431],[130.00396728515625,32.84382741262934],[130.00259399414062,32.84382741262934],[130.00259399414062,32.84267363195431]]],[[[130.078125,32.84267363195431],[130.09872436523438,32.84267363195431],[130.09872436523438,32.84382741262934],[130.078125,32.84382741262934],[130.078125,32.84267363195431]]],[[[130.10009765625,32.84267363195431],[130.12481689453125,32.84267363195431],[130.12481689453125,32.84382741262934],[130.10009765625,32.84382741262934],[130.10009765625,32.84267363195431]]],[[[130.12893676757812,32.84267363195431],[130.14404296875,32.84267363195431],[130.14404296875,32.84382741262934],[130.12893676757812,32.84382741262934],[130.12893676757812,32.84267363195431]]],[[[130.16464233398438,32.84267363195431],[130.1824951171875,32.84267363195431],[130.1824951171875,32.84382741262934],[130.16464233398438,32.84382741262934],[130.16464233398438,32.84267363195431]]],[[[130.18661499023438,32.84267363195431],[130.19210815429688,32.84267363195431],[130.19210815429688,32.84382741262934],[130.18661499023438,32.84382741262934],[130.18661499023438,32.84267363195431]]],[[[130.34454345703125,32.84267363195431],[130.34591674804688,32.84267363195431],[130.34591674804688,32.846134928984355],[130.34454345703125,32.846134928984355],[130.34454345703125,32.84267363195431]]],[[[130.55740356445312,32.84267363195431],[130.58212280273438,32.84267363195431],[130.58212280273438,32.84382741262934],[130.55740356445312,32.84382741262934],[130.55740356445312,32.84267363195431]]]]}}]}
